age,avg_trip_duration
86.0,163.5
94.0,282.0
83.0,295.625
96.0,298.5
104.0,315.52127659574467
88.0,336.25
25.0,351.78556658395365
82.0,363.0
24.0,381.79213483146066
26.0,421.75799573560766
