age,avg_trip_duration
91.0,774.0
87.0,730.0
124.0,689.0
81.0,660.6029411764706
22.0,651.7428571428571
126.0,597.7906976744187
95.0,561.2
76.0,551.9635854341736
77.0,547.8658146964856
23.0,546.2445652173913
