"Geographic Area Name (NAME)","Vintage Month Description (MONTH_DESC)","Vintage Year (YEAR)","Age Group (AGE_DESC)","Universe Description (UNIVERSE_DESC)","Sex (SEX_DESC)","Population Estimate (POP)"
"Alabama","July","2023","Age under 5","Resident Population","Male","149,353"
"Alabama","July","2023","Age under 5","Resident Population","Female","143,752"
"Alabama","July","2023","Age 5-9","Resident Population","Male","159,171"
"Alabama","July","2023","Age 5-9","Resident Population","Female","153,423"
"Alabama","July","2023","Age 5-13","Resident Population","Male","288,386"
"Alabama","July","2023","Age 5-13","Resident Population","Female","277,194"
"Alabama","July","2023","Age 10-14","Resident Population","Male","163,450"
"Alabama","July","2023","Age 10-14","Resident Population","Female","156,384"
"Alabama","July","2023","Age 14-17","Resident Population","Male","138,959"
"Alabama","July","2023","Age 14-17","Resident Population","Female","133,196"
"Alabama","July","2023","Age 15-19","Resident Population","Male","174,855"
"Alabama","July","2023","Age 15-19","Resident Population","Female","170,024"
"Alabama","July","2023","Age 15-44","Resident Population","Male","978,479"
"Alabama","July","2023","Age 15-44","Resident Population","Female","999,115"
"Alabama","July","2023","Age 16 and older","Resident Population","Male","1,971,833"
"Alabama","July","2023","Age 16 and older","Resident Population","Female","2,141,623"
"Alabama","July","2023","Age 18-24","Resident Population","Male","240,852"
"Alabama","July","2023","Age 18-24","Resident Population","Female","239,443"
"Alabama","July","2023","Age 18 and older","Resident Population","Male","1,902,555"
"Alabama","July","2023","Age 18 and older","Resident Population","Female","2,075,073"
"Alabama","July","2023","Age 20-24","Resident Population","Male","170,721"
"Alabama","July","2023","Age 20-24","Resident Population","Female","170,002"
"Alabama","July","2023","Age 25-29","Resident Population","Male","159,030"
"Alabama","July","2023","Age 25-29","Resident Population","Female","160,710"
"Alabama","July","2023","Age 25-44","Resident Population","Male","632,903"
"Alabama","July","2023","Age 25-44","Resident Population","Female","659,089"
"Alabama","July","2023","Age 30-34","Resident Population","Male","167,471"
"Alabama","July","2023","Age 30-34","Resident Population","Female","173,584"
"Alabama","July","2023","Age 35-39","Resident Population","Male","153,192"
"Alabama","July","2023","Age 35-39","Resident Population","Female","162,404"
"Alabama","July","2023","Age 40-44","Resident Population","Male","153,210"
"Alabama","July","2023","Age 40-44","Resident Population","Female","162,391"
"Alabama","July","2023","Age 45-49","Resident Population","Male","143,825"
"Alabama","July","2023","Age 45-49","Resident Population","Female","153,501"
"Alabama","July","2023","Age 45-64","Resident Population","Male","616,664"
"Alabama","July","2023","Age 45-64","Resident Population","Female","656,365"
"Alabama","July","2023","Age 50-54","Resident Population","Male","157,192"
"Alabama","July","2023","Age 50-54","Resident Population","Female","164,445"
"Alabama","July","2023","Age 55-59","Resident Population","Male","155,330"
"Alabama","July","2023","Age 55-59","Resident Population","Female","164,347"
"Alabama","July","2023","Age 60-64","Resident Population","Male","160,317"
"Alabama","July","2023","Age 60-64","Resident Population","Female","174,072"
"Alabama","July","2023","Age 65-69","Resident Population","Male","142,292"
"Alabama","July","2023","Age 65-69","Resident Population","Female","162,198"
"Alabama","July","2023","Age 65 and older","Resident Population","Male","412,136"
"Alabama","July","2023","Age 65 and older","Resident Population","Female","520,176"
"Alabama","July","2023","Age 70-74","Resident Population","Male","112,101"
"Alabama","July","2023","Age 70-74","Resident Population","Female","134,332"
"Alabama","July","2023","Age 75-79","Resident Population","Male","80,364"
"Alabama","July","2023","Age 75-79","Resident Population","Female","101,141"
"Alabama","July","2023","Age 80-84","Resident Population","Male","45,438"
"Alabama","July","2023","Age 80-84","Resident Population","Female","64,027"
"Alabama","July","2023","85 years and over","Resident Population","Male","31,941"
"Alabama","July","2023","85 years and over","Resident Population","Female","58,478"
"Alaska","July","2023","Age under 5","Resident Population","Male","23,504"
"Alaska","July","2023","Age under 5","Resident Population","Female","22,353"
"Alaska","July","2023","Age 5-9","Resident Population","Male","25,382"
"Alaska","July","2023","Age 5-9","Resident Population","Female","24,400"
"Alaska","July","2023","Age 5-13","Resident Population","Male","46,007"
"Alaska","July","2023","Age 5-13","Resident Population","Female","44,136"
"Alaska","July","2023","Age 10-14","Resident Population","Male","25,906"
"Alaska","July","2023","Age 10-14","Resident Population","Female","24,483"
"Alaska","July","2023","Age 14-17","Resident Population","Male","20,755"
"Alaska","July","2023","Age 14-17","Resident Population","Female","18,752"
"Alaska","July","2023","Age 15-19","Resident Population","Male","24,462"
"Alaska","July","2023","Age 15-19","Resident Population","Female","21,412"
"Alaska","July","2023","Age 15-44","Resident Population","Male","169,457"
"Alaska","July","2023","Age 15-44","Resident Population","Female","144,574"
"Alaska","July","2023","Age 16 and older","Resident Population","Male","305,198"
"Alaska","July","2023","Age 16 and older","Resident Population","Female","272,080"
"Alaska","July","2023","Age 18-24","Resident Population","Male","37,625"
"Alaska","July","2023","Age 18-24","Resident Population","Female","28,606"
"Alaska","July","2023","Age 18 and older","Resident Population","Male","295,079"
"Alaska","July","2023","Age 18 and older","Resident Population","Female","262,820"
"Alaska","July","2023","Age 20-24","Resident Population","Male","28,637"
"Alaska","July","2023","Age 20-24","Resident Population","Female","21,199"
"Alaska","July","2023","Age 25-29","Resident Population","Male","29,227"
"Alaska","July","2023","Age 25-29","Resident Population","Female","24,068"
"Alaska","July","2023","Age 25-44","Resident Population","Male","116,358"
"Alaska","July","2023","Age 25-44","Resident Population","Female","101,963"
"Alaska","July","2023","Age 30-34","Resident Population","Male","31,100"
"Alaska","July","2023","Age 30-34","Resident Population","Female","27,962"
"Alaska","July","2023","Age 35-39","Resident Population","Male","29,529"
"Alaska","July","2023","Age 35-39","Resident Population","Female","26,495"
"Alaska","July","2023","Age 40-44","Resident Population","Male","26,502"
"Alaska","July","2023","Age 40-44","Resident Population","Female","23,438"
"Alaska","July","2023","Age 45-49","Resident Population","Male","21,978"
"Alaska","July","2023","Age 45-49","Resident Population","Female","19,169"
"Alaska","July","2023","Age 45-64","Resident Population","Male","88,704"
"Alaska","July","2023","Age 45-64","Resident Population","Female","79,332"
"Alaska","July","2023","Age 50-54","Resident Population","Male","22,149"
"Alaska","July","2023","Age 50-54","Resident Population","Female","19,576"
"Alaska","July","2023","Age 55-59","Resident Population","Male","21,664"
"Alaska","July","2023","Age 55-59","Resident Population","Female","19,483"
"Alaska","July","2023","Age 60-64","Resident Population","Male","22,913"
"Alaska","July","2023","Age 60-64","Resident Population","Female","21,104"
"Alaska","July","2023","Age 65-69","Resident Population","Male","19,997"
"Alaska","July","2023","Age 65-69","Resident Population","Female","19,154"
"Alaska","July","2023","Age 65 and older","Resident Population","Male","52,392"
"Alaska","July","2023","Age 65 and older","Resident Population","Female","52,919"
"Alaska","July","2023","Age 70-74","Resident Population","Male","15,383"
"Alaska","July","2023","Age 70-74","Resident Population","Female","14,760"
"Alaska","July","2023","Age 75-79","Resident Population","Male","9,491"
"Alaska","July","2023","Age 75-79","Resident Population","Female","9,444"
"Alaska","July","2023","Age 80-84","Resident Population","Male","4,784"
"Alaska","July","2023","Age 80-84","Resident Population","Female","5,259"
"Alaska","July","2023","85 years and over","Resident Population","Male","2,737"
"Alaska","July","2023","85 years and over","Resident Population","Female","4,302"
"Arizona","July","2023","Age under 5","Resident Population","Male","201,052"
"Arizona","July","2023","Age under 5","Resident Population","Female","192,479"
"Arizona","July","2023","Age 5-9","Resident Population","Male","222,723"
"Arizona","July","2023","Age 5-9","Resident Population","Female","213,276"
"Arizona","July","2023","Age 5-13","Resident Population","Male","406,790"
"Arizona","July","2023","Age 5-13","Resident Population","Female","390,041"
"Arizona","July","2023","Age 10-14","Resident Population","Male","232,741"
"Arizona","July","2023","Age 10-14","Resident Population","Female","223,348"
"Arizona","July","2023","Age 14-17","Resident Population","Male","201,062"
"Arizona","July","2023","Age 14-17","Resident Population","Female","191,610"
"Arizona","July","2023","Age 15-19","Resident Population","Male","255,240"
"Arizona","July","2023","Age 15-19","Resident Population","Female","241,446"
"Arizona","July","2023","Age 15-44","Resident Population","Male","1,530,605"
"Arizona","July","2023","Age 15-44","Resident Population","Female","1,442,115"
"Arizona","July","2023","Age 16 and older","Resident Population","Male","3,000,319"
"Arizona","July","2023","Age 16 and older","Resident Population","Female","3,046,130"
"Arizona","July","2023","Age 18-24","Resident Population","Male","363,203"
"Arizona","July","2023","Age 18-24","Resident Population","Female","341,196"
"Arizona","July","2023","Age 18 and older","Resident Population","Male","2,898,825"
"Arizona","July","2023","Age 18 and older","Resident Population","Female","2,949,485"
"Arizona","July","2023","Age 20-24","Resident Population","Male","260,351"
"Arizona","July","2023","Age 20-24","Resident Population","Female","244,777"
"Arizona","July","2023","Age 25-29","Resident Population","Male","262,910"
"Arizona","July","2023","Age 25-29","Resident Population","Female","245,200"
"Arizona","July","2023","Age 25-44","Resident Population","Male","1,015,014"
"Arizona","July","2023","Age 25-44","Resident Population","Female","955,892"
"Arizona","July","2023","Age 30-34","Resident Population","Male","267,887"
"Arizona","July","2023","Age 30-34","Resident Population","Female","251,032"
"Arizona","July","2023","Age 35-39","Resident Population","Male","247,289"
"Arizona","July","2023","Age 35-39","Resident Population","Female","231,656"
"Arizona","July","2023","Age 40-44","Resident Population","Male","236,928"
"Arizona","July","2023","Age 40-44","Resident Population","Female","228,004"
"Arizona","July","2023","Age 45-49","Resident Population","Male","212,106"
"Arizona","July","2023","Age 45-49","Resident Population","Female","210,611"
"Arizona","July","2023","Age 45-64","Resident Population","Male","857,737"
"Arizona","July","2023","Age 45-64","Resident Population","Female","880,749"
"Arizona","July","2023","Age 50-54","Resident Population","Male","217,371"
"Arizona","July","2023","Age 50-54","Resident Population","Female","218,820"
"Arizona","July","2023","Age 55-59","Resident Population","Male","209,587"
"Arizona","July","2023","Age 55-59","Resident Population","Female","217,192"
"Arizona","July","2023","Age 60-64","Resident Population","Male","218,673"
"Arizona","July","2023","Age 60-64","Resident Population","Female","234,126"
"Arizona","July","2023","Age 65-69","Resident Population","Male","202,320"
"Arizona","July","2023","Age 65-69","Resident Population","Female","227,553"
"Arizona","July","2023","Age 65 and older","Resident Population","Male","662,871"
"Arizona","July","2023","Age 65 and older","Resident Population","Female","771,648"
"Arizona","July","2023","Age 70-74","Resident Population","Male","173,713"
"Arizona","July","2023","Age 70-74","Resident Population","Female","201,350"
"Arizona","July","2023","Age 75-79","Resident Population","Male","138,340"
"Arizona","July","2023","Age 75-79","Resident Population","Female","158,362"
"Arizona","July","2023","Age 80-84","Resident Population","Male","84,358"
"Arizona","July","2023","Age 80-84","Resident Population","Female","99,398"
"Arizona","July","2023","85 years and over","Resident Population","Male","64,140"
"Arizona","July","2023","85 years and over","Resident Population","Female","84,985"
"Arkansas","July","2023","Age under 5","Resident Population","Male","92,496"
"Arkansas","July","2023","Age under 5","Resident Population","Female","88,338"
"Arkansas","July","2023","Age 5-9","Resident Population","Male","100,321"
"Arkansas","July","2023","Age 5-9","Resident Population","Female","95,421"
"Arkansas","July","2023","Age 5-13","Resident Population","Male","181,715"
"Arkansas","July","2023","Age 5-13","Resident Population","Female","172,286"
"Arkansas","July","2023","Age 10-14","Resident Population","Male","102,565"
"Arkansas","July","2023","Age 10-14","Resident Population","Female","97,218"
"Arkansas","July","2023","Age 14-17","Resident Population","Male","87,349"
"Arkansas","July","2023","Age 14-17","Resident Population","Female","83,424"
"Arkansas","July","2023","Age 15-19","Resident Population","Male","107,364"
"Arkansas","July","2023","Age 15-19","Resident Population","Female","102,294"
"Arkansas","July","2023","Age 15-44","Resident Population","Male","607,008"
"Arkansas","July","2023","Age 15-44","Resident Population","Female","595,644"
"Arkansas","July","2023","Age 16 and older","Resident Population","Male","1,196,191"
"Arkansas","July","2023","Age 16 and older","Resident Population","Female","1,251,764"
"Arkansas","July","2023","Age 18-24","Resident Population","Male","146,153"
"Arkansas","July","2023","Age 18-24","Resident Population","Female","139,318"
"Arkansas","July","2023","Age 18 and older","Resident Population","Male","1,152,277"
"Arkansas","July","2023","Age 18 and older","Resident Population","Female","1,209,847"
"Arkansas","July","2023","Age 20-24","Resident Population","Male","104,967"
"Arkansas","July","2023","Age 20-24","Resident Population","Female","100,095"
"Arkansas","July","2023","Age 25-29","Resident Population","Male","98,688"
"Arkansas","July","2023","Age 25-29","Resident Population","Female","96,706"
"Arkansas","July","2023","Age 25-44","Resident Population","Male","394,677"
"Arkansas","July","2023","Age 25-44","Resident Population","Female","393,255"
"Arkansas","July","2023","Age 30-34","Resident Population","Male","102,290"
"Arkansas","July","2023","Age 30-34","Resident Population","Female","102,682"
"Arkansas","July","2023","Age 35-39","Resident Population","Male","96,433"
"Arkansas","July","2023","Age 35-39","Resident Population","Female","96,999"
"Arkansas","July","2023","Age 40-44","Resident Population","Male","97,266"
"Arkansas","July","2023","Age 40-44","Resident Population","Female","96,868"
"Arkansas","July","2023","Age 45-49","Resident Population","Male","88,622"
"Arkansas","July","2023","Age 45-49","Resident Population","Female","89,390"
"Arkansas","July","2023","Age 45-64","Resident Population","Male","363,353"
"Arkansas","July","2023","Age 45-64","Resident Population","Female","374,074"
"Arkansas","July","2023","Age 50-54","Resident Population","Male","91,139"
"Arkansas","July","2023","Age 50-54","Resident Population","Female","92,685"
"Arkansas","July","2023","Age 55-59","Resident Population","Male","89,680"
"Arkansas","July","2023","Age 55-59","Resident Population","Female","92,584"
"Arkansas","July","2023","Age 60-64","Resident Population","Male","93,912"
"Arkansas","July","2023","Age 60-64","Resident Population","Female","99,415"
"Arkansas","July","2023","Age 65-69","Resident Population","Male","82,927"
"Arkansas","July","2023","Age 65-69","Resident Population","Female","92,757"
"Arkansas","July","2023","Age 65 and older","Resident Population","Male","248,094"
"Arkansas","July","2023","Age 65 and older","Resident Population","Female","303,200"
"Arkansas","July","2023","Age 70-74","Resident Population","Male","66,718"
"Arkansas","July","2023","Age 70-74","Resident Population","Female","77,737"
"Arkansas","July","2023","Age 75-79","Resident Population","Male","48,875"
"Arkansas","July","2023","Age 75-79","Resident Population","Female","59,115"
"Arkansas","July","2023","Age 80-84","Resident Population","Male","28,687"
"Arkansas","July","2023","Age 80-84","Resident Population","Female","38,198"
"Arkansas","July","2023","85 years and over","Resident Population","Male","20,887"
"Arkansas","July","2023","85 years and over","Resident Population","Female","35,393"
"California","July","2023","Age under 5","Resident Population","Male","1,071,052"
"California","July","2023","Age under 5","Resident Population","Female","1,026,738"
"California","July","2023","Age 5-9","Resident Population","Male","1,194,377"
"California","July","2023","Age 5-9","Resident Population","Female","1,139,752"
"California","July","2023","Age 5-13","Resident Population","Male","2,189,748"
"California","July","2023","Age 5-13","Resident Population","Female","2,086,864"
"California","July","2023","Age 10-14","Resident Population","Male","1,252,666"
"California","July","2023","Age 10-14","Resident Population","Female","1,192,145"
"California","July","2023","Age 14-17","Resident Population","Male","1,061,844"
"California","July","2023","Age 14-17","Resident Population","Female","1,009,423"
"California","July","2023","Age 15-19","Resident Population","Male","1,334,497"
"California","July","2023","Age 15-19","Resident Population","Female","1,273,942"
"California","July","2023","Age 15-44","Resident Population","Male","8,320,875"
"California","July","2023","Age 15-44","Resident Population","Female","7,931,979"
"California","July","2023","Age 16 and older","Resident Population","Male","15,657,525"
"California","July","2023","Age 16 and older","Resident Population","Female","15,905,322"
"California","July","2023","Age 18-24","Resident Population","Male","1,824,037"
"California","July","2023","Age 18-24","Resident Population","Female","1,738,361"
"California","July","2023","Age 18 and older","Resident Population","Male","15,123,009"
"California","July","2023","Age 18 and older","Resident Population","Female","15,396,515"
"California","July","2023","Age 20-24","Resident Population","Male","1,294,089"
"California","July","2023","Age 20-24","Resident Population","Female","1,228,809"
"California","July","2023","Age 25-29","Resident Population","Male","1,373,878"
"California","July","2023","Age 25-29","Resident Population","Female","1,319,362"
"California","July","2023","Age 25-44","Resident Population","Male","5,692,289"
"California","July","2023","Age 25-44","Resident Population","Female","5,429,228"
"California","July","2023","Age 30-34","Resident Population","Male","1,525,991"
"California","July","2023","Age 30-34","Resident Population","Female","1,452,526"
"California","July","2023","Age 35-39","Resident Population","Male","1,442,186"
"California","July","2023","Age 35-39","Resident Population","Female","1,358,753"
"California","July","2023","Age 40-44","Resident Population","Male","1,350,234"
"California","July","2023","Age 40-44","Resident Population","Female","1,298,587"
"California","July","2023","Age 45-49","Resident Population","Male","1,206,840"
"California","July","2023","Age 45-49","Resident Population","Female","1,192,995"
"California","July","2023","Age 45-64","Resident Population","Male","4,752,670"
"California","July","2023","Age 45-64","Resident Population","Female","4,771,006"
"California","July","2023","Age 50-54","Resident Population","Male","1,227,768"
"California","July","2023","Age 50-54","Resident Population","Female","1,219,745"
"California","July","2023","Age 55-59","Resident Population","Male","1,178,681"
"California","July","2023","Age 55-59","Resident Population","Female","1,179,519"
"California","July","2023","Age 60-64","Resident Population","Male","1,139,381"
"California","July","2023","Age 60-64","Resident Population","Female","1,178,747"
"California","July","2023","Age 65-69","Resident Population","Male","971,136"
"California","July","2023","Age 65-69","Resident Population","Female","1,057,939"
"California","July","2023","Age 65 and older","Resident Population","Male","2,854,013"
"California","July","2023","Age 65 and older","Resident Population","Female","3,457,920"
"California","July","2023","Age 70-74","Resident Population","Male","754,598"
"California","July","2023","Age 70-74","Resident Population","Female","877,302"
"California","July","2023","Age 75-79","Resident Population","Male","542,364"
"California","July","2023","Age 75-79","Resident Population","Female","660,322"
"California","July","2023","Age 80-84","Resident Population","Male","319,688"
"California","July","2023","Age 80-84","Resident Population","Female","424,349"
"California","July","2023","85 years and over","Resident Population","Male","266,227"
"California","July","2023","85 years and over","Resident Population","Female","438,008"
"Colorado","July","2023","Age under 5","Resident Population","Male","158,212"
"Colorado","July","2023","Age under 5","Resident Population","Female","150,747"
"Colorado","July","2023","Age 5-9","Resident Population","Male","169,512"
"Colorado","July","2023","Age 5-9","Resident Population","Female","162,900"
"Colorado","July","2023","Age 5-13","Resident Population","Male","311,154"
"Colorado","July","2023","Age 5-13","Resident Population","Female","297,478"
"Colorado","July","2023","Age 10-14","Resident Population","Male","178,789"
"Colorado","July","2023","Age 10-14","Resident Population","Female","169,798"
"Colorado","July","2023","Age 14-17","Resident Population","Male","152,453"
"Colorado","July","2023","Age 14-17","Resident Population","Female","144,640"
"Colorado","July","2023","Age 15-19","Resident Population","Male","195,521"
"Colorado","July","2023","Age 15-19","Resident Population","Female","183,130"
"Colorado","July","2023","Age 15-44","Resident Population","Male","1,329,699"
"Colorado","July","2023","Age 15-44","Resident Population","Female","1,224,046"
"Colorado","July","2023","Age 16 and older","Resident Population","Male","2,430,982"
"Colorado","July","2023","Age 16 and older","Resident Population","Female","2,381,354"
"Colorado","July","2023","Age 18-24","Resident Population","Male","281,700"
"Colorado","July","2023","Age 18-24","Resident Population","Female","258,830"
"Colorado","July","2023","Age 18 and older","Resident Population","Male","2,354,388"
"Colorado","July","2023","Age 18 and older","Resident Population","Female","2,308,538"
"Colorado","July","2023","Age 20-24","Resident Population","Male","201,485"
"Colorado","July","2023","Age 20-24","Resident Population","Female","185,120"
"Colorado","July","2023","Age 25-29","Resident Population","Male","231,784"
"Colorado","July","2023","Age 25-29","Resident Population","Female","213,491"
"Colorado","July","2023","Age 25-44","Resident Population","Male","932,693"
"Colorado","July","2023","Age 25-44","Resident Population","Female","855,796"
"Colorado","July","2023","Age 30-34","Resident Population","Male","250,191"
"Colorado","July","2023","Age 30-34","Resident Population","Female","228,637"
"Colorado","July","2023","Age 35-39","Resident Population","Male","235,142"
"Colorado","July","2023","Age 35-39","Resident Population","Female","213,490"
"Colorado","July","2023","Age 40-44","Resident Population","Male","215,576"
"Colorado","July","2023","Age 40-44","Resident Population","Female","200,178"
"Colorado","July","2023","Age 45-49","Resident Population","Male","184,798"
"Colorado","July","2023","Age 45-49","Resident Population","Female","173,589"
"Colorado","July","2023","Age 45-64","Resident Population","Male","703,064"
"Colorado","July","2023","Age 45-64","Resident Population","Female","687,828"
"Colorado","July","2023","Age 50-54","Resident Population","Male","183,073"
"Colorado","July","2023","Age 50-54","Resident Population","Female","172,807"
"Colorado","July","2023","Age 55-59","Resident Population","Male","165,186"
"Colorado","July","2023","Age 55-59","Resident Population","Female","164,042"
"Colorado","July","2023","Age 60-64","Resident Population","Male","170,007"
"Colorado","July","2023","Age 60-64","Resident Population","Female","177,390"
"Colorado","July","2023","Age 65-69","Resident Population","Male","153,270"
"Colorado","July","2023","Age 65-69","Resident Population","Female","163,492"
"Colorado","July","2023","Age 65 and older","Resident Population","Male","436,931"
"Colorado","July","2023","Age 65 and older","Resident Population","Female","506,084"
"Colorado","July","2023","Age 70-74","Resident Population","Male","122,343"
"Colorado","July","2023","Age 70-74","Resident Population","Female","135,939"
"Colorado","July","2023","Age 75-79","Resident Population","Male","84,286"
"Colorado","July","2023","Age 75-79","Resident Population","Female","95,603"
"Colorado","July","2023","Age 80-84","Resident Population","Male","44,644"
"Colorado","July","2023","Age 80-84","Resident Population","Female","57,155"
"Colorado","July","2023","85 years and over","Resident Population","Male","32,388"
"Colorado","July","2023","85 years and over","Resident Population","Female","53,895"
"Connecticut","July","2023","Age under 5","Resident Population","Male","92,637"
"Connecticut","July","2023","Age under 5","Resident Population","Female","88,036"
"Connecticut","July","2023","Age 5-9","Resident Population","Male","99,822"
"Connecticut","July","2023","Age 5-9","Resident Population","Female","95,733"
"Connecticut","July","2023","Age 5-13","Resident Population","Male","183,322"
"Connecticut","July","2023","Age 5-13","Resident Population","Female","176,340"
"Connecticut","July","2023","Age 10-14","Resident Population","Male","105,893"
"Connecticut","July","2023","Age 10-14","Resident Population","Female","101,977"
"Connecticut","July","2023","Age 14-17","Resident Population","Male","93,024"
"Connecticut","July","2023","Age 14-17","Resident Population","Female","89,627"
"Connecticut","July","2023","Age 15-19","Resident Population","Male","120,930"
"Connecticut","July","2023","Age 15-19","Resident Population","Female","117,763"
"Connecticut","July","2023","Age 15-44","Resident Population","Male","702,356"
"Connecticut","July","2023","Age 15-44","Resident Population","Female","689,033"
"Connecticut","July","2023","Age 16 and older","Resident Population","Male","1,452,169"
"Connecticut","July","2023","Age 16 and older","Resident Population","Female","1,534,960"
"Connecticut","July","2023","Age 18-24","Resident Population","Male","170,902"
"Connecticut","July","2023","Age 18-24","Resident Population","Female","164,423"
"Connecticut","July","2023","Age 18 and older","Resident Population","Male","1,404,955"
"Connecticut","July","2023","Age 18 and older","Resident Population","Female","1,489,235"
"Connecticut","July","2023","Age 20-24","Resident Population","Male","120,603"
"Connecticut","July","2023","Age 20-24","Resident Population","Female","114,917"
"Connecticut","July","2023","Age 25-29","Resident Population","Male","113,093"
"Connecticut","July","2023","Age 25-29","Resident Population","Female","107,750"
"Connecticut","July","2023","Age 25-44","Resident Population","Male","460,823"
"Connecticut","July","2023","Age 25-44","Resident Population","Female","456,353"
"Connecticut","July","2023","Age 30-34","Resident Population","Male","116,833"
"Connecticut","July","2023","Age 30-34","Resident Population","Female","114,896"
"Connecticut","July","2023","Age 35-39","Resident Population","Male","117,739"
"Connecticut","July","2023","Age 35-39","Resident Population","Female","117,956"
"Connecticut","July","2023","Age 40-44","Resident Population","Male","113,158"
"Connecticut","July","2023","Age 40-44","Resident Population","Female","115,751"
"Connecticut","July","2023","Age 45-49","Resident Population","Male","103,374"
"Connecticut","July","2023","Age 45-49","Resident Population","Female","107,171"
"Connecticut","July","2023","Age 45-64","Resident Population","Male","463,725"
"Connecticut","July","2023","Age 45-64","Resident Population","Female","487,190"
"Connecticut","July","2023","Age 50-54","Resident Population","Male","114,010"
"Connecticut","July","2023","Age 50-54","Resident Population","Female","119,519"
"Connecticut","July","2023","Age 55-59","Resident Population","Male","122,924"
"Connecticut","July","2023","Age 55-59","Resident Population","Female","129,529"
"Connecticut","July","2023","Age 60-64","Resident Population","Male","123,417"
"Connecticut","July","2023","Age 60-64","Resident Population","Female","130,971"
"Connecticut","July","2023","Age 65-69","Resident Population","Male","106,693"
"Connecticut","July","2023","Age 65-69","Resident Population","Female","115,242"
"Connecticut","July","2023","Age 65 and older","Resident Population","Male","309,505"
"Connecticut","July","2023","Age 65 and older","Resident Population","Female","381,269"
"Connecticut","July","2023","Age 70-74","Resident Population","Male","80,052"
"Connecticut","July","2023","Age 70-74","Resident Population","Female","92,728"
"Connecticut","July","2023","Age 75-79","Resident Population","Male","59,034"
"Connecticut","July","2023","Age 75-79","Resident Population","Female","73,095"
"Connecticut","July","2023","Age 80-84","Resident Population","Male","35,495"
"Connecticut","July","2023","Age 80-84","Resident Population","Female","48,233"
"Connecticut","July","2023","85 years and over","Resident Population","Male","28,231"
"Connecticut","July","2023","85 years and over","Resident Population","Female","51,971"
"Delaware","July","2023","Age under 5","Resident Population","Male","27,706"
"Delaware","July","2023","Age under 5","Resident Population","Female","26,765"
"Delaware","July","2023","Age 5-9","Resident Population","Male","29,764"
"Delaware","July","2023","Age 5-9","Resident Population","Female","28,428"
"Delaware","July","2023","Age 5-13","Resident Population","Male","54,315"
"Delaware","July","2023","Age 5-13","Resident Population","Female","52,103"
"Delaware","July","2023","Age 10-14","Resident Population","Male","30,939"
"Delaware","July","2023","Age 10-14","Resident Population","Female","29,761"
"Delaware","July","2023","Age 14-17","Resident Population","Male","25,745"
"Delaware","July","2023","Age 14-17","Resident Population","Female","25,304"
"Delaware","July","2023","Age 15-19","Resident Population","Male","32,539"
"Delaware","July","2023","Age 15-19","Resident Population","Female","33,000"
"Delaware","July","2023","Age 15-44","Resident Population","Male","188,369"
"Delaware","July","2023","Age 15-44","Resident Population","Female","191,658"
"Delaware","July","2023","Age 16 and older","Resident Population","Male","404,157"
"Delaware","July","2023","Age 16 and older","Resident Population","Female","441,385"
"Delaware","July","2023","Age 18-24","Resident Population","Male","43,522"
"Delaware","July","2023","Age 18-24","Resident Population","Female","43,593"
"Delaware","July","2023","Age 18 and older","Resident Population","Male","391,382"
"Delaware","July","2023","Age 18 and older","Resident Population","Female","428,570"
"Delaware","July","2023","Age 20-24","Resident Population","Male","30,340"
"Delaware","July","2023","Age 20-24","Resident Population","Female","29,811"
"Delaware","July","2023","Age 25-29","Resident Population","Male","29,725"
"Delaware","July","2023","Age 25-29","Resident Population","Female","29,978"
"Delaware","July","2023","Age 25-44","Resident Population","Male","125,490"
"Delaware","July","2023","Age 25-44","Resident Population","Female","128,847"
"Delaware","July","2023","Age 30-34","Resident Population","Male","33,496"
"Delaware","July","2023","Age 30-34","Resident Population","Female","34,421"
"Delaware","July","2023","Age 35-39","Resident Population","Male","31,965"
"Delaware","July","2023","Age 35-39","Resident Population","Female","32,829"
"Delaware","July","2023","Age 40-44","Resident Population","Male","30,304"
"Delaware","July","2023","Age 40-44","Resident Population","Female","31,619"
"Delaware","July","2023","Age 45-49","Resident Population","Male","26,367"
"Delaware","July","2023","Age 45-49","Resident Population","Female","28,481"
"Delaware","July","2023","Age 45-64","Resident Population","Male","123,333"
"Delaware","July","2023","Age 45-64","Resident Population","Female","135,849"
"Delaware","July","2023","Age 50-54","Resident Population","Male","29,368"
"Delaware","July","2023","Age 50-54","Resident Population","Female","31,587"
"Delaware","July","2023","Age 55-59","Resident Population","Male","32,188"
"Delaware","July","2023","Age 55-59","Resident Population","Female","35,690"
"Delaware","July","2023","Age 60-64","Resident Population","Male","35,410"
"Delaware","July","2023","Age 60-64","Resident Population","Female","40,091"
"Delaware","July","2023","Age 65-69","Resident Population","Male","34,043"
"Delaware","July","2023","Age 65-69","Resident Population","Female","39,031"
"Delaware","July","2023","Age 65 and older","Resident Population","Male","99,037"
"Delaware","July","2023","Age 65 and older","Resident Population","Female","120,281"
"Delaware","July","2023","Age 70-74","Resident Population","Male","27,180"
"Delaware","July","2023","Age 70-74","Resident Population","Female","31,909"
"Delaware","July","2023","Age 75-79","Resident Population","Male","19,480"
"Delaware","July","2023","Age 75-79","Resident Population","Female","23,291"
"Delaware","July","2023","Age 80-84","Resident Population","Male","10,940"
"Delaware","July","2023","Age 80-84","Resident Population","Female","13,936"
"Delaware","July","2023","85 years and over","Resident Population","Male","7,394"
"Delaware","July","2023","85 years and over","Resident Population","Female","12,114"
"District of Columbia","July","2023","Age under 5","Resident Population","Male","19,551"
"District of Columbia","July","2023","Age under 5","Resident Population","Female","19,035"
"District of Columbia","July","2023","Age 5-9","Resident Population","Male","19,074"
"District of Columbia","July","2023","Age 5-9","Resident Population","Female","18,419"
"District of Columbia","July","2023","Age 5-13","Resident Population","Male","32,824"
"District of Columbia","July","2023","Age 5-13","Resident Population","Female","31,637"
"District of Columbia","July","2023","Age 10-14","Resident Population","Male","16,748"
"District of Columbia","July","2023","Age 10-14","Resident Population","Female","16,227"
"District of Columbia","July","2023","Age 14-17","Resident Population","Male","11,834"
"District of Columbia","July","2023","Age 14-17","Resident Population","Female","11,711"
"District of Columbia","July","2023","Age 15-19","Resident Population","Male","17,919"
"District of Columbia","July","2023","Age 15-19","Resident Population","Female","19,813"
"District of Columbia","July","2023","Age 15-44","Resident Population","Male","162,310"
"District of Columbia","July","2023","Age 15-44","Resident Population","Female","183,511"
"District of Columbia","July","2023","Age 16 and older","Resident Population","Male","263,362"
"District of Columbia","July","2023","Age 16 and older","Resident Population","Female","300,548"
"District of Columbia","July","2023","Age 18-24","Resident Population","Male","30,033"
"District of Columbia","July","2023","Age 18-24","Resident Population","Female","37,822"
"District of Columbia","July","2023","Age 18 and older","Resident Population","Male","257,506"
"District of Columbia","July","2023","Age 18 and older","Resident Population","Female","294,874"
"District of Columbia","July","2023","Age 20-24","Resident Population","Male","20,950"
"District of Columbia","July","2023","Age 20-24","Resident Population","Female","26,711"
"District of Columbia","July","2023","Age 25-29","Resident Population","Male","31,431"
"District of Columbia","July","2023","Age 25-29","Resident Population","Female","40,190"
"District of Columbia","July","2023","Age 25-44","Resident Population","Male","123,441"
"District of Columbia","July","2023","Age 25-44","Resident Population","Female","136,987"
"District of Columbia","July","2023","Age 30-34","Resident Population","Male","36,295"
"District of Columbia","July","2023","Age 30-34","Resident Population","Female","38,801"
"District of Columbia","July","2023","Age 35-39","Resident Population","Male","30,690"
"District of Columbia","July","2023","Age 35-39","Resident Population","Female","32,365"
"District of Columbia","July","2023","Age 40-44","Resident Population","Male","25,025"
"District of Columbia","July","2023","Age 40-44","Resident Population","Female","25,631"
"District of Columbia","July","2023","Age 45-49","Resident Population","Male","18,354"
"District of Columbia","July","2023","Age 45-49","Resident Population","Female","18,954"
"District of Columbia","July","2023","Age 45-64","Resident Population","Male","66,988"
"District of Columbia","July","2023","Age 45-64","Resident Population","Female","68,377"
"District of Columbia","July","2023","Age 50-54","Resident Population","Male","17,614"
"District of Columbia","July","2023","Age 50-54","Resident Population","Female","17,068"
"District of Columbia","July","2023","Age 55-59","Resident Population","Male","16,037"
"District of Columbia","July","2023","Age 55-59","Resident Population","Female","16,109"
"District of Columbia","July","2023","Age 60-64","Resident Population","Male","14,983"
"District of Columbia","July","2023","Age 60-64","Resident Population","Female","16,246"
"District of Columbia","July","2023","Age 65-69","Resident Population","Male","12,525"
"District of Columbia","July","2023","Age 65-69","Resident Population","Female","15,270"
"District of Columbia","July","2023","Age 65 and older","Resident Population","Male","37,044"
"District of Columbia","July","2023","Age 65 and older","Resident Population","Female","51,688"
"District of Columbia","July","2023","Age 70-74","Resident Population","Male","9,761"
"District of Columbia","July","2023","Age 70-74","Resident Population","Female","13,139"
"District of Columbia","July","2023","Age 75-79","Resident Population","Male","6,853"
"District of Columbia","July","2023","Age 75-79","Resident Population","Female","9,819"
"District of Columbia","July","2023","Age 80-84","Resident Population","Male","4,112"
"District of Columbia","July","2023","Age 80-84","Resident Population","Female","6,467"
"District of Columbia","July","2023","85 years and over","Resident Population","Male","3,793"
"District of Columbia","July","2023","85 years and over","Resident Population","Female","6,993"
"Florida","July","2023","Age under 5","Resident Population","Male","573,938"
"Florida","July","2023","Age under 5","Resident Population","Female","550,818"
"Florida","July","2023","Age 5-9","Resident Population","Male","620,161"
"Florida","July","2023","Age 5-9","Resident Population","Female","593,095"
"Florida","July","2023","Age 5-13","Resident Population","Male","1,126,010"
"Florida","July","2023","Age 5-13","Resident Population","Female","1,075,274"
"Florida","July","2023","Age 10-14","Resident Population","Male","636,768"
"Florida","July","2023","Age 10-14","Resident Population","Female","607,238"
"Florida","July","2023","Age 14-17","Resident Population","Male","539,381"
"Florida","July","2023","Age 14-17","Resident Population","Female","515,422"
"Florida","July","2023","Age 15-19","Resident Population","Male","671,230"
"Florida","July","2023","Age 15-19","Resident Population","Female","640,624"
"Florida","July","2023","Age 15-44","Resident Population","Male","4,211,662"
"Florida","July","2023","Age 15-44","Resident Population","Female","4,111,275"
"Florida","July","2023","Age 16 and older","Resident Population","Male","9,141,383"
"Florida","July","2023","Age 16 and older","Resident Population","Female","9,620,539"
"Florida","July","2023","Age 18-24","Resident Population","Male","922,778"
"Florida","July","2023","Age 18-24","Resident Population","Female","892,247"
"Florida","July","2023","Age 18 and older","Resident Population","Male","8,869,480"
"Florida","July","2023","Age 18 and older","Resident Population","Female","9,360,403"
"Florida","July","2023","Age 20-24","Resident Population","Male","660,010"
"Florida","July","2023","Age 20-24","Resident Population","Female","641,986"
"Florida","July","2023","Age 25-29","Resident Population","Male","684,117"
"Florida","July","2023","Age 25-29","Resident Population","Female","664,047"
"Florida","July","2023","Age 25-44","Resident Population","Male","2,880,422"
"Florida","July","2023","Age 25-44","Resident Population","Female","2,828,665"
"Florida","July","2023","Age 30-34","Resident Population","Male","749,988"
"Florida","July","2023","Age 30-34","Resident Population","Female","736,386"
"Florida","July","2023","Age 35-39","Resident Population","Male","735,591"
"Florida","July","2023","Age 35-39","Resident Population","Female","719,463"
"Florida","July","2023","Age 40-44","Resident Population","Male","710,726"
"Florida","July","2023","Age 40-44","Resident Population","Female","708,769"
"Florida","July","2023","Age 45-49","Resident Population","Male","660,137"
"Florida","July","2023","Age 45-49","Resident Population","Female","672,075"
"Florida","July","2023","Age 45-64","Resident Population","Male","2,831,889"
"Florida","July","2023","Age 45-64","Resident Population","Female","2,957,190"
"Florida","July","2023","Age 50-54","Resident Population","Male","706,929"
"Florida","July","2023","Age 50-54","Resident Population","Female","722,640"
"Florida","July","2023","Age 55-59","Resident Population","Male","720,299"
"Florida","July","2023","Age 55-59","Resident Population","Female","756,807"
"Florida","July","2023","Age 60-64","Resident Population","Male","744,524"
"Florida","July","2023","Age 60-64","Resident Population","Female","805,668"
"Florida","July","2023","Age 65-69","Resident Population","Male","670,262"
"Florida","July","2023","Age 65-69","Resident Population","Female","762,020"
"Florida","July","2023","Age 65 and older","Resident Population","Male","2,234,391"
"Florida","July","2023","Age 65 and older","Resident Population","Female","2,682,301"
"Florida","July","2023","Age 70-74","Resident Population","Male","570,124"
"Florida","July","2023","Age 70-74","Resident Population","Female","670,857"
"Florida","July","2023","Age 75-79","Resident Population","Male","462,108"
"Florida","July","2023","Age 75-79","Resident Population","Female","543,533"
"Florida","July","2023","Age 80-84","Resident Population","Male","292,845"
"Florida","July","2023","Age 80-84","Resident Population","Female","361,994"
"Florida","July","2023","85 years and over","Resident Population","Male","239,052"
"Florida","July","2023","85 years and over","Resident Population","Female","343,897"
"Georgia","July","2023","Age under 5","Resident Population","Male","324,469"
"Georgia","July","2023","Age under 5","Resident Population","Female","311,363"
"Georgia","July","2023","Age 5-9","Resident Population","Male","354,219"
"Georgia","July","2023","Age 5-9","Resident Population","Female","341,349"
"Georgia","July","2023","Age 5-13","Resident Population","Male","648,648"
"Georgia","July","2023","Age 5-13","Resident Population","Female","625,085"
"Georgia","July","2023","Age 10-14","Resident Population","Male","372,810"
"Georgia","July","2023","Age 10-14","Resident Population","Female","358,519"
"Georgia","July","2023","Age 14-17","Resident Population","Male","320,912"
"Georgia","July","2023","Age 14-17","Resident Population","Female","308,204"
"Georgia","July","2023","Age 15-19","Resident Population","Male","395,115"
"Georgia","July","2023","Age 15-19","Resident Population","Female","378,753"
"Georgia","July","2023","Age 15-44","Resident Population","Male","2,243,002"
"Georgia","July","2023","Age 15-44","Resident Population","Female","2,277,881"
"Georgia","July","2023","Age 16 and older","Resident Population","Male","4,242,153"
"Georgia","July","2023","Age 16 and older","Resident Population","Female","4,564,698"
"Georgia","July","2023","Age 18-24","Resident Population","Male","531,906"
"Georgia","July","2023","Age 18-24","Resident Population","Female","513,378"
"Georgia","July","2023","Age 18 and older","Resident Population","Male","4,080,983"
"Georgia","July","2023","Age 18 and older","Resident Population","Female","4,409,563"
"Georgia","July","2023","Age 20-24","Resident Population","Male","379,322"
"Georgia","July","2023","Age 20-24","Resident Population","Female","368,046"
"Georgia","July","2023","Age 25-29","Resident Population","Male","367,776"
"Georgia","July","2023","Age 25-29","Resident Population","Female","371,865"
"Georgia","July","2023","Age 25-44","Resident Population","Male","1,468,565"
"Georgia","July","2023","Age 25-44","Resident Population","Female","1,531,082"
"Georgia","July","2023","Age 30-34","Resident Population","Male","384,095"
"Georgia","July","2023","Age 30-34","Resident Population","Female","400,883"
"Georgia","July","2023","Age 35-39","Resident Population","Male","361,373"
"Georgia","July","2023","Age 35-39","Resident Population","Female","379,352"
"Georgia","July","2023","Age 40-44","Resident Population","Male","355,321"
"Georgia","July","2023","Age 40-44","Resident Population","Female","378,982"
"Georgia","July","2023","Age 45-49","Resident Population","Male","328,814"
"Georgia","July","2023","Age 45-49","Resident Population","Female","352,780"
"Georgia","July","2023","Age 45-64","Resident Population","Male","1,331,369"
"Georgia","July","2023","Age 45-64","Resident Population","Female","1,418,029"
"Georgia","July","2023","Age 50-54","Resident Population","Male","352,893"
"Georgia","July","2023","Age 50-54","Resident Population","Female","369,425"
"Georgia","July","2023","Age 55-59","Resident Population","Male","333,851"
"Georgia","July","2023","Age 55-59","Resident Population","Female","352,029"
"Georgia","July","2023","Age 60-64","Resident Population","Male","315,811"
"Georgia","July","2023","Age 60-64","Resident Population","Female","343,795"
"Georgia","July","2023","Age 65-69","Resident Population","Male","264,942"
"Georgia","July","2023","Age 65-69","Resident Population","Female","303,195"
"Georgia","July","2023","Age 65 and older","Resident Population","Male","749,143"
"Georgia","July","2023","Age 65 and older","Resident Population","Female","947,074"
"Georgia","July","2023","Age 70-74","Resident Population","Male","202,768"
"Georgia","July","2023","Age 70-74","Resident Population","Female","249,939"
"Georgia","July","2023","Age 75-79","Resident Population","Male","146,228"
"Georgia","July","2023","Age 75-79","Resident Population","Female","185,175"
"Georgia","July","2023","Age 80-84","Resident Population","Male","80,767"
"Georgia","July","2023","Age 80-84","Resident Population","Female","111,800"
"Georgia","July","2023","85 years and over","Resident Population","Male","54,438"
"Georgia","July","2023","85 years and over","Resident Population","Female","96,965"
"Hawaii","July","2023","Age under 5","Resident Population","Male","39,824"
"Hawaii","July","2023","Age under 5","Resident Population","Female","37,826"
"Hawaii","July","2023","Age 5-9","Resident Population","Male","43,814"
"Hawaii","July","2023","Age 5-9","Resident Population","Female","40,461"
"Hawaii","July","2023","Age 5-13","Resident Population","Male","78,647"
"Hawaii","July","2023","Age 5-13","Resident Population","Female","73,221"
"Hawaii","July","2023","Age 10-14","Resident Population","Male","42,974"
"Hawaii","July","2023","Age 10-14","Resident Population","Female","40,646"
"Hawaii","July","2023","Age 14-17","Resident Population","Male","32,707"
"Hawaii","July","2023","Age 14-17","Resident Population","Female","31,388"
"Hawaii","July","2023","Age 15-19","Resident Population","Male","40,495"
"Hawaii","July","2023","Age 15-19","Resident Population","Female","37,433"
"Hawaii","July","2023","Age 15-44","Resident Population","Male","281,647"
"Hawaii","July","2023","Age 15-44","Resident Population","Female","260,337"
"Hawaii","July","2023","Age 16 and older","Resident Population","Male","584,820"
"Hawaii","July","2023","Age 16 and older","Resident Population","Female","588,287"
"Hawaii","July","2023","Age 18-24","Resident Population","Male","63,224"
"Hawaii","July","2023","Age 18-24","Resident Population","Female","52,188"
"Hawaii","July","2023","Age 18 and older","Resident Population","Male","568,617"
"Hawaii","July","2023","Age 18 and older","Resident Population","Female","572,908"
"Hawaii","July","2023","Age 20-24","Resident Population","Male","47,295"
"Hawaii","July","2023","Age 20-24","Resident Population","Female","38,257"
"Hawaii","July","2023","Age 25-29","Resident Population","Male","46,160"
"Hawaii","July","2023","Age 25-29","Resident Population","Female","42,460"
"Hawaii","July","2023","Age 25-44","Resident Population","Male","193,857"
"Hawaii","July","2023","Age 25-44","Resident Population","Female","184,647"
"Hawaii","July","2023","Age 30-34","Resident Population","Male","49,864"
"Hawaii","July","2023","Age 30-34","Resident Population","Female","47,391"
"Hawaii","July","2023","Age 35-39","Resident Population","Male","49,812"
"Hawaii","July","2023","Age 35-39","Resident Population","Female","48,050"
"Hawaii","July","2023","Age 40-44","Resident Population","Male","48,021"
"Hawaii","July","2023","Age 40-44","Resident Population","Female","46,746"
"Hawaii","July","2023","Age 45-49","Resident Population","Male","41,885"
"Hawaii","July","2023","Age 45-49","Resident Population","Female","41,499"
"Hawaii","July","2023","Age 45-64","Resident Population","Male","172,264"
"Hawaii","July","2023","Age 45-64","Resident Population","Female","172,839"
"Hawaii","July","2023","Age 50-54","Resident Population","Male","43,146"
"Hawaii","July","2023","Age 50-54","Resident Population","Female","42,456"
"Hawaii","July","2023","Age 55-59","Resident Population","Male","42,368"
"Hawaii","July","2023","Age 55-59","Resident Population","Female","43,313"
"Hawaii","July","2023","Age 60-64","Resident Population","Male","44,865"
"Hawaii","July","2023","Age 60-64","Resident Population","Female","45,571"
"Hawaii","July","2023","Age 65-69","Resident Population","Male","42,324"
"Hawaii","July","2023","Age 65-69","Resident Population","Female","44,969"
"Hawaii","July","2023","Age 65 and older","Resident Population","Male","139,272"
"Hawaii","July","2023","Age 65 and older","Resident Population","Female","163,234"
"Hawaii","July","2023","Age 70-74","Resident Population","Male","37,622"
"Hawaii","July","2023","Age 70-74","Resident Population","Female","40,962"
"Hawaii","July","2023","Age 75-79","Resident Population","Male","28,324"
"Hawaii","July","2023","Age 75-79","Resident Population","Female","31,563"
"Hawaii","July","2023","Age 80-84","Resident Population","Male","15,842"
"Hawaii","July","2023","Age 80-84","Resident Population","Female","19,698"
"Hawaii","July","2023","85 years and over","Resident Population","Male","15,160"
"Hawaii","July","2023","85 years and over","Resident Population","Female","26,042"
"Idaho","July","2023","Age under 5","Resident Population","Male","58,371"
"Idaho","July","2023","Age under 5","Resident Population","Female","55,012"
"Idaho","July","2023","Age 5-9","Resident Population","Male","65,848"
"Idaho","July","2023","Age 5-9","Resident Population","Female","63,059"
"Idaho","July","2023","Age 5-13","Resident Population","Male","120,909"
"Idaho","July","2023","Age 5-13","Resident Population","Female","115,898"
"Idaho","July","2023","Age 10-14","Resident Population","Male","69,822"
"Idaho","July","2023","Age 10-14","Resident Population","Female","66,836"
"Idaho","July","2023","Age 14-17","Resident Population","Male","60,354"
"Idaho","July","2023","Age 14-17","Resident Population","Female","56,798"
"Idaho","July","2023","Age 15-19","Resident Population","Male","74,625"
"Idaho","July","2023","Age 15-19","Resident Population","Female","76,353"
"Idaho","July","2023","Age 15-44","Resident Population","Male","404,815"
"Idaho","July","2023","Age 15-44","Resident Population","Female","389,151"
"Idaho","July","2023","Age 16 and older","Resident Population","Male","779,134"
"Idaho","July","2023","Age 16 and older","Resident Population","Female","776,920"
"Idaho","July","2023","Age 18-24","Resident Population","Male","97,291"
"Idaho","July","2023","Age 18-24","Resident Population","Female","96,382"
"Idaho","July","2023","Age 18 and older","Resident Population","Male","748,825"
"Idaho","July","2023","Age 18 and older","Resident Population","Female","748,559"
"Idaho","July","2023","Age 20-24","Resident Population","Male","68,259"
"Idaho","July","2023","Age 20-24","Resident Population","Female","62,830"
"Idaho","July","2023","Age 25-29","Resident Population","Male","65,501"
"Idaho","July","2023","Age 25-29","Resident Population","Female","59,972"
"Idaho","July","2023","Age 25-44","Resident Population","Male","261,931"
"Idaho","July","2023","Age 25-44","Resident Population","Female","249,968"
"Idaho","July","2023","Age 30-34","Resident Population","Male","65,603"
"Idaho","July","2023","Age 30-34","Resident Population","Female","63,455"
"Idaho","July","2023","Age 35-39","Resident Population","Male","64,864"
"Idaho","July","2023","Age 35-39","Resident Population","Female","62,993"
"Idaho","July","2023","Age 40-44","Resident Population","Male","65,963"
"Idaho","July","2023","Age 40-44","Resident Population","Female","63,548"
"Idaho","July","2023","Age 45-49","Resident Population","Male","58,693"
"Idaho","July","2023","Age 45-49","Resident Population","Female","55,891"
"Idaho","July","2023","Age 45-64","Resident Population","Male","227,103"
"Idaho","July","2023","Age 45-64","Resident Population","Female","223,579"
"Idaho","July","2023","Age 50-54","Resident Population","Male","56,252"
"Idaho","July","2023","Age 50-54","Resident Population","Female","53,942"
"Idaho","July","2023","Age 55-59","Resident Population","Male","53,975"
"Idaho","July","2023","Age 55-59","Resident Population","Female","53,690"
"Idaho","July","2023","Age 60-64","Resident Population","Male","58,183"
"Idaho","July","2023","Age 60-64","Resident Population","Female","60,056"
"Idaho","July","2023","Age 65-69","Resident Population","Male","54,753"
"Idaho","July","2023","Age 65-69","Resident Population","Female","57,475"
"Idaho","July","2023","Age 65 and older","Resident Population","Male","162,500"
"Idaho","July","2023","Age 65 and older","Resident Population","Female","178,630"
"Idaho","July","2023","Age 70-74","Resident Population","Male","45,182"
"Idaho","July","2023","Age 70-74","Resident Population","Female","47,603"
"Idaho","July","2023","Age 75-79","Resident Population","Male","32,111"
"Idaho","July","2023","Age 75-79","Resident Population","Female","34,393"
"Idaho","July","2023","Age 80-84","Resident Population","Male","18,043"
"Idaho","July","2023","Age 80-84","Resident Population","Female","21,160"
"Idaho","July","2023","85 years and over","Resident Population","Male","12,411"
"Idaho","July","2023","85 years and over","Resident Population","Female","17,999"
"Illinois","July","2023","Age under 5","Resident Population","Male","339,308"
"Illinois","July","2023","Age under 5","Resident Population","Female","325,566"
"Illinois","July","2023","Age 5-9","Resident Population","Male","383,106"
"Illinois","July","2023","Age 5-9","Resident Population","Female","366,629"
"Illinois","July","2023","Age 5-13","Resident Population","Male","699,928"
"Illinois","July","2023","Age 5-13","Resident Population","Female","668,242"
"Illinois","July","2023","Age 10-14","Resident Population","Male","400,158"
"Illinois","July","2023","Age 10-14","Resident Population","Female","381,310"
"Illinois","July","2023","Age 14-17","Resident Population","Male","342,992"
"Illinois","July","2023","Age 14-17","Resident Population","Female","329,486"
"Illinois","July","2023","Age 15-19","Resident Population","Male","426,215"
"Illinois","July","2023","Age 15-19","Resident Population","Female","405,293"
"Illinois","July","2023","Age 15-44","Resident Population","Male","2,536,417"
"Illinois","July","2023","Age 15-44","Resident Population","Female","2,476,419"
"Illinois","July","2023","Age 16 and older","Resident Population","Male","4,992,020"
"Illinois","July","2023","Age 16 and older","Resident Population","Female","5,191,728"
"Illinois","July","2023","Age 18-24","Resident Population","Male","581,371"
"Illinois","July","2023","Age 18-24","Resident Population","Female","557,060"
"Illinois","July","2023","Age 18 and older","Resident Population","Male","4,818,855"
"Illinois","July","2023","Age 18 and older","Resident Population","Female","5,025,312"
"Illinois","July","2023","Age 20-24","Resident Population","Male","414,812"
"Illinois","July","2023","Age 20-24","Resident Population","Female","401,556"
"Illinois","July","2023","Age 25-29","Resident Population","Male","417,334"
"Illinois","July","2023","Age 25-29","Resident Population","Female","409,489"
"Illinois","July","2023","Age 25-44","Resident Population","Male","1,695,390"
"Illinois","July","2023","Age 25-44","Resident Population","Female","1,669,570"
"Illinois","July","2023","Age 30-34","Resident Population","Male","434,598"
"Illinois","July","2023","Age 30-34","Resident Population","Female","428,982"
"Illinois","July","2023","Age 35-39","Resident Population","Male","423,761"
"Illinois","July","2023","Age 35-39","Resident Population","Female","415,983"
"Illinois","July","2023","Age 40-44","Resident Population","Male","419,697"
"Illinois","July","2023","Age 40-44","Resident Population","Female","415,116"
"Illinois","July","2023","Age 45-49","Resident Population","Male","382,908"
"Illinois","July","2023","Age 45-49","Resident Population","Female","380,916"
"Illinois","July","2023","Age 45-64","Resident Population","Male","1,556,494"
"Illinois","July","2023","Age 45-64","Resident Population","Female","1,580,360"
"Illinois","July","2023","Age 50-54","Resident Population","Male","394,072"
"Illinois","July","2023","Age 50-54","Resident Population","Female","394,935"
"Illinois","July","2023","Age 55-59","Resident Population","Male","386,890"
"Illinois","July","2023","Age 55-59","Resident Population","Female","393,571"
"Illinois","July","2023","Age 60-64","Resident Population","Male","392,624"
"Illinois","July","2023","Age 60-64","Resident Population","Female","410,938"
"Illinois","July","2023","Age 65-69","Resident Population","Male","343,940"
"Illinois","July","2023","Age 65-69","Resident Population","Female","375,778"
"Illinois","July","2023","Age 65 and older","Resident Population","Male","985,600"
"Illinois","July","2023","Age 65 and older","Resident Population","Female","1,218,322"
"Illinois","July","2023","Age 70-74","Resident Population","Male","264,957"
"Illinois","July","2023","Age 70-74","Resident Population","Female","307,212"
"Illinois","July","2023","Age 75-79","Resident Population","Male","183,689"
"Illinois","July","2023","Age 75-79","Resident Population","Female","226,819"
"Illinois","July","2023","Age 80-84","Resident Population","Male","107,807"
"Illinois","July","2023","Age 80-84","Resident Population","Female","151,109"
"Illinois","July","2023","85 years and over","Resident Population","Male","85,207"
"Illinois","July","2023","85 years and over","Resident Population","Female","157,404"
"Indiana","July","2023","Age under 5","Resident Population","Male","208,088"
"Indiana","July","2023","Age under 5","Resident Population","Female","197,635"
"Indiana","July","2023","Age 5-9","Resident Population","Male","225,843"
"Indiana","July","2023","Age 5-9","Resident Population","Female","214,098"
"Indiana","July","2023","Age 5-13","Resident Population","Male","409,762"
"Indiana","July","2023","Age 5-13","Resident Population","Female","388,808"
"Indiana","July","2023","Age 10-14","Resident Population","Male","231,926"
"Indiana","July","2023","Age 10-14","Resident Population","Female","220,395"
"Indiana","July","2023","Age 14-17","Resident Population","Male","196,175"
"Indiana","July","2023","Age 14-17","Resident Population","Female","186,786"
"Indiana","July","2023","Age 15-19","Resident Population","Male","243,974"
"Indiana","July","2023","Age 15-19","Resident Population","Female","229,620"
"Indiana","July","2023","Age 15-44","Resident Population","Male","1,380,223"
"Indiana","July","2023","Age 15-44","Resident Population","Female","1,341,793"
"Indiana","July","2023","Age 16 and older","Resident Population","Male","2,688,955"
"Indiana","July","2023","Age 16 and older","Resident Population","Female","2,778,184"
"Indiana","July","2023","Age 18-24","Resident Population","Male","339,563"
"Indiana","July","2023","Age 18-24","Resident Population","Female","321,560"
"Indiana","July","2023","Age 18 and older","Resident Population","Male","2,590,446"
"Indiana","July","2023","Age 18 and older","Resident Population","Female","2,684,499"
"Indiana","July","2023","Age 20-24","Resident Population","Male","243,757"
"Indiana","July","2023","Age 20-24","Resident Population","Female","233,041"
"Indiana","July","2023","Age 25-29","Resident Population","Male","225,167"
"Indiana","July","2023","Age 25-29","Resident Population","Female","217,024"
"Indiana","July","2023","Age 25-44","Resident Population","Male","892,492"
"Indiana","July","2023","Age 25-44","Resident Population","Female","879,132"
"Indiana","July","2023","Age 30-34","Resident Population","Male","230,927"
"Indiana","July","2023","Age 30-34","Resident Population","Female","228,351"
"Indiana","July","2023","Age 35-39","Resident Population","Male","217,011"
"Indiana","July","2023","Age 35-39","Resident Population","Female","216,343"
"Indiana","July","2023","Age 40-44","Resident Population","Male","219,387"
"Indiana","July","2023","Age 40-44","Resident Population","Female","217,414"
"Indiana","July","2023","Age 45-49","Resident Population","Male","200,739"
"Indiana","July","2023","Age 45-49","Resident Population","Female","199,698"
"Indiana","July","2023","Age 45-64","Resident Population","Male","827,357"
"Indiana","July","2023","Age 45-64","Resident Population","Female","835,693"
"Indiana","July","2023","Age 50-54","Resident Population","Male","210,653"
"Indiana","July","2023","Age 50-54","Resident Population","Female","207,606"
"Indiana","July","2023","Age 55-59","Resident Population","Male","204,856"
"Indiana","July","2023","Age 55-59","Resident Population","Female","207,561"
"Indiana","July","2023","Age 60-64","Resident Population","Male","211,109"
"Indiana","July","2023","Age 60-64","Resident Population","Female","220,828"
"Indiana","July","2023","Age 65-69","Resident Population","Male","188,053"
"Indiana","July","2023","Age 65-69","Resident Population","Female","203,321"
"Indiana","July","2023","Age 65 and older","Resident Population","Male","531,034"
"Indiana","July","2023","Age 65 and older","Resident Population","Female","648,114"
"Indiana","July","2023","Age 70-74","Resident Population","Male","145,498"
"Indiana","July","2023","Age 70-74","Resident Population","Female","166,132"
"Indiana","July","2023","Age 75-79","Resident Population","Male","98,605"
"Indiana","July","2023","Age 75-79","Resident Population","Female","120,622"
"Indiana","July","2023","Age 80-84","Resident Population","Male","57,054"
"Indiana","July","2023","Age 80-84","Resident Population","Female","79,020"
"Indiana","July","2023","85 years and over","Resident Population","Male","41,824"
"Indiana","July","2023","85 years and over","Resident Population","Female","79,019"
"Iowa","July","2023","Age under 5","Resident Population","Male","95,014"
"Iowa","July","2023","Age under 5","Resident Population","Female","91,025"
"Iowa","July","2023","Age 5-9","Resident Population","Male","103,496"
"Iowa","July","2023","Age 5-9","Resident Population","Female","98,895"
"Iowa","July","2023","Age 5-13","Resident Population","Male","187,250"
"Iowa","July","2023","Age 5-13","Resident Population","Female","178,762"
"Iowa","July","2023","Age 10-14","Resident Population","Male","106,209"
"Iowa","July","2023","Age 10-14","Resident Population","Female","100,998"
"Iowa","July","2023","Age 14-17","Resident Population","Male","91,526"
"Iowa","July","2023","Age 14-17","Resident Population","Female","86,545"
"Iowa","July","2023","Age 15-19","Resident Population","Male","116,666"
"Iowa","July","2023","Age 15-19","Resident Population","Female","109,975"
"Iowa","July","2023","Age 15-44","Resident Population","Male","647,449"
"Iowa","July","2023","Age 15-44","Resident Population","Female","610,697"
"Iowa","July","2023","Age 16 and older","Resident Population","Male","1,280,151"
"Iowa","July","2023","Age 16 and older","Resident Population","Female","1,286,058"
"Iowa","July","2023","Age 18-24","Resident Population","Male","164,299"
"Iowa","July","2023","Age 18-24","Resident Population","Female","154,825"
"Iowa","July","2023","Age 18 and older","Resident Population","Male","1,234,254"
"Iowa","July","2023","Age 18 and older","Resident Population","Female","1,242,628"
"Iowa","July","2023","Age 20-24","Resident Population","Male","116,704"
"Iowa","July","2023","Age 20-24","Resident Population","Female","110,264"
"Iowa","July","2023","Age 25-29","Resident Population","Male","102,709"
"Iowa","July","2023","Age 25-29","Resident Population","Female","95,165"
"Iowa","July","2023","Age 25-44","Resident Population","Male","414,079"
"Iowa","July","2023","Age 25-44","Resident Population","Female","390,458"
"Iowa","July","2023","Age 30-34","Resident Population","Male","103,592"
"Iowa","July","2023","Age 30-34","Resident Population","Female","98,597"
"Iowa","July","2023","Age 35-39","Resident Population","Male","101,682"
"Iowa","July","2023","Age 35-39","Resident Population","Female","96,618"
"Iowa","July","2023","Age 40-44","Resident Population","Male","106,096"
"Iowa","July","2023","Age 40-44","Resident Population","Female","100,078"
"Iowa","July","2023","Age 45-49","Resident Population","Male","92,075"
"Iowa","July","2023","Age 45-49","Resident Population","Female","87,413"
"Iowa","July","2023","Age 45-64","Resident Population","Male","382,451"
"Iowa","July","2023","Age 45-64","Resident Population","Female","374,933"
"Iowa","July","2023","Age 50-54","Resident Population","Male","92,927"
"Iowa","July","2023","Age 50-54","Resident Population","Female","89,375"
"Iowa","July","2023","Age 55-59","Resident Population","Male","94,546"
"Iowa","July","2023","Age 55-59","Resident Population","Female","93,015"
"Iowa","July","2023","Age 60-64","Resident Population","Male","102,903"
"Iowa","July","2023","Age 60-64","Resident Population","Female","105,130"
"Iowa","July","2023","Age 65-69","Resident Population","Male","93,800"
"Iowa","July","2023","Age 65-69","Resident Population","Female","96,625"
"Iowa","July","2023","Age 65 and older","Resident Population","Male","273,425"
"Iowa","July","2023","Age 65 and older","Resident Population","Female","322,412"
"Iowa","July","2023","Age 70-74","Resident Population","Male","74,892"
"Iowa","July","2023","Age 70-74","Resident Population","Female","80,658"
"Iowa","July","2023","Age 75-79","Resident Population","Male","50,234"
"Iowa","July","2023","Age 75-79","Resident Population","Female","58,342"
"Iowa","July","2023","Age 80-84","Resident Population","Male","29,962"
"Iowa","July","2023","Age 80-84","Resident Population","Female","39,839"
"Iowa","July","2023","85 years and over","Resident Population","Male","24,537"
"Iowa","July","2023","85 years and over","Resident Population","Female","46,948"
"Kansas","July","2023","Age under 5","Resident Population","Male","89,566"
"Kansas","July","2023","Age under 5","Resident Population","Female","85,422"
"Kansas","July","2023","Age 5-9","Resident Population","Male","97,884"
"Kansas","July","2023","Age 5-9","Resident Population","Female","93,309"
"Kansas","July","2023","Age 5-13","Resident Population","Male","179,756"
"Kansas","July","2023","Age 5-13","Resident Population","Female","171,256"
"Kansas","July","2023","Age 10-14","Resident Population","Male","103,213"
"Kansas","July","2023","Age 10-14","Resident Population","Female","98,160"
"Kansas","July","2023","Age 14-17","Resident Population","Male","86,390"
"Kansas","July","2023","Age 14-17","Resident Population","Female","81,947"
"Kansas","July","2023","Age 15-19","Resident Population","Male","108,890"
"Kansas","July","2023","Age 15-19","Resident Population","Female","101,683"
"Kansas","July","2023","Age 15-44","Resident Population","Male","609,833"
"Kansas","July","2023","Age 15-44","Resident Population","Female","572,741"
"Kansas","July","2023","Age 16 and older","Resident Population","Male","1,162,128"
"Kansas","July","2023","Age 16 and older","Resident Population","Female","1,168,269"
"Kansas","July","2023","Age 18-24","Resident Population","Male","157,343"
"Kansas","July","2023","Age 18-24","Resident Population","Female","142,317"
"Kansas","July","2023","Age 18 and older","Resident Population","Male","1,118,926"
"Kansas","July","2023","Age 18 and older","Resident Population","Female","1,127,283"
"Kansas","July","2023","Age 20-24","Resident Population","Male","113,502"
"Kansas","July","2023","Age 20-24","Resident Population","Female","102,368"
"Kansas","July","2023","Age 25-29","Resident Population","Male","97,263"
"Kansas","July","2023","Age 25-29","Resident Population","Female","90,150"
"Kansas","July","2023","Age 25-44","Resident Population","Male","387,441"
"Kansas","July","2023","Age 25-44","Resident Population","Female","368,690"
"Kansas","July","2023","Age 30-34","Resident Population","Male","96,971"
"Kansas","July","2023","Age 30-34","Resident Population","Female","92,268"
"Kansas","July","2023","Age 35-39","Resident Population","Male","96,295"
"Kansas","July","2023","Age 35-39","Resident Population","Female","93,301"
"Kansas","July","2023","Age 40-44","Resident Population","Male","96,912"
"Kansas","July","2023","Age 40-44","Resident Population","Female","92,971"
"Kansas","July","2023","Age 45-49","Resident Population","Male","84,177"
"Kansas","July","2023","Age 45-49","Resident Population","Female","80,926"
"Kansas","July","2023","Age 45-64","Resident Population","Male","339,395"
"Kansas","July","2023","Age 45-64","Resident Population","Female","337,629"
"Kansas","July","2023","Age 50-54","Resident Population","Male","83,331"
"Kansas","July","2023","Age 50-54","Resident Population","Female","81,081"
"Kansas","July","2023","Age 55-59","Resident Population","Male","82,619"
"Kansas","July","2023","Age 55-59","Resident Population","Female","82,366"
"Kansas","July","2023","Age 60-64","Resident Population","Male","89,268"
"Kansas","July","2023","Age 60-64","Resident Population","Female","93,256"
"Kansas","July","2023","Age 65-69","Resident Population","Male","81,380"
"Kansas","July","2023","Age 65-69","Resident Population","Female","86,715"
"Kansas","July","2023","Age 65 and older","Resident Population","Male","234,747"
"Kansas","July","2023","Age 65 and older","Resident Population","Female","278,647"
"Kansas","July","2023","Age 70-74","Resident Population","Male","63,915"
"Kansas","July","2023","Age 70-74","Resident Population","Female","70,597"
"Kansas","July","2023","Age 75-79","Resident Population","Male","43,710"
"Kansas","July","2023","Age 75-79","Resident Population","Female","50,946"
"Kansas","July","2023","Age 80-84","Resident Population","Male","24,998"
"Kansas","July","2023","Age 80-84","Resident Population","Female","33,591"
"Kansas","July","2023","85 years and over","Resident Population","Male","20,744"
"Kansas","July","2023","85 years and over","Resident Population","Female","36,798"
"Kentucky","July","2023","Age under 5","Resident Population","Male","134,823"
"Kentucky","July","2023","Age under 5","Resident Population","Female","129,039"
"Kentucky","July","2023","Age 5-9","Resident Population","Male","144,718"
"Kentucky","July","2023","Age 5-9","Resident Population","Female","137,369"
"Kentucky","July","2023","Age 5-13","Resident Population","Male","262,396"
"Kentucky","July","2023","Age 5-13","Resident Population","Female","247,608"
"Kentucky","July","2023","Age 10-14","Resident Population","Male","148,025"
"Kentucky","July","2023","Age 10-14","Resident Population","Female","139,352"
"Kentucky","July","2023","Age 14-17","Resident Population","Male","124,193"
"Kentucky","July","2023","Age 14-17","Resident Population","Female","118,836"
"Kentucky","July","2023","Age 15-19","Resident Population","Male","150,922"
"Kentucky","July","2023","Age 15-19","Resident Population","Female","143,462"
"Kentucky","July","2023","Age 15-44","Resident Population","Male","891,532"
"Kentucky","July","2023","Age 15-44","Resident Population","Female","860,718"
"Kentucky","July","2023","Age 16 and older","Resident Population","Male","1,784,025"
"Kentucky","July","2023","Age 16 and older","Resident Population","Female","1,847,063"
"Kentucky","July","2023","Age 18-24","Resident Population","Male","209,852"
"Kentucky","July","2023","Age 18-24","Resident Population","Female","197,574"
"Kentucky","July","2023","Age 18 and older","Resident Population","Male","1,721,723"
"Kentucky","July","2023","Age 18 and older","Resident Population","Female","1,787,536"
"Kentucky","July","2023","Age 20-24","Resident Population","Male","152,776"
"Kentucky","July","2023","Age 20-24","Resident Population","Female","143,835"
"Kentucky","July","2023","Age 25-29","Resident Population","Male","149,737"
"Kentucky","July","2023","Age 25-29","Resident Population","Female","141,450"
"Kentucky","July","2023","Age 25-44","Resident Population","Male","587,834"
"Kentucky","July","2023","Age 25-44","Resident Population","Female","573,421"
"Kentucky","July","2023","Age 30-34","Resident Population","Male","153,685"
"Kentucky","July","2023","Age 30-34","Resident Population","Female","150,383"
"Kentucky","July","2023","Age 35-39","Resident Population","Male","140,636"
"Kentucky","July","2023","Age 35-39","Resident Population","Female","138,549"
"Kentucky","July","2023","Age 40-44","Resident Population","Male","143,776"
"Kentucky","July","2023","Age 40-44","Resident Population","Female","143,039"
"Kentucky","July","2023","Age 45-49","Resident Population","Male","135,579"
"Kentucky","July","2023","Age 45-49","Resident Population","Female","134,653"
"Kentucky","July","2023","Age 45-64","Resident Population","Male","560,918"
"Kentucky","July","2023","Age 45-64","Resident Population","Female","572,903"
"Kentucky","July","2023","Age 50-54","Resident Population","Male","142,180"
"Kentucky","July","2023","Age 50-54","Resident Population","Female","141,770"
"Kentucky","July","2023","Age 55-59","Resident Population","Male","140,362"
"Kentucky","July","2023","Age 55-59","Resident Population","Female","144,366"
"Kentucky","July","2023","Age 60-64","Resident Population","Male","142,797"
"Kentucky","July","2023","Age 60-64","Resident Population","Female","152,114"
"Kentucky","July","2023","Age 65-69","Resident Population","Male","127,184"
"Kentucky","July","2023","Age 65-69","Resident Population","Female","140,324"
"Kentucky","July","2023","Age 65 and older","Resident Population","Male","363,119"
"Kentucky","July","2023","Age 65 and older","Resident Population","Female","443,638"
"Kentucky","July","2023","Age 70-74","Resident Population","Male","100,568"
"Kentucky","July","2023","Age 70-74","Resident Population","Female","116,251"
"Kentucky","July","2023","Age 75-79","Resident Population","Male","69,513"
"Kentucky","July","2023","Age 75-79","Resident Population","Female","84,978"
"Kentucky","July","2023","Age 80-84","Resident Population","Male","38,633"
"Kentucky","July","2023","Age 80-84","Resident Population","Female","53,431"
"Kentucky","July","2023","85 years and over","Resident Population","Male","27,221"
"Kentucky","July","2023","85 years and over","Resident Population","Female","48,654"
"Louisiana","July","2023","Age under 5","Resident Population","Male","142,681"
"Louisiana","July","2023","Age under 5","Resident Population","Female","136,746"
"Louisiana","July","2023","Age 5-9","Resident Population","Male","152,079"
"Louisiana","July","2023","Age 5-9","Resident Population","Female","146,379"
"Louisiana","July","2023","Age 5-13","Resident Population","Male","272,892"
"Louisiana","July","2023","Age 5-13","Resident Population","Female","261,996"
"Louisiana","July","2023","Age 10-14","Resident Population","Male","152,527"
"Louisiana","July","2023","Age 10-14","Resident Population","Female","146,011"
"Louisiana","July","2023","Age 14-17","Resident Population","Male","129,085"
"Louisiana","July","2023","Age 14-17","Resident Population","Female","123,749"
"Louisiana","July","2023","Age 15-19","Resident Population","Male","156,295"
"Louisiana","July","2023","Age 15-19","Resident Population","Female","151,000"
"Louisiana","July","2023","Age 15-44","Resident Population","Male","903,909"
"Louisiana","July","2023","Age 15-44","Resident Population","Female","909,420"
"Louisiana","July","2023","Age 16 and older","Resident Population","Male","1,754,656"
"Louisiana","July","2023","Age 16 and older","Resident Population","Female","1,878,085"
"Louisiana","July","2023","Age 18-24","Resident Population","Male","209,950"
"Louisiana","July","2023","Age 18-24","Resident Population","Female","206,575"
"Louisiana","July","2023","Age 18 and older","Resident Population","Male","1,690,240"
"Louisiana","July","2023","Age 18 and older","Resident Population","Female","1,816,360"
"Louisiana","July","2023","Age 20-24","Resident Population","Male","151,026"
"Louisiana","July","2023","Age 20-24","Resident Population","Female","148,930"
"Louisiana","July","2023","Age 25-29","Resident Population","Male","143,179"
"Louisiana","July","2023","Age 25-29","Resident Population","Female","142,073"
"Louisiana","July","2023","Age 25-44","Resident Population","Male","596,588"
"Louisiana","July","2023","Age 25-44","Resident Population","Female","609,490"
"Louisiana","July","2023","Age 30-34","Resident Population","Male","154,184"
"Louisiana","July","2023","Age 30-34","Resident Population","Female","159,100"
"Louisiana","July","2023","Age 35-39","Resident Population","Male","150,606"
"Louisiana","July","2023","Age 35-39","Resident Population","Female","155,189"
"Louisiana","July","2023","Age 40-44","Resident Population","Male","148,619"
"Louisiana","July","2023","Age 40-44","Resident Population","Female","153,128"
"Louisiana","July","2023","Age 45-49","Resident Population","Male","128,001"
"Louisiana","July","2023","Age 45-49","Resident Population","Female","131,991"
"Louisiana","July","2023","Age 45-64","Resident Population","Male","529,303"
"Louisiana","July","2023","Age 45-64","Resident Population","Female","561,039"
"Louisiana","July","2023","Age 50-54","Resident Population","Male","129,450"
"Louisiana","July","2023","Age 50-54","Resident Population","Female","134,899"
"Louisiana","July","2023","Age 55-59","Resident Population","Male","132,705"
"Louisiana","July","2023","Age 55-59","Resident Population","Female","142,006"
"Louisiana","July","2023","Age 60-64","Resident Population","Male","139,147"
"Louisiana","July","2023","Age 60-64","Resident Population","Female","152,143"
"Louisiana","July","2023","Age 65-69","Resident Population","Male","125,698"
"Louisiana","July","2023","Age 65-69","Resident Population","Female","141,076"
"Louisiana","July","2023","Age 65 and older","Resident Population","Male","354,399"
"Louisiana","July","2023","Age 65 and older","Resident Population","Female","439,256"
"Louisiana","July","2023","Age 70-74","Resident Population","Male","97,337"
"Louisiana","July","2023","Age 70-74","Resident Population","Female","114,670"
"Louisiana","July","2023","Age 75-79","Resident Population","Male","66,941"
"Louisiana","July","2023","Age 75-79","Resident Population","Female","83,028"
"Louisiana","July","2023","Age 80-84","Resident Population","Male","37,209"
"Louisiana","July","2023","Age 80-84","Resident Population","Female","52,376"
"Louisiana","July","2023","85 years and over","Resident Population","Male","27,214"
"Louisiana","July","2023","85 years and over","Resident Population","Female","48,106"
"Maine","July","2023","Age under 5","Resident Population","Male","31,908"
"Maine","July","2023","Age under 5","Resident Population","Female","29,737"
"Maine","July","2023","Age 5-9","Resident Population","Male","35,055"
"Maine","July","2023","Age 5-9","Resident Population","Female","33,248"
"Maine","July","2023","Age 5-13","Resident Population","Male","64,139"
"Maine","July","2023","Age 5-13","Resident Population","Female","60,694"
"Maine","July","2023","Age 10-14","Resident Population","Male","36,833"
"Maine","July","2023","Age 10-14","Resident Population","Female","34,794"
"Maine","July","2023","Age 14-17","Resident Population","Male","32,199"
"Maine","July","2023","Age 14-17","Resident Population","Female","30,375"
"Maine","July","2023","Age 15-19","Resident Population","Male","41,846"
"Maine","July","2023","Age 15-19","Resident Population","Female","39,329"
"Maine","July","2023","Age 15-44","Resident Population","Male","252,651"
"Maine","July","2023","Age 15-44","Resident Population","Female","247,378"
"Maine","July","2023","Age 16 and older","Resident Population","Male","575,710"
"Maine","July","2023","Age 16 and older","Resident Population","Female","602,783"
"Maine","July","2023","Age 18-24","Resident Population","Male","56,911"
"Maine","July","2023","Age 18-24","Resident Population","Female","53,815"
"Maine","July","2023","Age 18 and older","Resident Population","Male","559,309"
"Maine","July","2023","Age 18 and older","Resident Population","Female","587,361"
"Maine","July","2023","Age 20-24","Resident Population","Male","39,515"
"Maine","July","2023","Age 20-24","Resident Population","Female","37,513"
"Maine","July","2023","Age 25-29","Resident Population","Male","40,199"
"Maine","July","2023","Age 25-29","Resident Population","Female","39,461"
"Maine","July","2023","Age 25-44","Resident Population","Male","171,290"
"Maine","July","2023","Age 25-44","Resident Population","Female","170,536"
"Maine","July","2023","Age 30-34","Resident Population","Male","44,745"
"Maine","July","2023","Age 30-34","Resident Population","Female","44,316"
"Maine","July","2023","Age 35-39","Resident Population","Male","44,279"
"Maine","July","2023","Age 35-39","Resident Population","Female","44,074"
"Maine","July","2023","Age 40-44","Resident Population","Male","42,067"
"Maine","July","2023","Age 40-44","Resident Population","Female","42,685"
"Maine","July","2023","Age 45-49","Resident Population","Male","38,648"
"Maine","July","2023","Age 45-49","Resident Population","Female","39,326"
"Maine","July","2023","Age 45-64","Resident Population","Male","182,837"
"Maine","July","2023","Age 45-64","Resident Population","Female","190,440"
"Maine","July","2023","Age 50-54","Resident Population","Male","43,947"
"Maine","July","2023","Age 50-54","Resident Population","Female","44,864"
"Maine","July","2023","Age 55-59","Resident Population","Male","47,240"
"Maine","July","2023","Age 55-59","Resident Population","Female","49,843"
"Maine","July","2023","Age 60-64","Resident Population","Male","53,002"
"Maine","July","2023","Age 60-64","Resident Population","Female","56,407"
"Maine","July","2023","Age 65-69","Resident Population","Male","49,983"
"Maine","July","2023","Age 65-69","Resident Population","Female","54,004"
"Maine","July","2023","Age 65 and older","Resident Population","Male","148,271"
"Maine","July","2023","Age 65 and older","Resident Population","Female","172,570"
"Maine","July","2023","Age 70-74","Resident Population","Male","41,039"
"Maine","July","2023","Age 70-74","Resident Population","Female","45,401"
"Maine","July","2023","Age 75-79","Resident Population","Male","29,453"
"Maine","July","2023","Age 75-79","Resident Population","Female","32,645"
"Maine","July","2023","Age 80-84","Resident Population","Male","16,109"
"Maine","July","2023","Age 80-84","Resident Population","Female","20,508"
"Maine","July","2023","85 years and over","Resident Population","Male","11,687"
"Maine","July","2023","85 years and over","Resident Population","Female","20,012"
"Maryland","July","2023","Age under 5","Resident Population","Male","178,124"
"Maryland","July","2023","Age under 5","Resident Population","Female","171,589"
"Maryland","July","2023","Age 5-9","Resident Population","Male","193,174"
"Maryland","July","2023","Age 5-9","Resident Population","Female","184,809"
"Maryland","July","2023","Age 5-13","Resident Population","Male","351,068"
"Maryland","July","2023","Age 5-13","Resident Population","Female","335,566"
"Maryland","July","2023","Age 10-14","Resident Population","Male","198,629"
"Maryland","July","2023","Age 10-14","Resident Population","Female","189,887"
"Maryland","July","2023","Age 14-17","Resident Population","Male","166,449"
"Maryland","July","2023","Age 14-17","Resident Population","Female","159,120"
"Maryland","July","2023","Age 15-19","Resident Population","Male","203,301"
"Maryland","July","2023","Age 15-19","Resident Population","Female","195,325"
"Maryland","July","2023","Age 15-44","Resident Population","Male","1,200,633"
"Maryland","July","2023","Age 15-44","Resident Population","Female","1,212,719"
"Maryland","July","2023","Age 16 and older","Resident Population","Male","2,392,145"
"Maryland","July","2023","Age 16 and older","Resident Population","Female","2,588,949"
"Maryland","July","2023","Age 18-24","Resident Population","Male","262,380"
"Maryland","July","2023","Age 18-24","Resident Population","Female","257,230"
"Maryland","July","2023","Age 18 and older","Resident Population","Male","2,308,762"
"Maryland","July","2023","Age 18 and older","Resident Population","Female","2,509,575"
"Maryland","July","2023","Age 20-24","Resident Population","Male","184,793"
"Maryland","July","2023","Age 20-24","Resident Population","Female","181,895"
"Maryland","July","2023","Age 25-29","Resident Population","Male","187,593"
"Maryland","July","2023","Age 25-29","Resident Population","Female","190,189"
"Maryland","July","2023","Age 25-44","Resident Population","Male","812,539"
"Maryland","July","2023","Age 25-44","Resident Population","Female","835,499"
"Maryland","July","2023","Age 30-34","Resident Population","Male","208,736"
"Maryland","July","2023","Age 30-34","Resident Population","Female","213,928"
"Maryland","July","2023","Age 35-39","Resident Population","Male","210,718"
"Maryland","July","2023","Age 35-39","Resident Population","Female","218,850"
"Maryland","July","2023","Age 40-44","Resident Population","Male","205,492"
"Maryland","July","2023","Age 40-44","Resident Population","Female","212,532"
"Maryland","July","2023","Age 45-49","Resident Population","Male","181,299"
"Maryland","July","2023","Age 45-49","Resident Population","Female","189,903"
"Maryland","July","2023","Age 45-64","Resident Population","Male","765,760"
"Maryland","July","2023","Age 45-64","Resident Population","Female","818,545"
"Maryland","July","2023","Age 50-54","Resident Population","Male","192,047"
"Maryland","July","2023","Age 50-54","Resident Population","Female","203,871"
"Maryland","July","2023","Age 55-59","Resident Population","Male","197,915"
"Maryland","July","2023","Age 55-59","Resident Population","Female","212,522"
"Maryland","July","2023","Age 60-64","Resident Population","Male","194,499"
"Maryland","July","2023","Age 60-64","Resident Population","Female","212,249"
"Maryland","July","2023","Age 65-69","Resident Population","Male","162,168"
"Maryland","July","2023","Age 65-69","Resident Population","Female","184,996"
"Maryland","July","2023","Age 65 and older","Resident Population","Male","468,083"
"Maryland","July","2023","Age 65 and older","Resident Population","Female","598,301"
"Maryland","July","2023","Age 70-74","Resident Population","Male","123,914"
"Maryland","July","2023","Age 70-74","Resident Population","Female","151,693"
"Maryland","July","2023","Age 75-79","Resident Population","Male","89,226"
"Maryland","July","2023","Age 75-79","Resident Population","Female","114,916"
"Maryland","July","2023","Age 80-84","Resident Population","Male","52,462"
"Maryland","July","2023","Age 80-84","Resident Population","Female","73,327"
"Maryland","July","2023","85 years and over","Resident Population","Male","40,313"
"Maryland","July","2023","85 years and over","Resident Population","Female","73,369"
"Massachusetts","July","2023","Age under 5","Resident Population","Male","176,215"
"Massachusetts","July","2023","Age under 5","Resident Population","Female","167,728"
"Massachusetts","July","2023","Age 5-9","Resident Population","Male","186,457"
"Massachusetts","July","2023","Age 5-9","Resident Population","Female","178,743"
"Massachusetts","July","2023","Age 5-13","Resident Population","Male","341,984"
"Massachusetts","July","2023","Age 5-13","Resident Population","Female","326,884"
"Massachusetts","July","2023","Age 10-14","Resident Population","Male","196,269"
"Massachusetts","July","2023","Age 10-14","Resident Population","Female","186,492"
"Massachusetts","July","2023","Age 14-17","Resident Population","Male","168,967"
"Massachusetts","July","2023","Age 14-17","Resident Population","Female","160,023"
"Massachusetts","July","2023","Age 15-19","Resident Population","Male","227,837"
"Massachusetts","July","2023","Age 15-19","Resident Population","Female","224,315"
"Massachusetts","July","2023","Age 15-44","Resident Population","Male","1,411,119"
"Massachusetts","July","2023","Age 15-44","Resident Population","Female","1,414,563"
"Massachusetts","July","2023","Age 16 and older","Resident Population","Male","2,818,874"
"Massachusetts","July","2023","Age 16 and older","Resident Population","Female","3,008,116"
"Massachusetts","July","2023","Age 18-24","Resident Population","Male","335,973"
"Massachusetts","July","2023","Age 18-24","Resident Population","Female","345,234"
"Massachusetts","July","2023","Age 18 and older","Resident Population","Male","2,733,269"
"Massachusetts","July","2023","Age 18 and older","Resident Population","Female","2,926,329"
"Massachusetts","July","2023","Age 20-24","Resident Population","Male","236,361"
"Massachusetts","July","2023","Age 20-24","Resident Population","Female","242,591"
"Massachusetts","July","2023","Age 25-29","Resident Population","Male","239,743"
"Massachusetts","July","2023","Age 25-29","Resident Population","Female","238,065"
"Massachusetts","July","2023","Age 25-44","Resident Population","Male","946,921"
"Massachusetts","July","2023","Age 25-44","Resident Population","Female","947,657"
"Massachusetts","July","2023","Age 30-34","Resident Population","Male","248,111"
"Massachusetts","July","2023","Age 30-34","Resident Population","Female","244,998"
"Massachusetts","July","2023","Age 35-39","Resident Population","Male","238,780"
"Massachusetts","July","2023","Age 35-39","Resident Population","Female","241,164"
"Massachusetts","July","2023","Age 40-44","Resident Population","Male","220,287"
"Massachusetts","July","2023","Age 40-44","Resident Population","Female","223,430"
"Massachusetts","July","2023","Age 45-49","Resident Population","Male","199,559"
"Massachusetts","July","2023","Age 45-49","Resident Population","Female","205,317"
"Massachusetts","July","2023","Age 45-64","Resident Population","Male","875,189"
"Massachusetts","July","2023","Age 45-64","Resident Population","Female","914,950"
"Massachusetts","July","2023","Age 50-54","Resident Population","Male","216,166"
"Massachusetts","July","2023","Age 50-54","Resident Population","Female","225,896"
"Massachusetts","July","2023","Age 55-59","Resident Population","Male","229,010"
"Massachusetts","July","2023","Age 55-59","Resident Population","Female","240,330"
"Massachusetts","July","2023","Age 60-64","Resident Population","Male","230,454"
"Massachusetts","July","2023","Age 60-64","Resident Population","Female","243,407"
"Massachusetts","July","2023","Age 65-69","Resident Population","Male","198,199"
"Massachusetts","July","2023","Age 65-69","Resident Population","Female","219,524"
"Massachusetts","July","2023","Age 65 and older","Resident Population","Male","575,186"
"Massachusetts","July","2023","Age 65 and older","Resident Population","Female","718,488"
"Massachusetts","July","2023","Age 70-74","Resident Population","Male","154,446"
"Massachusetts","July","2023","Age 70-74","Resident Population","Female","180,604"
"Massachusetts","July","2023","Age 75-79","Resident Population","Male","110,720"
"Massachusetts","July","2023","Age 75-79","Resident Population","Female","137,107"
"Massachusetts","July","2023","Age 80-84","Resident Population","Male","62,832"
"Massachusetts","July","2023","Age 80-84","Resident Population","Female","87,833"
"Massachusetts","July","2023","85 years and over","Resident Population","Male","48,989"
"Massachusetts","July","2023","85 years and over","Resident Population","Female","93,420"
"Michigan","July","2023","Age under 5","Resident Population","Male","271,182"
"Michigan","July","2023","Age under 5","Resident Population","Female","258,780"
"Michigan","July","2023","Age 5-9","Resident Population","Male","300,432"
"Michigan","July","2023","Age 5-9","Resident Population","Female","286,108"
"Michigan","July","2023","Age 5-13","Resident Population","Male","546,556"
"Michigan","July","2023","Age 5-13","Resident Population","Female","519,502"
"Michigan","July","2023","Age 10-14","Resident Population","Male","310,177"
"Michigan","July","2023","Age 10-14","Resident Population","Female","294,458"
"Michigan","July","2023","Age 14-17","Resident Population","Male","264,703"
"Michigan","July","2023","Age 14-17","Resident Population","Female","251,188"
"Michigan","July","2023","Age 15-19","Resident Population","Male","332,223"
"Michigan","July","2023","Age 15-19","Resident Population","Female","314,887"
"Michigan","July","2023","Age 15-44","Resident Population","Male","1,959,395"
"Michigan","July","2023","Age 15-44","Resident Population","Female","1,897,849"
"Michigan","July","2023","Age 16 and older","Resident Population","Male","4,024,994"
"Michigan","July","2023","Age 16 and older","Resident Population","Female","4,161,068"
"Michigan","July","2023","Age 18-24","Resident Population","Male","471,537"
"Michigan","July","2023","Age 18-24","Resident Population","Female","451,570"
"Michigan","July","2023","Age 18 and older","Resident Population","Male","3,891,100"
"Michigan","July","2023","Age 18 and older","Resident Population","Female","4,034,250"
"Michigan","July","2023","Age 20-24","Resident Population","Male","339,964"
"Michigan","July","2023","Age 20-24","Resident Population","Female","326,807"
"Michigan","July","2023","Age 25-29","Resident Population","Male","326,604"
"Michigan","July","2023","Age 25-29","Resident Population","Female","311,898"
"Michigan","July","2023","Age 25-44","Resident Population","Male","1,287,208"
"Michigan","July","2023","Age 25-44","Resident Population","Female","1,256,155"
"Michigan","July","2023","Age 30-34","Resident Population","Male","344,534"
"Michigan","July","2023","Age 30-34","Resident Population","Female","335,920"
"Michigan","July","2023","Age 35-39","Resident Population","Male","310,316"
"Michigan","July","2023","Age 35-39","Resident Population","Female","304,081"
"Michigan","July","2023","Age 40-44","Resident Population","Male","305,754"
"Michigan","July","2023","Age 40-44","Resident Population","Female","304,256"
"Michigan","July","2023","Age 45-49","Resident Population","Male","281,310"
"Michigan","July","2023","Age 45-49","Resident Population","Female","284,267"
"Michigan","July","2023","Age 45-64","Resident Population","Male","1,253,720"
"Michigan","July","2023","Age 45-64","Resident Population","Female","1,278,408"
"Michigan","July","2023","Age 50-54","Resident Population","Male","312,869"
"Michigan","July","2023","Age 50-54","Resident Population","Female","314,889"
"Michigan","July","2023","Age 55-59","Resident Population","Male","321,765"
"Michigan","July","2023","Age 55-59","Resident Population","Female","326,967"
"Michigan","July","2023","Age 60-64","Resident Population","Male","337,776"
"Michigan","July","2023","Age 60-64","Resident Population","Female","352,285"
"Michigan","July","2023","Age 65-69","Resident Population","Male","307,606"
"Michigan","July","2023","Age 65-69","Resident Population","Female","332,758"
"Michigan","July","2023","Age 65 and older","Resident Population","Male","878,635"
"Michigan","July","2023","Age 65 and older","Resident Population","Female","1,048,117"
"Michigan","July","2023","Age 70-74","Resident Population","Male","241,531"
"Michigan","July","2023","Age 70-74","Resident Population","Female","272,553"
"Michigan","July","2023","Age 75-79","Resident Population","Male","165,203"
"Michigan","July","2023","Age 75-79","Resident Population","Female","196,589"
"Michigan","July","2023","Age 80-84","Resident Population","Male","96,475"
"Michigan","July","2023","Age 80-84","Resident Population","Female","126,063"
"Michigan","July","2023","85 years and over","Resident Population","Male","67,820"
"Michigan","July","2023","85 years and over","Resident Population","Female","120,154"
"Minnesota","July","2023","Age under 5","Resident Population","Male","167,868"
"Minnesota","July","2023","Age under 5","Resident Population","Female","160,562"
"Minnesota","July","2023","Age 5-9","Resident Population","Male","185,511"
"Minnesota","July","2023","Age 5-9","Resident Population","Female","177,672"
"Minnesota","July","2023","Age 5-13","Resident Population","Male","337,020"
"Minnesota","July","2023","Age 5-13","Resident Population","Female","321,882"
"Minnesota","July","2023","Age 10-14","Resident Population","Male","191,009"
"Minnesota","July","2023","Age 10-14","Resident Population","Female","181,666"
"Minnesota","July","2023","Age 14-17","Resident Population","Male","159,997"
"Minnesota","July","2023","Age 14-17","Resident Population","Female","153,605"
"Minnesota","July","2023","Age 15-19","Resident Population","Male","195,829"
"Minnesota","July","2023","Age 15-19","Resident Population","Female","188,638"
"Minnesota","July","2023","Age 15-44","Resident Population","Male","1,154,239"
"Minnesota","July","2023","Age 15-44","Resident Population","Female","1,108,806"
"Minnesota","July","2023","Age 16 and older","Resident Population","Male","2,290,497"
"Minnesota","July","2023","Age 16 and older","Resident Population","Female","2,303,572"
"Minnesota","July","2023","Age 18-24","Resident Population","Male","257,650"
"Minnesota","July","2023","Age 18-24","Resident Population","Female","249,143"
"Minnesota","July","2023","Age 18 and older","Resident Population","Male","2,210,490"
"Minnesota","July","2023","Age 18 and older","Resident Population","Female","2,226,491"
"Minnesota","July","2023","Age 20-24","Resident Population","Male","182,318"
"Minnesota","July","2023","Age 20-24","Resident Population","Female","176,654"
"Minnesota","July","2023","Age 25-29","Resident Population","Male","182,065"
"Minnesota","July","2023","Age 25-29","Resident Population","Female","175,216"
"Minnesota","July","2023","Age 25-44","Resident Population","Male","776,092"
"Minnesota","July","2023","Age 25-44","Resident Population","Female","743,514"
"Minnesota","July","2023","Age 30-34","Resident Population","Male","194,828"
"Minnesota","July","2023","Age 30-34","Resident Population","Female","186,021"
"Minnesota","July","2023","Age 35-39","Resident Population","Male","200,347"
"Minnesota","July","2023","Age 35-39","Resident Population","Female","192,551"
"Minnesota","July","2023","Age 40-44","Resident Population","Male","198,852"
"Minnesota","July","2023","Age 40-44","Resident Population","Female","189,726"
"Minnesota","July","2023","Age 45-49","Resident Population","Male","167,888"
"Minnesota","July","2023","Age 45-49","Resident Population","Female","160,023"
"Minnesota","July","2023","Age 45-64","Resident Population","Male","702,204"
"Minnesota","July","2023","Age 45-64","Resident Population","Female","685,131"
"Minnesota","July","2023","Age 50-54","Resident Population","Male","170,340"
"Minnesota","July","2023","Age 50-54","Resident Population","Female","163,586"
"Minnesota","July","2023","Age 55-59","Resident Population","Male","175,018"
"Minnesota","July","2023","Age 55-59","Resident Population","Female","171,883"
"Minnesota","July","2023","Age 60-64","Resident Population","Male","188,958"
"Minnesota","July","2023","Age 60-64","Resident Population","Female","189,639"
"Minnesota","July","2023","Age 65-69","Resident Population","Male","164,973"
"Minnesota","July","2023","Age 65-69","Resident Population","Female","170,331"
"Minnesota","July","2023","Age 65 and older","Resident Population","Male","474,544"
"Minnesota","July","2023","Age 65 and older","Resident Population","Female","548,703"
"Minnesota","July","2023","Age 70-74","Resident Population","Male","129,110"
"Minnesota","July","2023","Age 70-74","Resident Population","Female","138,729"
"Minnesota","July","2023","Age 75-79","Resident Population","Male","86,436"
"Minnesota","July","2023","Age 75-79","Resident Population","Female","99,079"
"Minnesota","July","2023","Age 80-84","Resident Population","Male","51,994"
"Minnesota","July","2023","Age 80-84","Resident Population","Female","66,482"
"Minnesota","July","2023","85 years and over","Resident Population","Male","42,031"
"Minnesota","July","2023","85 years and over","Resident Population","Female","74,082"
"Mississippi","July","2023","Age under 5","Resident Population","Male","88,765"
"Mississippi","July","2023","Age under 5","Resident Population","Female","85,105"
"Mississippi","July","2023","Age 5-9","Resident Population","Male","92,894"
"Mississippi","July","2023","Age 5-9","Resident Population","Female","90,400"
"Mississippi","July","2023","Age 5-13","Resident Population","Male","170,167"
"Mississippi","July","2023","Age 5-13","Resident Population","Female","164,676"
"Mississippi","July","2023","Age 10-14","Resident Population","Male","98,357"
"Mississippi","July","2023","Age 10-14","Resident Population","Female","94,526"
"Mississippi","July","2023","Age 14-17","Resident Population","Male","87,326"
"Mississippi","July","2023","Age 14-17","Resident Population","Female","83,787"
"Mississippi","July","2023","Age 15-19","Resident Population","Male","108,209"
"Mississippi","July","2023","Age 15-19","Resident Population","Female","104,221"
"Mississippi","July","2023","Age 15-44","Resident Population","Male","572,126"
"Mississippi","July","2023","Age 15-44","Resident Population","Female","581,588"
"Mississippi","July","2023","Age 16 and older","Resident Population","Male","1,123,485"
"Mississippi","July","2023","Age 16 and older","Resident Population","Female","1,222,592"
"Mississippi","July","2023","Age 18-24","Resident Population","Male","143,661"
"Mississippi","July","2023","Age 18-24","Resident Population","Female","139,870"
"Mississippi","July","2023","Age 18 and older","Resident Population","Male","1,079,460"
"Mississippi","July","2023","Age 18 and older","Resident Population","Female","1,180,404"
"Mississippi","July","2023","Age 20-24","Resident Population","Male","101,694"
"Mississippi","July","2023","Age 20-24","Resident Population","Female","99,186"
"Mississippi","July","2023","Age 25-29","Resident Population","Male","90,953"
"Mississippi","July","2023","Age 25-29","Resident Population","Female","91,614"
"Mississippi","July","2023","Age 25-44","Resident Population","Male","362,223"
"Mississippi","July","2023","Age 25-44","Resident Population","Female","378,181"
"Mississippi","July","2023","Age 30-34","Resident Population","Male","94,596"
"Mississippi","July","2023","Age 30-34","Resident Population","Female","98,474"
"Mississippi","July","2023","Age 35-39","Resident Population","Male","86,606"
"Mississippi","July","2023","Age 35-39","Resident Population","Female","92,526"
"Mississippi","July","2023","Age 40-44","Resident Population","Male","90,068"
"Mississippi","July","2023","Age 40-44","Resident Population","Female","95,567"
"Mississippi","July","2023","Age 45-49","Resident Population","Male","82,440"
"Mississippi","July","2023","Age 45-49","Resident Population","Female","88,769"
"Mississippi","July","2023","Age 45-64","Resident Population","Male","345,378"
"Mississippi","July","2023","Age 45-64","Resident Population","Female","372,889"
"Mississippi","July","2023","Age 50-54","Resident Population","Male","87,081"
"Mississippi","July","2023","Age 50-54","Resident Population","Female","93,041"
"Mississippi","July","2023","Age 55-59","Resident Population","Male","86,373"
"Mississippi","July","2023","Age 55-59","Resident Population","Female","92,434"
"Mississippi","July","2023","Age 60-64","Resident Population","Male","89,484"
"Mississippi","July","2023","Age 60-64","Resident Population","Female","98,645"
"Mississippi","July","2023","Age 65-69","Resident Population","Male","79,985"
"Mississippi","July","2023","Age 65-69","Resident Population","Female","91,001"
"Mississippi","July","2023","Age 65 and older","Resident Population","Male","228,198"
"Mississippi","July","2023","Age 65 and older","Resident Population","Female","289,464"
"Mississippi","July","2023","Age 70-74","Resident Population","Male","62,671"
"Mississippi","July","2023","Age 70-74","Resident Population","Female","74,936"
"Mississippi","July","2023","Age 75-79","Resident Population","Male","44,063"
"Mississippi","July","2023","Age 75-79","Resident Population","Female","54,729"
"Mississippi","July","2023","Age 80-84","Resident Population","Male","24,243"
"Mississippi","July","2023","Age 80-84","Resident Population","Female","35,400"
"Mississippi","July","2023","85 years and over","Resident Population","Male","17,236"
"Mississippi","July","2023","85 years and over","Resident Population","Female","33,398"
"Missouri","July","2023","Age under 5","Resident Population","Male","180,359"
"Missouri","July","2023","Age under 5","Resident Population","Female","171,158"
"Missouri","July","2023","Age 5-9","Resident Population","Male","195,352"
"Missouri","July","2023","Age 5-9","Resident Population","Female","185,375"
"Missouri","July","2023","Age 5-13","Resident Population","Male","354,585"
"Missouri","July","2023","Age 5-13","Resident Population","Female","336,155"
"Missouri","July","2023","Age 10-14","Resident Population","Male","200,975"
"Missouri","July","2023","Age 10-14","Resident Population","Female","190,257"
"Missouri","July","2023","Age 14-17","Resident Population","Male","170,497"
"Missouri","July","2023","Age 14-17","Resident Population","Female","161,716"
"Missouri","July","2023","Age 15-19","Resident Population","Male","210,375"
"Missouri","July","2023","Age 15-19","Resident Population","Female","198,616"
"Missouri","July","2023","Age 15-44","Resident Population","Male","1,224,263"
"Missouri","July","2023","Age 15-44","Resident Population","Female","1,202,659"
"Missouri","July","2023","Age 16 and older","Resident Population","Male","2,437,849"
"Missouri","July","2023","Age 16 and older","Resident Population","Female","2,550,717"
"Missouri","July","2023","Age 18-24","Resident Population","Male","287,657"
"Missouri","July","2023","Age 18-24","Resident Population","Female","276,378"
"Missouri","July","2023","Age 18 and older","Resident Population","Male","2,352,151"
"Missouri","July","2023","Age 18 and older","Resident Population","Female","2,469,535"
"Missouri","July","2023","Age 20-24","Resident Population","Male","206,037"
"Missouri","July","2023","Age 20-24","Resident Population","Female","200,001"
"Missouri","July","2023","Age 25-29","Resident Population","Male","199,927"
"Missouri","July","2023","Age 25-29","Resident Population","Female","195,346"
"Missouri","July","2023","Age 25-44","Resident Population","Male","807,851"
"Missouri","July","2023","Age 25-44","Resident Population","Female","804,042"
"Missouri","July","2023","Age 30-34","Resident Population","Male","208,424"
"Missouri","July","2023","Age 30-34","Resident Population","Female","208,970"
"Missouri","July","2023","Age 35-39","Resident Population","Male","200,469"
"Missouri","July","2023","Age 35-39","Resident Population","Female","200,715"
"Missouri","July","2023","Age 40-44","Resident Population","Male","199,031"
"Missouri","July","2023","Age 40-44","Resident Population","Female","199,011"
"Missouri","July","2023","Age 45-49","Resident Population","Male","175,688"
"Missouri","July","2023","Age 45-49","Resident Population","Female","176,497"
"Missouri","July","2023","Age 45-64","Resident Population","Male","745,207"
"Missouri","July","2023","Age 45-64","Resident Population","Female","763,936"
"Missouri","July","2023","Age 50-54","Resident Population","Male","183,048"
"Missouri","July","2023","Age 50-54","Resident Population","Female","184,622"
"Missouri","July","2023","Age 55-59","Resident Population","Male","184,693"
"Missouri","July","2023","Age 55-59","Resident Population","Female","190,257"
"Missouri","July","2023","Age 60-64","Resident Population","Male","201,778"
"Missouri","July","2023","Age 60-64","Resident Population","Female","212,560"
"Missouri","July","2023","Age 65-69","Resident Population","Male","177,411"
"Missouri","July","2023","Age 65-69","Resident Population","Female","194,492"
"Missouri","July","2023","Age 65 and older","Resident Population","Male","511,436"
"Missouri","July","2023","Age 65 and older","Resident Population","Female","625,179"
"Missouri","July","2023","Age 70-74","Resident Population","Male","137,122"
"Missouri","July","2023","Age 70-74","Resident Population","Female","158,801"
"Missouri","July","2023","Age 75-79","Resident Population","Male","96,799"
"Missouri","July","2023","Age 75-79","Resident Population","Female","117,488"
"Missouri","July","2023","Age 80-84","Resident Population","Male","57,054"
"Missouri","July","2023","Age 80-84","Resident Population","Female","77,224"
"Missouri","July","2023","85 years and over","Resident Population","Male","43,050"
"Missouri","July","2023","85 years and over","Resident Population","Female","77,174"
"Montana","July","2023","Age under 5","Resident Population","Male","29,368"
"Montana","July","2023","Age under 5","Resident Population","Female","28,206"
"Montana","July","2023","Age 5-9","Resident Population","Male","33,888"
"Montana","July","2023","Age 5-9","Resident Population","Female","32,171"
"Montana","July","2023","Age 5-13","Resident Population","Male","61,858"
"Montana","July","2023","Age 5-13","Resident Population","Female","58,490"
"Montana","July","2023","Age 10-14","Resident Population","Male","35,261"
"Montana","July","2023","Age 10-14","Resident Population","Female","33,165"
"Montana","July","2023","Age 14-17","Resident Population","Male","29,852"
"Montana","July","2023","Age 14-17","Resident Population","Female","27,877"
"Montana","July","2023","Age 15-19","Resident Population","Male","36,919"
"Montana","July","2023","Age 15-19","Resident Population","Female","33,688"
"Montana","July","2023","Age 15-44","Resident Population","Male","228,965"
"Montana","July","2023","Age 15-44","Resident Population","Female","212,141"
"Montana","July","2023","Age 16 and older","Resident Population","Male","467,854"
"Montana","July","2023","Age 16 and older","Resident Population","Female","458,244"
"Montana","July","2023","Age 18-24","Resident Population","Male","54,189"
"Montana","July","2023","Age 18-24","Resident Population","Female","47,848"
"Montana","July","2023","Age 18 and older","Resident Population","Male","452,863"
"Montana","July","2023","Age 18 and older","Resident Population","Female","444,298"
"Montana","July","2023","Age 20-24","Resident Population","Male","39,831"
"Montana","July","2023","Age 20-24","Resident Population","Female","35,191"
"Montana","July","2023","Age 25-29","Resident Population","Male","37,518"
"Montana","July","2023","Age 25-29","Resident Population","Female","34,633"
"Montana","July","2023","Age 25-44","Resident Population","Male","152,215"
"Montana","July","2023","Age 25-44","Resident Population","Female","143,262"
"Montana","July","2023","Age 30-34","Resident Population","Male","38,944"
"Montana","July","2023","Age 30-34","Resident Population","Female","37,052"
"Montana","July","2023","Age 35-39","Resident Population","Male","37,728"
"Montana","July","2023","Age 35-39","Resident Population","Female","35,814"
"Montana","July","2023","Age 40-44","Resident Population","Male","38,025"
"Montana","July","2023","Age 40-44","Resident Population","Female","35,763"
"Montana","July","2023","Age 45-49","Resident Population","Male","32,510"
"Montana","July","2023","Age 45-49","Resident Population","Female","30,801"
"Montana","July","2023","Age 45-64","Resident Population","Male","134,879"
"Montana","July","2023","Age 45-64","Resident Population","Female","132,784"
"Montana","July","2023","Age 50-54","Resident Population","Male","32,220"
"Montana","July","2023","Age 50-54","Resident Population","Female","30,552"
"Montana","July","2023","Age 55-59","Resident Population","Male","32,374"
"Montana","July","2023","Age 55-59","Resident Population","Female","32,167"
"Montana","July","2023","Age 60-64","Resident Population","Male","37,775"
"Montana","July","2023","Age 60-64","Resident Population","Female","39,264"
"Montana","July","2023","Age 65-69","Resident Population","Male","37,225"
"Montana","July","2023","Age 65-69","Resident Population","Female","39,032"
"Montana","July","2023","Age 65 and older","Resident Population","Male","111,580"
"Montana","July","2023","Age 65 and older","Resident Population","Female","120,404"
"Montana","July","2023","Age 70-74","Resident Population","Male","31,884"
"Montana","July","2023","Age 70-74","Resident Population","Female","32,474"
"Montana","July","2023","Age 75-79","Resident Population","Male","21,596"
"Montana","July","2023","Age 75-79","Resident Population","Female","22,110"
"Montana","July","2023","Age 80-84","Resident Population","Male","12,212"
"Montana","July","2023","Age 80-84","Resident Population","Female","13,706"
"Montana","July","2023","85 years and over","Resident Population","Male","8,663"
"Montana","July","2023","85 years and over","Resident Population","Female","13,082"
"Nebraska","July","2023","Age under 5","Resident Population","Male","63,644"
"Nebraska","July","2023","Age under 5","Resident Population","Female","60,015"
"Nebraska","July","2023","Age 5-9","Resident Population","Male","69,062"
"Nebraska","July","2023","Age 5-9","Resident Population","Female","65,782"
"Nebraska","July","2023","Age 5-13","Resident Population","Male","124,696"
"Nebraska","July","2023","Age 5-13","Resident Population","Female","118,456"
"Nebraska","July","2023","Age 10-14","Resident Population","Male","70,199"
"Nebraska","July","2023","Age 10-14","Resident Population","Female","66,426"
"Nebraska","July","2023","Age 14-17","Resident Population","Male","58,758"
"Nebraska","July","2023","Age 14-17","Resident Population","Female","55,429"
"Nebraska","July","2023","Age 15-19","Resident Population","Male","72,733"
"Nebraska","July","2023","Age 15-19","Resident Population","Female","68,423"
"Nebraska","July","2023","Age 15-44","Resident Population","Male","407,070"
"Nebraska","July","2023","Age 15-44","Resident Population","Female","385,861"
"Nebraska","July","2023","Age 16 and older","Resident Population","Male","776,898"
"Nebraska","July","2023","Age 16 and older","Resident Population","Female","777,358"
"Nebraska","July","2023","Age 18-24","Resident Population","Male","100,082"
"Nebraska","July","2023","Age 18-24","Resident Population","Female","94,766"
"Nebraska","July","2023","Age 18 and older","Resident Population","Male","747,654"
"Nebraska","July","2023","Age 18 and older","Resident Population","Female","749,727"
"Nebraska","July","2023","Age 20-24","Resident Population","Male","71,542"
"Nebraska","July","2023","Age 20-24","Resident Population","Female","68,020"
"Nebraska","July","2023","Age 25-29","Resident Population","Male","64,494"
"Nebraska","July","2023","Age 25-29","Resident Population","Female","61,195"
"Nebraska","July","2023","Age 25-44","Resident Population","Male","262,795"
"Nebraska","July","2023","Age 25-44","Resident Population","Female","249,418"
"Nebraska","July","2023","Age 30-34","Resident Population","Male","65,056"
"Nebraska","July","2023","Age 30-34","Resident Population","Female","61,833"
"Nebraska","July","2023","Age 35-39","Resident Population","Male","66,624"
"Nebraska","July","2023","Age 35-39","Resident Population","Female","63,024"
"Nebraska","July","2023","Age 40-44","Resident Population","Male","66,621"
"Nebraska","July","2023","Age 40-44","Resident Population","Female","63,366"
"Nebraska","July","2023","Age 45-49","Resident Population","Male","56,821"
"Nebraska","July","2023","Age 45-49","Resident Population","Female","54,229"
"Nebraska","July","2023","Age 45-64","Resident Population","Male","228,376"
"Nebraska","July","2023","Age 45-64","Resident Population","Female","222,398"
"Nebraska","July","2023","Age 50-54","Resident Population","Male","56,207"
"Nebraska","July","2023","Age 50-54","Resident Population","Female","53,345"
"Nebraska","July","2023","Age 55-59","Resident Population","Male","55,163"
"Nebraska","July","2023","Age 55-59","Resident Population","Female","53,888"
"Nebraska","July","2023","Age 60-64","Resident Population","Male","60,185"
"Nebraska","July","2023","Age 60-64","Resident Population","Female","60,936"
"Nebraska","July","2023","Age 65-69","Resident Population","Male","54,036"
"Nebraska","July","2023","Age 65-69","Resident Population","Female","56,388"
"Nebraska","July","2023","Age 65 and older","Resident Population","Male","156,401"
"Nebraska","July","2023","Age 65 and older","Resident Population","Female","183,145"
"Nebraska","July","2023","Age 70-74","Resident Population","Male","42,989"
"Nebraska","July","2023","Age 70-74","Resident Population","Female","47,356"
"Nebraska","July","2023","Age 75-79","Resident Population","Male","28,879"
"Nebraska","July","2023","Age 75-79","Resident Population","Female","33,505"
"Nebraska","July","2023","Age 80-84","Resident Population","Male","16,681"
"Nebraska","July","2023","Age 80-84","Resident Population","Female","21,950"
"Nebraska","July","2023","85 years and over","Resident Population","Male","13,816"
"Nebraska","July","2023","85 years and over","Resident Population","Female","23,946"
"Nevada","July","2023","Age under 5","Resident Population","Male","87,561"
"Nevada","July","2023","Age under 5","Resident Population","Female","83,879"
"Nevada","July","2023","Age 5-9","Resident Population","Male","97,361"
"Nevada","July","2023","Age 5-9","Resident Population","Female","92,934"
"Nevada","July","2023","Age 5-13","Resident Population","Male","177,935"
"Nevada","July","2023","Age 5-13","Resident Population","Female","169,445"
"Nevada","July","2023","Age 10-14","Resident Population","Male","101,505"
"Nevada","July","2023","Age 10-14","Resident Population","Female","96,452"
"Nevada","July","2023","Age 14-17","Resident Population","Male","85,506"
"Nevada","July","2023","Age 14-17","Resident Population","Female","81,630"
"Nevada","July","2023","Age 15-19","Resident Population","Male","100,717"
"Nevada","July","2023","Age 15-19","Resident Population","Female","95,040"
"Nevada","July","2023","Age 15-44","Resident Population","Male","658,559"
"Nevada","July","2023","Age 15-44","Resident Population","Female","626,341"
"Nevada","July","2023","Age 16 and older","Resident Population","Male","1,299,524"
"Nevada","July","2023","Age 16 and older","Resident Population","Female","1,292,216"
"Nevada","July","2023","Age 18-24","Resident Population","Male","131,261"
"Nevada","July","2023","Age 18-24","Resident Population","Female","123,123"
"Nevada","July","2023","Age 18 and older","Resident Population","Male","1,256,854"
"Nevada","July","2023","Age 18 and older","Resident Population","Female","1,251,366"
"Nevada","July","2023","Age 20-24","Resident Population","Male","95,119"
"Nevada","July","2023","Age 20-24","Resident Population","Female","89,772"
"Nevada","July","2023","Age 25-29","Resident Population","Male","110,818"
"Nevada","July","2023","Age 25-29","Resident Population","Female","106,035"
"Nevada","July","2023","Age 25-44","Resident Population","Male","462,723"
"Nevada","July","2023","Age 25-44","Resident Population","Female","441,529"
"Nevada","July","2023","Age 30-34","Resident Population","Male","123,065"
"Nevada","July","2023","Age 30-34","Resident Population","Female","118,210"
"Nevada","July","2023","Age 35-39","Resident Population","Male","117,463"
"Nevada","July","2023","Age 35-39","Resident Population","Female","110,831"
"Nevada","July","2023","Age 40-44","Resident Population","Male","111,377"
"Nevada","July","2023","Age 40-44","Resident Population","Female","106,453"
"Nevada","July","2023","Age 45-49","Resident Population","Male","97,942"
"Nevada","July","2023","Age 45-49","Resident Population","Female","96,759"
"Nevada","July","2023","Age 45-64","Resident Population","Male","400,424"
"Nevada","July","2023","Age 45-64","Resident Population","Female","393,451"
"Nevada","July","2023","Age 50-54","Resident Population","Male","103,856"
"Nevada","July","2023","Age 50-54","Resident Population","Female","100,411"
"Nevada","July","2023","Age 55-59","Resident Population","Male","100,189"
"Nevada","July","2023","Age 55-59","Resident Population","Female","97,301"
"Nevada","July","2023","Age 60-64","Resident Population","Male","98,437"
"Nevada","July","2023","Age 60-64","Resident Population","Female","98,980"
"Nevada","July","2023","Age 65-69","Resident Population","Male","87,410"
"Nevada","July","2023","Age 65-69","Resident Population","Female","93,252"
"Nevada","July","2023","Age 65 and older","Resident Population","Male","262,446"
"Nevada","July","2023","Age 65 and older","Resident Population","Female","293,263"
"Nevada","July","2023","Age 70-74","Resident Population","Male","70,763"
"Nevada","July","2023","Age 70-74","Resident Population","Female","79,403"
"Nevada","July","2023","Age 75-79","Resident Population","Male","53,699"
"Nevada","July","2023","Age 75-79","Resident Population","Female","59,437"
"Nevada","July","2023","Age 80-84","Resident Population","Male","30,370"
"Nevada","July","2023","Age 80-84","Resident Population","Female","34,595"
"Nevada","July","2023","85 years and over","Resident Population","Male","20,204"
"Nevada","July","2023","85 years and over","Resident Population","Female","26,576"
"New Hampshire","July","2023","Age under 5","Resident Population","Male","32,033"
"New Hampshire","July","2023","Age under 5","Resident Population","Female","30,552"
"New Hampshire","July","2023","Age 5-9","Resident Population","Male","34,631"
"New Hampshire","July","2023","Age 5-9","Resident Population","Female","33,153"
"New Hampshire","July","2023","Age 5-13","Resident Population","Male","64,456"
"New Hampshire","July","2023","Age 5-13","Resident Population","Female","61,266"
"New Hampshire","July","2023","Age 10-14","Resident Population","Male","37,680"
"New Hampshire","July","2023","Age 10-14","Resident Population","Female","35,525"
"New Hampshire","July","2023","Age 14-17","Resident Population","Male","32,799"
"New Hampshire","July","2023","Age 14-17","Resident Population","Female","30,944"
"New Hampshire","July","2023","Age 15-19","Resident Population","Male","42,314"
"New Hampshire","July","2023","Age 15-19","Resident Population","Female","40,827"
"New Hampshire","July","2023","Age 15-44","Resident Population","Male","268,669"
"New Hampshire","July","2023","Age 15-44","Resident Population","Female","254,820"
"New Hampshire","July","2023","Age 16 and older","Resident Population","Male","587,060"
"New Hampshire","July","2023","Age 16 and older","Resident Population","Female","595,360"
"New Hampshire","July","2023","Age 18-24","Resident Population","Male","60,861"
"New Hampshire","July","2023","Age 18-24","Resident Population","Female","58,973"
"New Hampshire","July","2023","Age 18 and older","Resident Population","Male","570,405"
"New Hampshire","July","2023","Age 18 and older","Resident Population","Female","579,599"
"New Hampshire","July","2023","Age 20-24","Resident Population","Male","43,491"
"New Hampshire","July","2023","Age 20-24","Resident Population","Female","41,678"
"New Hampshire","July","2023","Age 25-29","Resident Population","Male","44,468"
"New Hampshire","July","2023","Age 25-29","Resident Population","Female","40,703"
"New Hampshire","July","2023","Age 25-44","Resident Population","Male","182,864"
"New Hampshire","July","2023","Age 25-44","Resident Population","Female","172,315"
"New Hampshire","July","2023","Age 30-34","Resident Population","Male","48,112"
"New Hampshire","July","2023","Age 30-34","Resident Population","Female","45,260"
"New Hampshire","July","2023","Age 35-39","Resident Population","Male","46,634"
"New Hampshire","July","2023","Age 35-39","Resident Population","Female","44,434"
"New Hampshire","July","2023","Age 40-44","Resident Population","Male","43,650"
"New Hampshire","July","2023","Age 40-44","Resident Population","Female","41,918"
"New Hampshire","July","2023","Age 45-49","Resident Population","Male","38,831"
"New Hampshire","July","2023","Age 45-49","Resident Population","Female","38,760"
"New Hampshire","July","2023","Age 45-64","Resident Population","Male","190,614"
"New Hampshire","July","2023","Age 45-64","Resident Population","Female","192,851"
"New Hampshire","July","2023","Age 50-54","Resident Population","Male","46,062"
"New Hampshire","July","2023","Age 50-54","Resident Population","Female","45,936"
"New Hampshire","July","2023","Age 55-59","Resident Population","Male","50,571"
"New Hampshire","July","2023","Age 55-59","Resident Population","Female","51,421"
"New Hampshire","July","2023","Age 60-64","Resident Population","Male","55,150"
"New Hampshire","July","2023","Age 60-64","Resident Population","Female","56,734"
"New Hampshire","July","2023","Age 65-69","Resident Population","Male","48,328"
"New Hampshire","July","2023","Age 65-69","Resident Population","Female","50,287"
"New Hampshire","July","2023","Age 65 and older","Resident Population","Male","136,066"
"New Hampshire","July","2023","Age 65 and older","Resident Population","Female","155,460"
"New Hampshire","July","2023","Age 70-74","Resident Population","Male","37,040"
"New Hampshire","July","2023","Age 70-74","Resident Population","Female","39,795"
"New Hampshire","July","2023","Age 75-79","Resident Population","Male","25,996"
"New Hampshire","July","2023","Age 75-79","Resident Population","Female","29,070"
"New Hampshire","July","2023","Age 80-84","Resident Population","Male","14,270"
"New Hampshire","July","2023","Age 80-84","Resident Population","Female","17,881"
"New Hampshire","July","2023","85 years and over","Resident Population","Male","10,432"
"New Hampshire","July","2023","85 years and over","Resident Population","Female","18,427"
"New Jersey","July","2023","Age under 5","Resident Population","Male","265,682"
"New Jersey","July","2023","Age under 5","Resident Population","Female","253,388"
"New Jersey","July","2023","Age 5-9","Resident Population","Male","283,351"
"New Jersey","July","2023","Age 5-9","Resident Population","Female","269,677"
"New Jersey","July","2023","Age 5-13","Resident Population","Male","515,782"
"New Jersey","July","2023","Age 5-13","Resident Population","Female","491,698"
"New Jersey","July","2023","Age 10-14","Resident Population","Male","292,585"
"New Jersey","July","2023","Age 10-14","Resident Population","Female","279,660"
"New Jersey","July","2023","Age 14-17","Resident Population","Male","246,889"
"New Jersey","July","2023","Age 14-17","Resident Population","Female","236,851"
"New Jersey","July","2023","Age 15-19","Resident Population","Male","300,672"
"New Jersey","July","2023","Age 15-19","Resident Population","Female","285,171"
"New Jersey","July","2023","Age 15-44","Resident Population","Male","1,801,549"
"New Jersey","July","2023","Age 15-44","Resident Population","Female","1,760,777"
"New Jersey","July","2023","Age 16 and older","Resident Population","Male","3,668,404"
"New Jersey","July","2023","Age 16 and older","Resident Population","Female","3,855,832"
"New Jersey","July","2023","Age 18-24","Resident Population","Male","394,235"
"New Jersey","July","2023","Age 18-24","Resident Population","Female","378,022"
"New Jersey","July","2023","Age 18 and older","Resident Population","Male","3,543,959"
"New Jersey","July","2023","Age 18 and older","Resident Population","Female","3,736,592"
"New Jersey","July","2023","Age 20-24","Resident Population","Male","280,298"
"New Jersey","July","2023","Age 20-24","Resident Population","Female","272,063"
"New Jersey","July","2023","Age 25-29","Resident Population","Male","288,292"
"New Jersey","July","2023","Age 25-29","Resident Population","Female","283,418"
"New Jersey","July","2023","Age 25-44","Resident Population","Male","1,220,579"
"New Jersey","July","2023","Age 25-44","Resident Population","Female","1,203,543"
"New Jersey","July","2023","Age 30-34","Resident Population","Male","311,859"
"New Jersey","July","2023","Age 30-34","Resident Population","Female","306,901"
"New Jersey","July","2023","Age 35-39","Resident Population","Male","312,852"
"New Jersey","July","2023","Age 35-39","Resident Population","Female","306,245"
"New Jersey","July","2023","Age 40-44","Resident Population","Male","307,576"
"New Jersey","July","2023","Age 40-44","Resident Population","Female","306,979"
"New Jersey","July","2023","Age 45-49","Resident Population","Male","286,906"
"New Jersey","July","2023","Age 45-49","Resident Population","Female","289,859"
"New Jersey","July","2023","Age 45-64","Resident Population","Male","1,198,584"
"New Jersey","July","2023","Age 45-64","Resident Population","Female","1,237,244"
"New Jersey","July","2023","Age 50-54","Resident Population","Male","301,495"
"New Jersey","July","2023","Age 50-54","Resident Population","Female","308,848"
"New Jersey","July","2023","Age 55-59","Resident Population","Male","306,384"
"New Jersey","July","2023","Age 55-59","Resident Population","Female","320,125"
"New Jersey","July","2023","Age 60-64","Resident Population","Male","303,799"
"New Jersey","July","2023","Age 60-64","Resident Population","Female","318,412"
"New Jersey","July","2023","Age 65-69","Resident Population","Male","253,694"
"New Jersey","July","2023","Age 65-69","Resident Population","Female","280,501"
"New Jersey","July","2023","Age 65 and older","Resident Population","Male","730,561"
"New Jersey","July","2023","Age 65 and older","Resident Population","Female","917,783"
"New Jersey","July","2023","Age 70-74","Resident Population","Male","190,605"
"New Jersey","July","2023","Age 70-74","Resident Population","Female","224,739"
"New Jersey","July","2023","Age 75-79","Resident Population","Male","138,352"
"New Jersey","July","2023","Age 75-79","Resident Population","Female","175,129"
"New Jersey","July","2023","Age 80-84","Resident Population","Male","81,852"
"New Jersey","July","2023","Age 80-84","Resident Population","Female","116,767"
"New Jersey","July","2023","85 years and over","Resident Population","Male","66,058"
"New Jersey","July","2023","85 years and over","Resident Population","Female","120,647"
"New Mexico","July","2023","Age under 5","Resident Population","Male","55,033"
"New Mexico","July","2023","Age under 5","Resident Population","Female","52,288"
"New Mexico","July","2023","Age 5-9","Resident Population","Male","62,778"
"New Mexico","July","2023","Age 5-9","Resident Population","Female","60,234"
"New Mexico","July","2023","Age 5-13","Resident Population","Male","116,675"
"New Mexico","July","2023","Age 5-13","Resident Population","Female","112,063"
"New Mexico","July","2023","Age 10-14","Resident Population","Male","68,190"
"New Mexico","July","2023","Age 10-14","Resident Population","Female","65,624"
"New Mexico","July","2023","Age 14-17","Resident Population","Male","58,718"
"New Mexico","July","2023","Age 14-17","Resident Population","Female","56,570"
"New Mexico","July","2023","Age 15-19","Resident Population","Male","73,863"
"New Mexico","July","2023","Age 15-19","Resident Population","Female","70,600"
"New Mexico","July","2023","Age 15-44","Resident Population","Male","430,874"
"New Mexico","July","2023","Age 15-44","Resident Population","Female","406,826"
"New Mexico","July","2023","Age 16 and older","Resident Population","Male","850,215"
"New Mexico","July","2023","Age 16 and older","Resident Population","Female","870,853"
"New Mexico","July","2023","Age 18-24","Resident Population","Male","104,065"
"New Mexico","July","2023","Age 18-24","Resident Population","Female","96,330"
"New Mexico","July","2023","Age 18 and older","Resident Population","Male","820,630"
"New Mexico","July","2023","Age 18 and older","Resident Population","Female","842,394"
"New Mexico","July","2023","Age 20-24","Resident Population","Male","74,627"
"New Mexico","July","2023","Age 20-24","Resident Population","Female","68,505"
"New Mexico","July","2023","Age 25-29","Resident Population","Male","69,523"
"New Mexico","July","2023","Age 25-29","Resident Population","Female","64,882"
"New Mexico","July","2023","Age 25-44","Resident Population","Male","282,384"
"New Mexico","July","2023","Age 25-44","Resident Population","Female","267,721"
"New Mexico","July","2023","Age 30-34","Resident Population","Male","73,190"
"New Mexico","July","2023","Age 30-34","Resident Population","Female","69,381"
"New Mexico","July","2023","Age 35-39","Resident Population","Male","71,678"
"New Mexico","July","2023","Age 35-39","Resident Population","Female","67,694"
"New Mexico","July","2023","Age 40-44","Resident Population","Male","67,993"
"New Mexico","July","2023","Age 40-44","Resident Population","Female","65,764"
"New Mexico","July","2023","Age 45-49","Resident Population","Male","58,526"
"New Mexico","July","2023","Age 45-49","Resident Population","Female","58,530"
"New Mexico","July","2023","Age 45-64","Resident Population","Male","241,865"
"New Mexico","July","2023","Age 45-64","Resident Population","Female","252,108"
"New Mexico","July","2023","Age 50-54","Resident Population","Male","58,503"
"New Mexico","July","2023","Age 50-54","Resident Population","Female","60,025"
"New Mexico","July","2023","Age 55-59","Resident Population","Male","58,899"
"New Mexico","July","2023","Age 55-59","Resident Population","Female","62,170"
"New Mexico","July","2023","Age 60-64","Resident Population","Male","65,937"
"New Mexico","July","2023","Age 60-64","Resident Population","Female","71,383"
"New Mexico","July","2023","Age 65-69","Resident Population","Male","61,711"
"New Mexico","July","2023","Age 65-69","Resident Population","Female","69,457"
"New Mexico","July","2023","Age 65 and older","Resident Population","Male","192,316"
"New Mexico","July","2023","Age 65 and older","Resident Population","Female","226,235"
"New Mexico","July","2023","Age 70-74","Resident Population","Male","53,610"
"New Mexico","July","2023","Age 70-74","Resident Population","Female","60,736"
"New Mexico","July","2023","Age 75-79","Resident Population","Male","38,966"
"New Mexico","July","2023","Age 75-79","Resident Population","Female","44,816"
"New Mexico","July","2023","Age 80-84","Resident Population","Male","22,021"
"New Mexico","July","2023","Age 80-84","Resident Population","Female","27,094"
"New Mexico","July","2023","85 years and over","Resident Population","Male","16,008"
"New Mexico","July","2023","85 years and over","Resident Population","Female","24,132"
"New York","July","2023","Age under 5","Resident Population","Male","530,244"
"New York","July","2023","Age under 5","Resident Population","Female","508,572"
"New York","July","2023","Age 5-9","Resident Population","Male","562,669"
"New York","July","2023","Age 5-9","Resident Population","Female","537,331"
"New York","July","2023","Age 5-13","Resident Population","Male","1,021,496"
"New York","July","2023","Age 5-13","Resident Population","Female","972,917"
"New York","July","2023","Age 10-14","Resident Population","Male","575,054"
"New York","July","2023","Age 10-14","Resident Population","Female","545,440"
"New York","July","2023","Age 14-17","Resident Population","Male","475,368"
"New York","July","2023","Age 14-17","Resident Population","Female","451,311"
"New York","July","2023","Age 15-19","Resident Population","Male","610,445"
"New York","July","2023","Age 15-19","Resident Population","Female","587,856"
"New York","July","2023","Age 15-44","Resident Population","Male","3,863,315"
"New York","July","2023","Age 15-44","Resident Population","Female","3,860,526"
"New York","July","2023","Age 16 and older","Resident Population","Male","7,767,660"
"New York","July","2023","Age 16 and older","Resident Population","Female","8,310,470"
"New York","July","2023","Age 18-24","Resident Population","Male","871,271"
"New York","July","2023","Age 18-24","Resident Population","Female","870,064"
"New York","July","2023","Age 18 and older","Resident Population","Male","7,528,513"
"New York","July","2023","Age 18 and older","Resident Population","Female","8,082,795"
"New York","July","2023","Age 20-24","Resident Population","Male","619,967"
"New York","July","2023","Age 20-24","Resident Population","Female","623,665"
"New York","July","2023","Age 25-29","Resident Population","Male","658,204"
"New York","July","2023","Age 25-29","Resident Population","Female","674,646"
"New York","July","2023","Age 25-44","Resident Population","Male","2,632,903"
"New York","July","2023","Age 25-44","Resident Population","Female","2,649,005"
"New York","July","2023","Age 30-34","Resident Population","Male","703,904"
"New York","July","2023","Age 30-34","Resident Population","Female","699,540"
"New York","July","2023","Age 35-39","Resident Population","Male","658,207"
"New York","July","2023","Age 35-39","Resident Population","Female","655,009"
"New York","July","2023","Age 40-44","Resident Population","Male","612,588"
"New York","July","2023","Age 40-44","Resident Population","Female","619,810"
"New York","July","2023","Age 45-49","Resident Population","Male","559,194"
"New York","July","2023","Age 45-49","Resident Population","Female","578,576"
"New York","July","2023","Age 45-64","Resident Population","Male","2,418,144"
"New York","July","2023","Age 45-64","Resident Population","Female","2,535,820"
"New York","July","2023","Age 50-54","Resident Population","Male","601,101"
"New York","July","2023","Age 50-54","Resident Population","Female","623,302"
"New York","July","2023","Age 55-59","Resident Population","Male","627,358"
"New York","July","2023","Age 55-59","Resident Population","Female","660,636"
"New York","July","2023","Age 60-64","Resident Population","Male","630,491"
"New York","July","2023","Age 60-64","Resident Population","Female","673,306"
"New York","July","2023","Age 65-69","Resident Population","Male","546,974"
"New York","July","2023","Age 65-69","Resident Population","Female","604,428"
"New York","July","2023","Age 65 and older","Resident Population","Male","1,606,195"
"New York","July","2023","Age 65 and older","Resident Population","Female","2,027,906"
"New York","July","2023","Age 70-74","Resident Population","Male","425,829"
"New York","July","2023","Age 70-74","Resident Population","Female","500,863"
"New York","July","2023","Age 75-79","Resident Population","Male","302,375"
"New York","July","2023","Age 75-79","Resident Population","Female","383,469"
"New York","July","2023","Age 80-84","Resident Population","Male","179,756"
"New York","July","2023","Age 80-84","Resident Population","Female","257,760"
"New York","July","2023","85 years and over","Resident Population","Male","151,261"
"New York","July","2023","85 years and over","Resident Population","Female","281,386"
"North Carolina","July","2023","Age under 5","Resident Population","Male","309,903"
"North Carolina","July","2023","Age under 5","Resident Population","Female","296,552"
"North Carolina","July","2023","Age 5-9","Resident Population","Male","326,433"
"North Carolina","July","2023","Age 5-9","Resident Population","Female","312,567"
"North Carolina","July","2023","Age 5-13","Resident Population","Male","593,608"
"North Carolina","July","2023","Age 5-13","Resident Population","Female","568,993"
"North Carolina","July","2023","Age 10-14","Resident Population","Male","338,066"
"North Carolina","July","2023","Age 10-14","Resident Population","Female","324,484"
"North Carolina","July","2023","Age 14-17","Resident Population","Male","289,976"
"North Carolina","July","2023","Age 14-17","Resident Population","Female","277,591"
"North Carolina","July","2023","Age 15-19","Resident Population","Male","369,778"
"North Carolina","July","2023","Age 15-19","Resident Population","Female","353,896"
"North Carolina","July","2023","Age 15-44","Resident Population","Male","2,148,279"
"North Carolina","July","2023","Age 15-44","Resident Population","Female","2,144,377"
"North Carolina","July","2023","Age 16 and older","Resident Population","Male","4,248,450"
"North Carolina","July","2023","Age 16 and older","Resident Population","Female","4,534,873"
"North Carolina","July","2023","Age 18-24","Resident Population","Male","524,925"
"North Carolina","July","2023","Age 18-24","Resident Population","Female","497,264"
"North Carolina","July","2023","Age 18 and older","Resident Population","Male","4,103,035"
"North Carolina","July","2023","Age 18 and older","Resident Population","Female","4,395,833"
"North Carolina","July","2023","Age 20-24","Resident Population","Male","374,232"
"North Carolina","July","2023","Age 20-24","Resident Population","Female","352,901"
"North Carolina","July","2023","Age 25-29","Resident Population","Male","353,569"
"North Carolina","July","2023","Age 25-29","Resident Population","Female","352,308"
"North Carolina","July","2023","Age 25-44","Resident Population","Male","1,404,269"
"North Carolina","July","2023","Age 25-44","Resident Population","Female","1,437,580"
"North Carolina","July","2023","Age 30-34","Resident Population","Male","371,719"
"North Carolina","July","2023","Age 30-34","Resident Population","Female","380,125"
"North Carolina","July","2023","Age 35-39","Resident Population","Male","343,760"
"North Carolina","July","2023","Age 35-39","Resident Population","Female","355,985"
"North Carolina","July","2023","Age 40-44","Resident Population","Male","335,221"
"North Carolina","July","2023","Age 40-44","Resident Population","Female","349,162"
"North Carolina","July","2023","Age 45-49","Resident Population","Male","317,405"
"North Carolina","July","2023","Age 45-49","Resident Population","Female","332,869"
"North Carolina","July","2023","Age 45-64","Resident Population","Male","1,325,121"
"North Carolina","July","2023","Age 45-64","Resident Population","Female","1,401,220"
"North Carolina","July","2023","Age 50-54","Resident Population","Male","344,826"
"North Carolina","July","2023","Age 50-54","Resident Population","Female","358,146"
"North Carolina","July","2023","Age 55-59","Resident Population","Male","333,512"
"North Carolina","July","2023","Age 55-59","Resident Population","Female","350,329"
"North Carolina","July","2023","Age 60-64","Resident Population","Male","329,378"
"North Carolina","July","2023","Age 60-64","Resident Population","Female","359,876"
"North Carolina","July","2023","Age 65-69","Resident Population","Male","290,585"
"North Carolina","July","2023","Age 65-69","Resident Population","Female","331,624"
"North Carolina","July","2023","Age 65 and older","Resident Population","Male","848,720"
"North Carolina","July","2023","Age 65 and older","Resident Population","Female","1,059,769"
"North Carolina","July","2023","Age 70-74","Resident Population","Male","232,366"
"North Carolina","July","2023","Age 70-74","Resident Population","Female","278,884"
"North Carolina","July","2023","Age 75-79","Resident Population","Male","168,938"
"North Carolina","July","2023","Age 75-79","Resident Population","Female","208,264"
"North Carolina","July","2023","Age 80-84","Resident Population","Male","93,315"
"North Carolina","July","2023","Age 80-84","Resident Population","Female","126,871"
"North Carolina","July","2023","85 years and over","Resident Population","Male","63,516"
"North Carolina","July","2023","85 years and over","Resident Population","Female","114,126"
"North Dakota","July","2023","Age under 5","Resident Population","Male","25,014"
"North Dakota","July","2023","Age under 5","Resident Population","Female","24,293"
"North Dakota","July","2023","Age 5-9","Resident Population","Male","27,275"
"North Dakota","July","2023","Age 5-9","Resident Population","Female","26,103"
"North Dakota","July","2023","Age 5-13","Resident Population","Male","48,182"
"North Dakota","July","2023","Age 5-13","Resident Population","Female","46,154"
"North Dakota","July","2023","Age 10-14","Resident Population","Male","26,138"
"North Dakota","July","2023","Age 10-14","Resident Population","Female","25,068"
"North Dakota","July","2023","Age 14-17","Resident Population","Male","20,982"
"North Dakota","July","2023","Age 14-17","Resident Population","Female","20,109"
"North Dakota","July","2023","Age 15-19","Resident Population","Male","28,935"
"North Dakota","July","2023","Age 15-19","Resident Population","Female","26,808"
"North Dakota","July","2023","Age 15-44","Resident Population","Male","174,894"
"North Dakota","July","2023","Age 15-44","Resident Population","Female","155,636"
"North Dakota","July","2023","Age 16 and older","Resident Population","Male","318,346"
"North Dakota","July","2023","Age 16 and older","Resident Population","Female","301,242"
"North Dakota","July","2023","Age 18-24","Resident Population","Male","46,164"
"North Dakota","July","2023","Age 18-24","Resident Population","Female","41,402"
"North Dakota","July","2023","Age 18 and older","Resident Population","Male","307,910"
"North Dakota","July","2023","Age 18 and older","Resident Population","Female","291,282"
"North Dakota","July","2023","Age 20-24","Resident Population","Male","32,980"
"North Dakota","July","2023","Age 20-24","Resident Population","Female","29,686"
"North Dakota","July","2023","Age 25-29","Resident Population","Male","28,305"
"North Dakota","July","2023","Age 25-29","Resident Population","Female","25,311"
"North Dakota","July","2023","Age 25-44","Resident Population","Male","112,979"
"North Dakota","July","2023","Age 25-44","Resident Population","Female","99,142"
"North Dakota","July","2023","Age 30-34","Resident Population","Male","29,716"
"North Dakota","July","2023","Age 30-34","Resident Population","Female","26,181"
"North Dakota","July","2023","Age 35-39","Resident Population","Male","28,491"
"North Dakota","July","2023","Age 35-39","Resident Population","Female","24,581"
"North Dakota","July","2023","Age 40-44","Resident Population","Male","26,467"
"North Dakota","July","2023","Age 40-44","Resident Population","Female","23,069"
"North Dakota","July","2023","Age 45-49","Resident Population","Male","21,143"
"North Dakota","July","2023","Age 45-49","Resident Population","Female","18,987"
"North Dakota","July","2023","Age 45-64","Resident Population","Male","85,967"
"North Dakota","July","2023","Age 45-64","Resident Population","Female","80,222"
"North Dakota","July","2023","Age 50-54","Resident Population","Male","20,416"
"North Dakota","July","2023","Age 50-54","Resident Population","Female","18,591"
"North Dakota","July","2023","Age 55-59","Resident Population","Male","20,797"
"North Dakota","July","2023","Age 55-59","Resident Population","Female","19,799"
"North Dakota","July","2023","Age 60-64","Resident Population","Male","23,611"
"North Dakota","July","2023","Age 60-64","Resident Population","Female","22,845"
"North Dakota","July","2023","Age 65-69","Resident Population","Male","21,873"
"North Dakota","July","2023","Age 65-69","Resident Population","Female","21,623"
"North Dakota","July","2023","Age 65 and older","Resident Population","Male","62,800"
"North Dakota","July","2023","Age 65 and older","Resident Population","Female","70,516"
"North Dakota","July","2023","Age 70-74","Resident Population","Male","17,122"
"North Dakota","July","2023","Age 70-74","Resident Population","Female","16,907"
"North Dakota","July","2023","Age 75-79","Resident Population","Male","11,166"
"North Dakota","July","2023","Age 75-79","Resident Population","Female","12,109"
"North Dakota","July","2023","Age 80-84","Resident Population","Male","6,654"
"North Dakota","July","2023","Age 80-84","Resident Population","Female","8,327"
"North Dakota","July","2023","85 years and over","Resident Population","Male","5,985"
"North Dakota","July","2023","85 years and over","Resident Population","Female","11,550"
"Ohio","July","2023","Age under 5","Resident Population","Male","336,087"
"Ohio","July","2023","Age under 5","Resident Population","Female","322,606"
"Ohio","July","2023","Age 5-9","Resident Population","Male","366,319"
"Ohio","July","2023","Age 5-9","Resident Population","Female","350,773"
"Ohio","July","2023","Age 5-13","Resident Population","Male","664,488"
"Ohio","July","2023","Age 5-13","Resident Population","Female","633,612"
"Ohio","July","2023","Age 10-14","Resident Population","Male","375,774"
"Ohio","July","2023","Age 10-14","Resident Population","Female","357,176"
"Ohio","July","2023","Age 14-17","Resident Population","Male","317,878"
"Ohio","July","2023","Age 14-17","Resident Population","Female","303,583"
"Ohio","July","2023","Age 15-19","Resident Population","Male","393,774"
"Ohio","July","2023","Age 15-19","Resident Population","Female","374,299"
"Ohio","July","2023","Age 15-44","Resident Population","Male","2,300,222"
"Ohio","July","2023","Age 15-44","Resident Population","Female","2,251,014"
"Ohio","July","2023","Age 16 and older","Resident Population","Male","4,654,224"
"Ohio","July","2023","Age 16 and older","Resident Population","Female","4,866,148"
"Ohio","July","2023","Age 18-24","Resident Population","Male","533,437"
"Ohio","July","2023","Age 18-24","Resident Population","Female","511,374"
"Ohio","July","2023","Age 18 and older","Resident Population","Male","4,494,196"
"Ohio","July","2023","Age 18 and older","Resident Population","Female","4,713,485"
"Ohio","July","2023","Age 20-24","Resident Population","Male","379,936"
"Ohio","July","2023","Age 20-24","Resident Population","Female","366,321"
"Ohio","July","2023","Age 25-29","Resident Population","Male","382,030"
"Ohio","July","2023","Age 25-29","Resident Population","Female","370,781"
"Ohio","July","2023","Age 25-44","Resident Population","Male","1,526,512"
"Ohio","July","2023","Age 25-44","Resident Population","Female","1,510,394"
"Ohio","July","2023","Age 30-34","Resident Population","Male","400,889"
"Ohio","July","2023","Age 30-34","Resident Population","Female","398,563"
"Ohio","July","2023","Age 35-39","Resident Population","Male","376,466"
"Ohio","July","2023","Age 35-39","Resident Population","Female","373,631"
"Ohio","July","2023","Age 40-44","Resident Population","Male","367,127"
"Ohio","July","2023","Age 40-44","Resident Population","Female","367,419"
"Ohio","July","2023","Age 45-49","Resident Population","Male","334,061"
"Ohio","July","2023","Age 45-49","Resident Population","Female","335,605"
"Ohio","July","2023","Age 45-64","Resident Population","Male","1,442,923"
"Ohio","July","2023","Age 45-64","Resident Population","Female","1,474,091"
"Ohio","July","2023","Age 50-54","Resident Population","Male","363,310"
"Ohio","July","2023","Age 50-54","Resident Population","Female","364,208"
"Ohio","July","2023","Age 55-59","Resident Population","Male","363,910"
"Ohio","July","2023","Age 55-59","Resident Population","Female","371,595"
"Ohio","July","2023","Age 60-64","Resident Population","Male","381,642"
"Ohio","July","2023","Age 60-64","Resident Population","Female","402,683"
"Ohio","July","2023","Age 65-69","Resident Population","Male","348,458"
"Ohio","July","2023","Age 65-69","Resident Population","Female","380,792"
"Ohio","July","2023","Age 65 and older","Resident Population","Male","991,324"
"Ohio","July","2023","Age 65 and older","Resident Population","Female","1,217,626"
"Ohio","July","2023","Age 70-74","Resident Population","Male","272,164"
"Ohio","July","2023","Age 70-74","Resident Population","Female","312,405"
"Ohio","July","2023","Age 75-79","Resident Population","Male","185,410"
"Ohio","July","2023","Age 75-79","Resident Population","Female","227,850"
"Ohio","July","2023","Age 80-84","Resident Population","Male","105,868"
"Ohio","July","2023","Age 80-84","Resident Population","Female","149,455"
"Ohio","July","2023","85 years and over","Resident Population","Male","79,424"
"Ohio","July","2023","85 years and over","Resident Population","Female","147,124"
"Oklahoma","July","2023","Age under 5","Resident Population","Male","124,765"
"Oklahoma","July","2023","Age under 5","Resident Population","Female","119,512"
"Oklahoma","July","2023","Age 5-9","Resident Population","Male","138,562"
"Oklahoma","July","2023","Age 5-9","Resident Population","Female","131,539"
"Oklahoma","July","2023","Age 5-13","Resident Population","Male","251,699"
"Oklahoma","July","2023","Age 5-13","Resident Population","Female","239,537"
"Oklahoma","July","2023","Age 10-14","Resident Population","Male","142,284"
"Oklahoma","July","2023","Age 10-14","Resident Population","Female","135,836"
"Oklahoma","July","2023","Age 14-17","Resident Population","Male","118,407"
"Oklahoma","July","2023","Age 14-17","Resident Population","Female","112,687"
"Oklahoma","July","2023","Age 15-19","Resident Population","Male","146,886"
"Oklahoma","July","2023","Age 15-19","Resident Population","Female","138,653"
"Oklahoma","July","2023","Age 15-44","Resident Population","Male","844,003"
"Oklahoma","July","2023","Age 15-44","Resident Population","Female","810,519"
"Oklahoma","July","2023","Age 16 and older","Resident Population","Male","1,580,927"
"Oklahoma","July","2023","Age 16 and older","Resident Population","Female","1,621,531"
"Oklahoma","July","2023","Age 18-24","Resident Population","Male","206,218"
"Oklahoma","July","2023","Age 18-24","Resident Population","Female","191,539"
"Oklahoma","July","2023","Age 18 and older","Resident Population","Male","1,521,887"
"Oklahoma","July","2023","Age 18 and older","Resident Population","Female","1,565,330"
"Oklahoma","July","2023","Age 20-24","Resident Population","Male","148,592"
"Oklahoma","July","2023","Age 20-24","Resident Population","Female","137,735"
"Oklahoma","July","2023","Age 25-29","Resident Population","Male","137,795"
"Oklahoma","July","2023","Age 25-29","Resident Population","Female","130,124"
"Oklahoma","July","2023","Age 25-44","Resident Population","Male","548,525"
"Oklahoma","July","2023","Age 25-44","Resident Population","Female","534,131"
"Oklahoma","July","2023","Age 30-34","Resident Population","Male","140,657"
"Oklahoma","July","2023","Age 30-34","Resident Population","Female","138,508"
"Oklahoma","July","2023","Age 35-39","Resident Population","Male","135,449"
"Oklahoma","July","2023","Age 35-39","Resident Population","Female","133,290"
"Oklahoma","July","2023","Age 40-44","Resident Population","Male","134,624"
"Oklahoma","July","2023","Age 40-44","Resident Population","Female","132,209"
"Oklahoma","July","2023","Age 45-49","Resident Population","Male","116,258"
"Oklahoma","July","2023","Age 45-49","Resident Population","Female","114,526"
"Oklahoma","July","2023","Age 45-64","Resident Population","Male","463,063"
"Oklahoma","July","2023","Age 45-64","Resident Population","Female","470,103"
"Oklahoma","July","2023","Age 50-54","Resident Population","Male","116,784"
"Oklahoma","July","2023","Age 50-54","Resident Population","Female","115,543"
"Oklahoma","July","2023","Age 55-59","Resident Population","Male","110,963"
"Oklahoma","July","2023","Age 55-59","Resident Population","Female","113,819"
"Oklahoma","July","2023","Age 60-64","Resident Population","Male","119,058"
"Oklahoma","July","2023","Age 60-64","Resident Population","Female","126,215"
"Oklahoma","July","2023","Age 65-69","Resident Population","Male","105,636"
"Oklahoma","July","2023","Age 65-69","Resident Population","Female","115,856"
"Oklahoma","July","2023","Age 65 and older","Resident Population","Male","304,081"
"Oklahoma","July","2023","Age 65 and older","Resident Population","Female","369,557"
"Oklahoma","July","2023","Age 70-74","Resident Population","Male","81,672"
"Oklahoma","July","2023","Age 70-74","Resident Population","Female","94,675"
"Oklahoma","July","2023","Age 75-79","Resident Population","Male","58,031"
"Oklahoma","July","2023","Age 75-79","Resident Population","Female","70,932"
"Oklahoma","July","2023","Age 80-84","Resident Population","Male","33,733"
"Oklahoma","July","2023","Age 80-84","Resident Population","Female","45,751"
"Oklahoma","July","2023","85 years and over","Resident Population","Male","25,009"
"Oklahoma","July","2023","85 years and over","Resident Population","Female","42,343"
"Oregon","July","2023","Age under 5","Resident Population","Male","103,231"
"Oregon","July","2023","Age under 5","Resident Population","Female","99,101"
"Oregon","July","2023","Age 5-9","Resident Population","Male","118,050"
"Oregon","July","2023","Age 5-9","Resident Population","Female","112,070"
"Oregon","July","2023","Age 5-13","Resident Population","Male","216,956"
"Oregon","July","2023","Age 5-13","Resident Population","Female","205,879"
"Oregon","July","2023","Age 10-14","Resident Population","Male","124,752"
"Oregon","July","2023","Age 10-14","Resident Population","Female","118,400"
"Oregon","July","2023","Age 14-17","Resident Population","Male","105,969"
"Oregon","July","2023","Age 14-17","Resident Population","Female","100,694"
"Oregon","July","2023","Age 15-19","Resident Population","Male","130,961"
"Oregon","July","2023","Age 15-19","Resident Population","Female","124,050"
"Oregon","July","2023","Age 15-44","Resident Population","Male","865,094"
"Oregon","July","2023","Age 15-44","Resident Population","Female","834,726"
"Oregon","July","2023","Age 16 and older","Resident Population","Male","1,735,209"
"Oregon","July","2023","Age 16 and older","Resident Population","Female","1,769,969"
"Oregon","July","2023","Age 18-24","Resident Population","Male","182,273"
"Oregon","July","2023","Age 18-24","Resident Population","Female","175,495"
"Oregon","July","2023","Age 18 and older","Resident Population","Male","1,682,055"
"Oregon","July","2023","Age 18 and older","Resident Population","Female","1,719,473"
"Oregon","July","2023","Age 20-24","Resident Population","Male","131,435"
"Oregon","July","2023","Age 20-24","Resident Population","Female","127,548"
"Oregon","July","2023","Age 25-29","Resident Population","Male","141,731"
"Oregon","July","2023","Age 25-29","Resident Population","Female","136,754"
"Oregon","July","2023","Age 25-44","Resident Population","Male","602,698"
"Oregon","July","2023","Age 25-44","Resident Population","Female","583,128"
"Oregon","July","2023","Age 30-34","Resident Population","Male","158,209"
"Oregon","July","2023","Age 30-34","Resident Population","Female","152,698"
"Oregon","July","2023","Age 35-39","Resident Population","Male","152,808"
"Oregon","July","2023","Age 35-39","Resident Population","Female","147,693"
"Oregon","July","2023","Age 40-44","Resident Population","Male","149,950"
"Oregon","July","2023","Age 40-44","Resident Population","Female","145,983"
"Oregon","July","2023","Age 45-49","Resident Population","Male","133,701"
"Oregon","July","2023","Age 45-49","Resident Population","Female","129,169"
"Oregon","July","2023","Age 45-64","Resident Population","Male","514,805"
"Oregon","July","2023","Age 45-64","Resident Population","Female","513,855"
"Oregon","July","2023","Age 50-54","Resident Population","Male","132,626"
"Oregon","July","2023","Age 50-54","Resident Population","Female","127,803"
"Oregon","July","2023","Age 55-59","Resident Population","Male","122,197"
"Oregon","July","2023","Age 55-59","Resident Population","Female","122,042"
"Oregon","July","2023","Age 60-64","Resident Population","Male","126,281"
"Oregon","July","2023","Age 60-64","Resident Population","Female","134,841"
"Oregon","July","2023","Age 65-69","Resident Population","Male","123,567"
"Oregon","July","2023","Age 65-69","Resident Population","Female","136,492"
"Oregon","July","2023","Age 65 and older","Resident Population","Male","382,279"
"Oregon","July","2023","Age 65 and older","Resident Population","Female","446,995"
"Oregon","July","2023","Age 70-74","Resident Population","Male","108,616"
"Oregon","July","2023","Age 70-74","Resident Population","Female","122,267"
"Oregon","July","2023","Age 75-79","Resident Population","Male","77,308"
"Oregon","July","2023","Age 75-79","Resident Population","Female","88,509"
"Oregon","July","2023","Age 80-84","Resident Population","Male","42,919"
"Oregon","July","2023","Age 80-84","Resident Population","Female","52,588"
"Oregon","July","2023","85 years and over","Resident Population","Male","29,869"
"Oregon","July","2023","85 years and over","Resident Population","Female","47,139"
"Pennsylvania","July","2023","Age under 5","Resident Population","Male","341,666"
"Pennsylvania","July","2023","Age under 5","Resident Population","Female","324,241"
"Pennsylvania","July","2023","Age 5-9","Resident Population","Male","371,947"
"Pennsylvania","July","2023","Age 5-9","Resident Population","Female","354,395"
"Pennsylvania","July","2023","Age 5-13","Resident Population","Male","678,362"
"Pennsylvania","July","2023","Age 5-13","Resident Population","Female","645,884"
"Pennsylvania","July","2023","Age 10-14","Resident Population","Male","386,477"
"Pennsylvania","July","2023","Age 10-14","Resident Population","Female","367,404"
"Pennsylvania","July","2023","Age 14-17","Resident Population","Male","328,366"
"Pennsylvania","July","2023","Age 14-17","Resident Population","Female","310,486"
"Pennsylvania","July","2023","Age 15-19","Resident Population","Male","428,643"
"Pennsylvania","July","2023","Age 15-19","Resident Population","Female","413,980"
"Pennsylvania","July","2023","Age 15-44","Resident Population","Male","2,511,445"
"Pennsylvania","July","2023","Age 15-44","Resident Population","Female","2,447,944"
"Pennsylvania","July","2023","Age 16 and older","Resident Population","Male","5,206,797"
"Pennsylvania","July","2023","Age 16 and older","Resident Population","Female","5,447,489"
"Pennsylvania","July","2023","Age 18-24","Resident Population","Male","587,422"
"Pennsylvania","July","2023","Age 18-24","Resident Population","Female","576,772"
"Pennsylvania","July","2023","Age 18 and older","Resident Population","Male","5,041,457"
"Pennsylvania","July","2023","Age 18 and older","Resident Population","Female","5,291,221"
"Pennsylvania","July","2023","Age 20-24","Resident Population","Male","407,083"
"Pennsylvania","July","2023","Age 20-24","Resident Population","Female","397,363"
"Pennsylvania","July","2023","Age 25-29","Resident Population","Male","402,011"
"Pennsylvania","July","2023","Age 25-29","Resident Population","Female","388,497"
"Pennsylvania","July","2023","Age 25-44","Resident Population","Male","1,675,719"
"Pennsylvania","July","2023","Age 25-44","Resident Population","Female","1,636,601"
"Pennsylvania","July","2023","Age 30-34","Resident Population","Male","442,207"
"Pennsylvania","July","2023","Age 30-34","Resident Population","Female","430,449"
"Pennsylvania","July","2023","Age 35-39","Resident Population","Male","428,479"
"Pennsylvania","July","2023","Age 35-39","Resident Population","Female","419,281"
"Pennsylvania","July","2023","Age 40-44","Resident Population","Male","403,022"
"Pennsylvania","July","2023","Age 40-44","Resident Population","Female","398,374"
"Pennsylvania","July","2023","Age 45-49","Resident Population","Male","361,822"
"Pennsylvania","July","2023","Age 45-49","Resident Population","Female","362,315"
"Pennsylvania","July","2023","Age 45-64","Resident Population","Male","1,613,546"
"Pennsylvania","July","2023","Age 45-64","Resident Population","Female","1,646,944"
"Pennsylvania","July","2023","Age 50-54","Resident Population","Male","399,455"
"Pennsylvania","July","2023","Age 50-54","Resident Population","Female","399,488"
"Pennsylvania","July","2023","Age 55-59","Resident Population","Male","416,178"
"Pennsylvania","July","2023","Age 55-59","Resident Population","Female","427,105"
"Pennsylvania","July","2023","Age 60-64","Resident Population","Male","436,091"
"Pennsylvania","July","2023","Age 60-64","Resident Population","Female","458,036"
"Pennsylvania","July","2023","Age 65-69","Resident Population","Male","400,996"
"Pennsylvania","July","2023","Age 65-69","Resident Population","Female","433,975"
"Pennsylvania","July","2023","Age 65 and older","Resident Population","Male","1,164,770"
"Pennsylvania","July","2023","Age 65 and older","Resident Population","Female","1,430,904"
"Pennsylvania","July","2023","Age 70-74","Resident Population","Male","314,879"
"Pennsylvania","July","2023","Age 70-74","Resident Population","Female","357,516"
"Pennsylvania","July","2023","Age 75-79","Resident Population","Male","219,688"
"Pennsylvania","July","2023","Age 75-79","Resident Population","Female","268,084"
"Pennsylvania","July","2023","Age 80-84","Resident Population","Male","128,717"
"Pennsylvania","July","2023","Age 80-84","Resident Population","Female","179,326"
"Pennsylvania","July","2023","85 years and over","Resident Population","Male","100,490"
"Pennsylvania","July","2023","85 years and over","Resident Population","Female","192,003"
"Rhode Island","July","2023","Age under 5","Resident Population","Male","26,303"
"Rhode Island","July","2023","Age under 5","Resident Population","Female","25,907"
"Rhode Island","July","2023","Age 5-9","Resident Population","Male","28,856"
"Rhode Island","July","2023","Age 5-9","Resident Population","Female","27,493"
"Rhode Island","July","2023","Age 5-13","Resident Population","Male","52,331"
"Rhode Island","July","2023","Age 5-13","Resident Population","Female","49,636"
"Rhode Island","July","2023","Age 10-14","Resident Population","Male","29,512"
"Rhode Island","July","2023","Age 10-14","Resident Population","Female","27,884"
"Rhode Island","July","2023","Age 14-17","Resident Population","Male","25,447"
"Rhode Island","July","2023","Age 14-17","Resident Population","Female","24,214"
"Rhode Island","July","2023","Age 15-19","Resident Population","Male","36,219"
"Rhode Island","July","2023","Age 15-19","Resident Population","Female","36,166"
"Rhode Island","July","2023","Age 15-44","Resident Population","Male","222,215"
"Rhode Island","July","2023","Age 15-44","Resident Population","Female","217,057"
"Rhode Island","July","2023","Age 16 and older","Resident Population","Male","446,433"
"Rhode Island","July","2023","Age 16 and older","Resident Population","Female","471,128"
"Rhode Island","July","2023","Age 18-24","Resident Population","Male","54,000"
"Rhode Island","July","2023","Age 18-24","Resident Population","Female","54,811"
"Rhode Island","July","2023","Age 18 and older","Resident Population","Male","433,378"
"Rhode Island","July","2023","Age 18 and older","Resident Population","Female","458,746"
"Rhode Island","July","2023","Age 20-24","Resident Population","Male","37,191"
"Rhode Island","July","2023","Age 20-24","Resident Population","Female","37,118"
"Rhode Island","July","2023","Age 25-29","Resident Population","Male","36,239"
"Rhode Island","July","2023","Age 25-29","Resident Population","Female","35,011"
"Rhode Island","July","2023","Age 25-44","Resident Population","Male","148,805"
"Rhode Island","July","2023","Age 25-44","Resident Population","Female","143,773"
"Rhode Island","July","2023","Age 30-34","Resident Population","Male","40,513"
"Rhode Island","July","2023","Age 30-34","Resident Population","Female","38,810"
"Rhode Island","July","2023","Age 35-39","Resident Population","Male","37,584"
"Rhode Island","July","2023","Age 35-39","Resident Population","Female","35,984"
"Rhode Island","July","2023","Age 40-44","Resident Population","Male","34,469"
"Rhode Island","July","2023","Age 40-44","Resident Population","Female","33,968"
"Rhode Island","July","2023","Age 45-49","Resident Population","Male","29,955"
"Rhode Island","July","2023","Age 45-49","Resident Population","Female","30,531"
"Rhode Island","July","2023","Age 45-64","Resident Population","Male","136,200"
"Rhode Island","July","2023","Age 45-64","Resident Population","Female","142,987"
"Rhode Island","July","2023","Age 50-54","Resident Population","Male","33,137"
"Rhode Island","July","2023","Age 50-54","Resident Population","Female","34,538"
"Rhode Island","July","2023","Age 55-59","Resident Population","Male","36,478"
"Rhode Island","July","2023","Age 55-59","Resident Population","Female","38,270"
"Rhode Island","July","2023","Age 60-64","Resident Population","Male","36,630"
"Rhode Island","July","2023","Age 60-64","Resident Population","Female","39,648"
"Rhode Island","July","2023","Age 65-69","Resident Population","Male","32,896"
"Rhode Island","July","2023","Age 65-69","Resident Population","Female","36,364"
"Rhode Island","July","2023","Age 65 and older","Resident Population","Male","94,373"
"Rhode Island","July","2023","Age 65 and older","Resident Population","Female","117,175"
"Rhode Island","July","2023","Age 70-74","Resident Population","Male","25,226"
"Rhode Island","July","2023","Age 70-74","Resident Population","Female","28,872"
"Rhode Island","July","2023","Age 75-79","Resident Population","Male","17,900"
"Rhode Island","July","2023","Age 75-79","Resident Population","Female","21,582"
"Rhode Island","July","2023","Age 80-84","Resident Population","Male","10,262"
"Rhode Island","July","2023","Age 80-84","Resident Population","Female","14,120"
"Rhode Island","July","2023","85 years and over","Resident Population","Male","8,089"
"Rhode Island","July","2023","85 years and over","Resident Population","Female","16,237"
"South Carolina","July","2023","Age under 5","Resident Population","Male","148,483"
"South Carolina","July","2023","Age under 5","Resident Population","Female","143,129"
"South Carolina","July","2023","Age 5-9","Resident Population","Male","160,200"
"South Carolina","July","2023","Age 5-9","Resident Population","Female","152,944"
"South Carolina","July","2023","Age 5-13","Resident Population","Male","291,960"
"South Carolina","July","2023","Age 5-13","Resident Population","Female","279,922"
"South Carolina","July","2023","Age 10-14","Resident Population","Male","166,646"
"South Carolina","July","2023","Age 10-14","Resident Population","Female","161,257"
"South Carolina","July","2023","Age 14-17","Resident Population","Male","142,465"
"South Carolina","July","2023","Age 14-17","Resident Population","Female","138,242"
"South Carolina","July","2023","Age 15-19","Resident Population","Male","181,814"
"South Carolina","July","2023","Age 15-19","Resident Population","Female","173,187"
"South Carolina","July","2023","Age 15-44","Resident Population","Male","1,024,373"
"South Carolina","July","2023","Age 15-44","Resident Population","Female","1,034,961"
"South Carolina","July","2023","Age 16 and older","Resident Population","Male","2,099,376"
"South Carolina","July","2023","Age 16 and older","Resident Population","Female","2,269,939"
"South Carolina","July","2023","Age 18-24","Resident Population","Male","249,622"
"South Carolina","July","2023","Age 18-24","Resident Population","Female","237,193"
"South Carolina","July","2023","Age 18 and older","Resident Population","Male","2,028,129"
"South Carolina","July","2023","Age 18 and older","Resident Population","Female","2,201,225"
"South Carolina","July","2023","Age 20-24","Resident Population","Male","175,387"
"South Carolina","July","2023","Age 20-24","Resident Population","Female","167,969"
"South Carolina","July","2023","Age 25-29","Resident Population","Male","165,060"
"South Carolina","July","2023","Age 25-29","Resident Population","Female","165,186"
"South Carolina","July","2023","Age 25-44","Resident Population","Male","667,172"
"South Carolina","July","2023","Age 25-44","Resident Population","Female","693,805"
"South Carolina","July","2023","Age 30-34","Resident Population","Male","174,819"
"South Carolina","July","2023","Age 30-34","Resident Population","Female","184,421"
"South Carolina","July","2023","Age 35-39","Resident Population","Male","165,072"
"South Carolina","July","2023","Age 35-39","Resident Population","Female","173,303"
"South Carolina","July","2023","Age 40-44","Resident Population","Male","162,221"
"South Carolina","July","2023","Age 40-44","Resident Population","Female","170,895"
"South Carolina","July","2023","Age 45-49","Resident Population","Male","149,076"
"South Carolina","July","2023","Age 45-49","Resident Population","Female","158,321"
"South Carolina","July","2023","Age 45-64","Resident Population","Male","646,025"
"South Carolina","July","2023","Age 45-64","Resident Population","Female","697,606"
"South Carolina","July","2023","Age 50-54","Resident Population","Male","162,561"
"South Carolina","July","2023","Age 50-54","Resident Population","Female","171,319"
"South Carolina","July","2023","Age 55-59","Resident Population","Male","163,745"
"South Carolina","July","2023","Age 55-59","Resident Population","Female","178,300"
"South Carolina","July","2023","Age 60-64","Resident Population","Male","170,643"
"South Carolina","July","2023","Age 60-64","Resident Population","Female","189,666"
"South Carolina","July","2023","Age 65-69","Resident Population","Male","156,504"
"South Carolina","July","2023","Age 65-69","Resident Population","Female","181,187"
"South Carolina","July","2023","Age 65 and older","Resident Population","Male","465,310"
"South Carolina","July","2023","Age 65 and older","Resident Population","Female","572,621"
"South Carolina","July","2023","Age 70-74","Resident Population","Male","128,409"
"South Carolina","July","2023","Age 70-74","Resident Population","Female","153,708"
"South Carolina","July","2023","Age 75-79","Resident Population","Male","95,991"
"South Carolina","July","2023","Age 75-79","Resident Population","Female","113,953"
"South Carolina","July","2023","Age 80-84","Resident Population","Male","51,771"
"South Carolina","July","2023","Age 80-84","Resident Population","Female","66,839"
"South Carolina","July","2023","85 years and over","Resident Population","Male","32,635"
"South Carolina","July","2023","85 years and over","Resident Population","Female","56,934"
"South Dakota","July","2023","Age under 5","Resident Population","Male","29,611"
"South Dakota","July","2023","Age under 5","Resident Population","Female","28,324"
"South Dakota","July","2023","Age 5-9","Resident Population","Male","31,741"
"South Dakota","July","2023","Age 5-9","Resident Population","Female","30,598"
"South Dakota","July","2023","Age 5-13","Resident Population","Male","57,426"
"South Dakota","July","2023","Age 5-13","Resident Population","Female","54,783"
"South Dakota","July","2023","Age 10-14","Resident Population","Male","32,280"
"South Dakota","July","2023","Age 10-14","Resident Population","Female","30,427"
"South Dakota","July","2023","Age 14-17","Resident Population","Male","26,576"
"South Dakota","July","2023","Age 14-17","Resident Population","Female","25,178"
"South Dakota","July","2023","Age 15-19","Resident Population","Male","32,774"
"South Dakota","July","2023","Age 15-19","Resident Population","Female","30,517"
"South Dakota","July","2023","Age 15-44","Resident Population","Male","185,775"
"South Dakota","July","2023","Age 15-44","Resident Population","Female","170,641"
"South Dakota","July","2023","Age 16 and older","Resident Population","Male","366,971"
"South Dakota","July","2023","Age 16 and older","Resident Population","Female","356,122"
"South Dakota","July","2023","Age 18-24","Resident Population","Male","44,816"
"South Dakota","July","2023","Age 18-24","Resident Population","Female","40,611"
"South Dakota","July","2023","Age 18 and older","Resident Population","Male","353,784"
"South Dakota","July","2023","Age 18 and older","Resident Population","Female","343,636"
"South Dakota","July","2023","Age 20-24","Resident Population","Male","32,023"
"South Dakota","July","2023","Age 20-24","Resident Population","Female","29,030"
"South Dakota","July","2023","Age 25-29","Resident Population","Male","29,857"
"South Dakota","July","2023","Age 25-29","Resident Population","Female","27,180"
"South Dakota","July","2023","Age 25-44","Resident Population","Male","120,978"
"South Dakota","July","2023","Age 25-44","Resident Population","Female","111,094"
"South Dakota","July","2023","Age 30-34","Resident Population","Male","30,259"
"South Dakota","July","2023","Age 30-34","Resident Population","Female","27,891"
"South Dakota","July","2023","Age 35-39","Resident Population","Male","30,656"
"South Dakota","July","2023","Age 35-39","Resident Population","Female","28,304"
"South Dakota","July","2023","Age 40-44","Resident Population","Male","30,206"
"South Dakota","July","2023","Age 40-44","Resident Population","Female","27,719"
"South Dakota","July","2023","Age 45-49","Resident Population","Male","25,484"
"South Dakota","July","2023","Age 45-49","Resident Population","Female","23,639"
"South Dakota","July","2023","Age 45-64","Resident Population","Male","107,842"
"South Dakota","July","2023","Age 45-64","Resident Population","Female","103,242"
"South Dakota","July","2023","Age 50-54","Resident Population","Male","24,972"
"South Dakota","July","2023","Age 50-54","Resident Population","Female","23,580"
"South Dakota","July","2023","Age 55-59","Resident Population","Male","26,500"
"South Dakota","July","2023","Age 55-59","Resident Population","Female","25,606"
"South Dakota","July","2023","Age 60-64","Resident Population","Male","30,886"
"South Dakota","July","2023","Age 60-64","Resident Population","Female","30,417"
"South Dakota","July","2023","Age 65-69","Resident Population","Male","29,152"
"South Dakota","July","2023","Age 65-69","Resident Population","Female","28,797"
"South Dakota","July","2023","Age 65 and older","Resident Population","Male","80,148"
"South Dakota","July","2023","Age 65 and older","Resident Population","Female","88,689"
"South Dakota","July","2023","Age 70-74","Resident Population","Male","22,804"
"South Dakota","July","2023","Age 70-74","Resident Population","Female","22,711"
"South Dakota","July","2023","Age 75-79","Resident Population","Male","14,136"
"South Dakota","July","2023","Age 75-79","Resident Population","Female","14,938"
"South Dakota","July","2023","Age 80-84","Resident Population","Male","7,790"
"South Dakota","July","2023","Age 80-84","Resident Population","Female","9,768"
"South Dakota","July","2023","85 years and over","Resident Population","Male","6,266"
"South Dakota","July","2023","85 years and over","Resident Population","Female","12,475"
"Tennessee","July","2023","Age under 5","Resident Population","Male","209,707"
"Tennessee","July","2023","Age under 5","Resident Population","Female","201,673"
"Tennessee","July","2023","Age 5-9","Resident Population","Male","221,333"
"Tennessee","July","2023","Age 5-9","Resident Population","Female","211,558"
"Tennessee","July","2023","Age 5-13","Resident Population","Male","400,552"
"Tennessee","July","2023","Age 5-13","Resident Population","Female","382,084"
"Tennessee","July","2023","Age 10-14","Resident Population","Male","226,215"
"Tennessee","July","2023","Age 10-14","Resident Population","Female","215,521"
"Tennessee","July","2023","Age 14-17","Resident Population","Male","192,607"
"Tennessee","July","2023","Age 14-17","Resident Population","Female","184,105"
"Tennessee","July","2023","Age 15-19","Resident Population","Male","234,031"
"Tennessee","July","2023","Age 15-19","Resident Population","Female","222,849"
"Tennessee","July","2023","Age 15-44","Resident Population","Male","1,409,110"
"Tennessee","July","2023","Age 15-44","Resident Population","Female","1,409,555"
"Tennessee","July","2023","Age 16 and older","Resident Population","Male","2,788,685"
"Tennessee","July","2023","Age 16 and older","Resident Population","Female","2,955,743"
"Tennessee","July","2023","Age 18-24","Resident Population","Male","321,292"
"Tennessee","July","2023","Age 18-24","Resident Population","Female","313,220"
"Tennessee","July","2023","Age 18 and older","Resident Population","Male","2,692,249"
"Tennessee","July","2023","Age 18 and older","Resident Population","Female","2,863,512"
"Tennessee","July","2023","Age 20-24","Resident Population","Male","232,872"
"Tennessee","July","2023","Age 20-24","Resident Population","Female","229,481"
"Tennessee","July","2023","Age 25-29","Resident Population","Male","240,968"
"Tennessee","July","2023","Age 25-29","Resident Population","Female","241,933"
"Tennessee","July","2023","Age 25-44","Resident Population","Male","942,207"
"Tennessee","July","2023","Age 25-44","Resident Population","Female","957,225"
"Tennessee","July","2023","Age 30-34","Resident Population","Male","250,404"
"Tennessee","July","2023","Age 30-34","Resident Population","Female","253,973"
"Tennessee","July","2023","Age 35-39","Resident Population","Male","227,437"
"Tennessee","July","2023","Age 35-39","Resident Population","Female","232,747"
"Tennessee","July","2023","Age 40-44","Resident Population","Male","223,398"
"Tennessee","July","2023","Age 40-44","Resident Population","Female","228,572"
"Tennessee","July","2023","Age 45-49","Resident Population","Male","208,375"
"Tennessee","July","2023","Age 45-49","Resident Population","Female","213,822"
"Tennessee","July","2023","Age 45-64","Resident Population","Male","871,031"
"Tennessee","July","2023","Age 45-64","Resident Population","Female","908,790"
"Tennessee","July","2023","Age 50-54","Resident Population","Male","224,653"
"Tennessee","July","2023","Age 50-54","Resident Population","Female","229,811"
"Tennessee","July","2023","Age 55-59","Resident Population","Male","219,185"
"Tennessee","July","2023","Age 55-59","Resident Population","Female","228,392"
"Tennessee","July","2023","Age 60-64","Resident Population","Male","218,818"
"Tennessee","July","2023","Age 60-64","Resident Population","Female","236,765"
"Tennessee","July","2023","Age 65-69","Resident Population","Male","194,053"
"Tennessee","July","2023","Age 65-69","Resident Population","Female","217,825"
"Tennessee","July","2023","Age 65 and older","Resident Population","Male","557,719"
"Tennessee","July","2023","Age 65 and older","Resident Population","Female","684,277"
"Tennessee","July","2023","Age 70-74","Resident Population","Male","151,696"
"Tennessee","July","2023","Age 70-74","Resident Population","Female","178,921"
"Tennessee","July","2023","Age 75-79","Resident Population","Male","109,952"
"Tennessee","July","2023","Age 75-79","Resident Population","Female","133,119"
"Tennessee","July","2023","Age 80-84","Resident Population","Male","61,305"
"Tennessee","July","2023","Age 80-84","Resident Population","Female","82,314"
"Tennessee","July","2023","85 years and over","Resident Population","Male","40,713"
"Tennessee","July","2023","85 years and over","Resident Population","Female","72,098"
"Texas","July","2023","Age under 5","Resident Population","Male","989,405"
"Texas","July","2023","Age under 5","Resident Population","Female","947,488"
"Texas","July","2023","Age 5-9","Resident Population","Male","1,075,272"
"Texas","July","2023","Age 5-9","Resident Population","Female","1,033,014"
"Texas","July","2023","Age 5-13","Resident Population","Male","1,950,432"
"Texas","July","2023","Age 5-13","Resident Population","Female","1,871,169"
"Texas","July","2023","Age 10-14","Resident Population","Male","1,102,542"
"Texas","July","2023","Age 10-14","Resident Population","Female","1,055,726"
"Texas","July","2023","Age 14-17","Resident Population","Male","921,745"
"Texas","July","2023","Age 14-17","Resident Population","Female","880,886"
"Texas","July","2023","Age 15-19","Resident Population","Male","1,132,328"
"Texas","July","2023","Age 15-19","Resident Population","Female","1,072,826"
"Texas","July","2023","Age 15-44","Resident Population","Male","6,635,097"
"Texas","July","2023","Age 15-44","Resident Population","Female","6,397,948"
"Texas","July","2023","Age 16 and older","Resident Population","Male","11,814,347"
"Texas","July","2023","Age 16 and older","Resident Population","Female","12,027,116"
"Texas","July","2023","Age 18-24","Resident Population","Male","1,521,570"
"Texas","July","2023","Age 18-24","Resident Population","Female","1,444,524"
"Texas","July","2023","Age 18 and older","Resident Population","Male","11,354,510"
"Texas","July","2023","Age 18 and older","Resident Population","Female","11,587,666"
"Texas","July","2023","Age 20-24","Resident Population","Male","1,083,605"
"Texas","July","2023","Age 20-24","Resident Population","Female","1,035,013"
"Texas","July","2023","Age 25-29","Resident Population","Male","1,093,786"
"Texas","July","2023","Age 25-29","Resident Population","Female","1,054,913"
"Texas","July","2023","Age 25-44","Resident Population","Male","4,419,164"
"Texas","July","2023","Age 25-44","Resident Population","Female","4,290,109"
"Texas","July","2023","Age 30-34","Resident Population","Male","1,140,500"
"Texas","July","2023","Age 30-34","Resident Population","Female","1,112,138"
"Texas","July","2023","Age 35-39","Resident Population","Male","1,110,297"
"Texas","July","2023","Age 35-39","Resident Population","Female","1,077,232"
"Texas","July","2023","Age 40-44","Resident Population","Male","1,074,581"
"Texas","July","2023","Age 40-44","Resident Population","Female","1,045,826"
"Texas","July","2023","Age 45-49","Resident Population","Male","947,839"
"Texas","July","2023","Age 45-49","Resident Population","Female","941,456"
"Texas","July","2023","Age 45-64","Resident Population","Male","3,517,327"
"Texas","July","2023","Age 45-64","Resident Population","Female","3,561,419"
"Texas","July","2023","Age 50-54","Resident Population","Male","924,384"
"Texas","July","2023","Age 50-54","Resident Population","Female","925,681"
"Texas","July","2023","Age 55-59","Resident Population","Male","836,938"
"Texas","July","2023","Age 55-59","Resident Population","Female","849,670"
"Texas","July","2023","Age 60-64","Resident Population","Male","808,166"
"Texas","July","2023","Age 60-64","Resident Population","Female","844,612"
"Texas","July","2023","Age 65-69","Resident Population","Male","678,996"
"Texas","July","2023","Age 65-69","Resident Population","Female","745,548"
"Texas","July","2023","Age 65 and older","Resident Population","Male","1,896,449"
"Texas","July","2023","Age 65 and older","Resident Population","Female","2,291,614"
"Texas","July","2023","Age 70-74","Resident Population","Male","511,793"
"Texas","July","2023","Age 70-74","Resident Population","Female","597,703"
"Texas","July","2023","Age 75-79","Resident Population","Male","358,833"
"Texas","July","2023","Age 75-79","Resident Population","Female","434,011"
"Texas","July","2023","Age 80-84","Resident Population","Male","201,157"
"Texas","July","2023","Age 80-84","Resident Population","Female","268,257"
"Texas","July","2023","85 years and over","Resident Population","Male","145,670"
"Texas","July","2023","85 years and over","Resident Population","Female","246,095"
"Utah","July","2023","Age under 5","Resident Population","Male","118,198"
"Utah","July","2023","Age under 5","Resident Population","Female","113,097"
"Utah","July","2023","Age 5-9","Resident Population","Male","130,726"
"Utah","July","2023","Age 5-9","Resident Population","Female","124,331"
"Utah","July","2023","Age 5-13","Resident Population","Male","241,106"
"Utah","July","2023","Age 5-13","Resident Population","Female","228,668"
"Utah","July","2023","Age 10-14","Resident Population","Male","139,847"
"Utah","July","2023","Age 10-14","Resident Population","Female","131,937"
"Utah","July","2023","Age 14-17","Resident Population","Male","120,161"
"Utah","July","2023","Age 14-17","Resident Population","Female","111,922"
"Utah","July","2023","Age 15-19","Resident Population","Male","144,395"
"Utah","July","2023","Age 15-19","Resident Population","Female","138,294"
"Utah","July","2023","Age 15-44","Resident Population","Male","793,599"
"Utah","July","2023","Age 15-44","Resident Population","Female","754,931"
"Utah","July","2023","Age 16 and older","Resident Population","Male","1,312,271"
"Utah","July","2023","Age 16 and older","Resident Population","Female","1,288,380"
"Utah","July","2023","Age 18-24","Resident Population","Male","203,590"
"Utah","July","2023","Age 18-24","Resident Population","Female","196,244"
"Utah","July","2023","Age 18 and older","Resident Population","Male","1,252,124"
"Utah","July","2023","Age 18 and older","Resident Population","Female","1,232,458"
"Utah","July","2023","Age 20-24","Resident Population","Male","149,889"
"Utah","July","2023","Age 20-24","Resident Population","Female","142,272"
"Utah","July","2023","Age 25-29","Resident Population","Male","136,387"
"Utah","July","2023","Age 25-29","Resident Population","Female","126,777"
"Utah","July","2023","Age 25-44","Resident Population","Male","499,315"
"Utah","July","2023","Age 25-44","Resident Population","Female","474,365"
"Utah","July","2023","Age 30-34","Resident Population","Male","125,663"
"Utah","July","2023","Age 30-34","Resident Population","Female","120,014"
"Utah","July","2023","Age 35-39","Resident Population","Male","114,868"
"Utah","July","2023","Age 35-39","Resident Population","Female","111,230"
"Utah","July","2023","Age 40-44","Resident Population","Male","122,397"
"Utah","July","2023","Age 40-44","Resident Population","Female","116,344"
"Utah","July","2023","Age 45-49","Resident Population","Male","106,754"
"Utah","July","2023","Age 45-49","Resident Population","Female","101,364"
"Utah","July","2023","Age 45-64","Resident Population","Male","351,896"
"Utah","July","2023","Age 45-64","Resident Population","Female","342,036"
"Utah","July","2023","Age 50-54","Resident Population","Male","90,528"
"Utah","July","2023","Age 50-54","Resident Population","Female","86,274"
"Utah","July","2023","Age 55-59","Resident Population","Male","77,425"
"Utah","July","2023","Age 55-59","Resident Population","Female","75,538"
"Utah","July","2023","Age 60-64","Resident Population","Male","77,189"
"Utah","July","2023","Age 60-64","Resident Population","Female","78,860"
"Utah","July","2023","Age 65-69","Resident Population","Male","69,269"
"Utah","July","2023","Age 65-69","Resident Population","Female","72,093"
"Utah","July","2023","Age 65 and older","Resident Population","Male","197,323"
"Utah","July","2023","Age 65 and older","Resident Population","Female","219,813"
"Utah","July","2023","Age 70-74","Resident Population","Male","53,835"
"Utah","July","2023","Age 70-74","Resident Population","Female","58,510"
"Utah","July","2023","Age 75-79","Resident Population","Male","37,238"
"Utah","July","2023","Age 75-79","Resident Population","Female","41,970"
"Utah","July","2023","Age 80-84","Resident Population","Male","21,637"
"Utah","July","2023","Age 80-84","Resident Population","Female","25,949"
"Utah","July","2023","85 years and over","Resident Population","Male","15,344"
"Utah","July","2023","85 years and over","Resident Population","Female","21,291"
"Vermont","July","2023","Age under 5","Resident Population","Male","13,991"
"Vermont","July","2023","Age under 5","Resident Population","Female","13,357"
"Vermont","July","2023","Age 5-9","Resident Population","Male","16,306"
"Vermont","July","2023","Age 5-9","Resident Population","Female","15,342"
"Vermont","July","2023","Age 5-13","Resident Population","Male","30,146"
"Vermont","July","2023","Age 5-13","Resident Population","Female","28,081"
"Vermont","July","2023","Age 10-14","Resident Population","Male","17,479"
"Vermont","July","2023","Age 10-14","Resident Population","Female","16,073"
"Vermont","July","2023","Age 14-17","Resident Population","Male","14,995"
"Vermont","July","2023","Age 14-17","Resident Population","Female","14,066"
"Vermont","July","2023","Age 15-19","Resident Population","Male","21,554"
"Vermont","July","2023","Age 15-19","Resident Population","Female","20,274"
"Vermont","July","2023","Age 15-44","Resident Population","Male","123,299"
"Vermont","July","2023","Age 15-44","Resident Population","Female","120,313"
"Vermont","July","2023","Age 16 and older","Resident Population","Male","269,901"
"Vermont","July","2023","Age 16 and older","Resident Population","Female","277,677"
"Vermont","July","2023","Age 18-24","Resident Population","Male","32,535"
"Vermont","July","2023","Age 18-24","Resident Population","Female","30,980"
"Vermont","July","2023","Age 18 and older","Resident Population","Male","262,304"
"Vermont","July","2023","Age 18 and older","Resident Population","Female","270,524"
"Vermont","July","2023","Age 20-24","Resident Population","Male","22,337"
"Vermont","July","2023","Age 20-24","Resident Population","Female","21,438"
"Vermont","July","2023","Age 25-29","Resident Population","Male","18,602"
"Vermont","July","2023","Age 25-29","Resident Population","Female","18,131"
"Vermont","July","2023","Age 25-44","Resident Population","Male","79,408"
"Vermont","July","2023","Age 25-44","Resident Population","Female","78,601"
"Vermont","July","2023","Age 30-34","Resident Population","Male","20,575"
"Vermont","July","2023","Age 30-34","Resident Population","Female","19,884"
"Vermont","July","2023","Age 35-39","Resident Population","Male","20,344"
"Vermont","July","2023","Age 35-39","Resident Population","Female","20,288"
"Vermont","July","2023","Age 40-44","Resident Population","Male","19,887"
"Vermont","July","2023","Age 40-44","Resident Population","Female","20,298"
"Vermont","July","2023","Age 45-49","Resident Population","Male","18,247"
"Vermont","July","2023","Age 45-49","Resident Population","Female","18,043"
"Vermont","July","2023","Age 45-64","Resident Population","Male","83,307"
"Vermont","July","2023","Age 45-64","Resident Population","Female","84,874"
"Vermont","July","2023","Age 50-54","Resident Population","Male","20,118"
"Vermont","July","2023","Age 50-54","Resident Population","Female","19,959"
"Vermont","July","2023","Age 55-59","Resident Population","Male","21,276"
"Vermont","July","2023","Age 55-59","Resident Population","Female","21,898"
"Vermont","July","2023","Age 60-64","Resident Population","Male","23,666"
"Vermont","July","2023","Age 60-64","Resident Population","Female","24,974"
"Vermont","July","2023","Age 65-69","Resident Population","Male","22,755"
"Vermont","July","2023","Age 65-69","Resident Population","Female","23,812"
"Vermont","July","2023","Age 65 and older","Resident Population","Male","67,054"
"Vermont","July","2023","Age 65 and older","Resident Population","Female","76,069"
"Vermont","July","2023","Age 70-74","Resident Population","Male","18,858"
"Vermont","July","2023","Age 70-74","Resident Population","Female","20,116"
"Vermont","July","2023","Age 75-79","Resident Population","Male","13,169"
"Vermont","July","2023","Age 75-79","Resident Population","Female","14,814"
"Vermont","July","2023","Age 80-84","Resident Population","Male","7,320"
"Vermont","July","2023","Age 80-84","Resident Population","Female","8,802"
"Vermont","July","2023","85 years and over","Resident Population","Male","4,952"
"Vermont","July","2023","85 years and over","Resident Population","Female","8,525"
"Virginia","July","2023","Age under 5","Resident Population","Male","249,313"
"Virginia","July","2023","Age under 5","Resident Population","Female","236,633"
"Virginia","July","2023","Age 5-9","Resident Population","Male","267,312"
"Virginia","July","2023","Age 5-9","Resident Population","Female","255,704"
"Virginia","July","2023","Age 5-13","Resident Population","Male","485,106"
"Virginia","July","2023","Age 5-13","Resident Population","Female","461,865"
"Virginia","July","2023","Age 10-14","Resident Population","Male","273,963"
"Virginia","July","2023","Age 10-14","Resident Population","Female","259,440"
"Virginia","July","2023","Age 14-17","Resident Population","Male","230,343"
"Virginia","July","2023","Age 14-17","Resident Population","Female","218,284"
"Virginia","July","2023","Age 15-19","Resident Population","Male","290,507"
"Virginia","July","2023","Age 15-19","Resident Population","Female","278,157"
"Virginia","July","2023","Age 15-44","Resident Population","Male","1,770,579"
"Virginia","July","2023","Age 15-44","Resident Population","Female","1,727,063"
"Virginia","July","2023","Age 16 and older","Resident Population","Male","3,457,148"
"Virginia","July","2023","Age 16 and older","Resident Population","Female","3,602,393"
"Virginia","July","2023","Age 18-24","Resident Population","Male","410,356"
"Virginia","July","2023","Age 18-24","Resident Population","Female","391,253"
"Virginia","July","2023","Age 18 and older","Resident Population","Male","3,341,239"
"Virginia","July","2023","Age 18 and older","Resident Population","Female","3,492,915"
"Virginia","July","2023","Age 20-24","Resident Population","Male","294,023"
"Virginia","July","2023","Age 20-24","Resident Population","Female","278,101"
"Virginia","July","2023","Age 25-29","Resident Population","Male","289,576"
"Virginia","July","2023","Age 25-29","Resident Population","Female","279,243"
"Virginia","July","2023","Age 25-44","Resident Population","Male","1,186,049"
"Virginia","July","2023","Age 25-44","Resident Population","Female","1,170,805"
"Virginia","July","2023","Age 30-34","Resident Population","Male","302,581"
"Virginia","July","2023","Age 30-34","Resident Population","Female","299,887"
"Virginia","July","2023","Age 35-39","Resident Population","Male","299,785"
"Virginia","July","2023","Age 35-39","Resident Population","Female","299,128"
"Virginia","July","2023","Age 40-44","Resident Population","Male","294,107"
"Virginia","July","2023","Age 40-44","Resident Population","Female","292,547"
"Virginia","July","2023","Age 45-49","Resident Population","Male","261,155"
"Virginia","July","2023","Age 45-49","Resident Population","Female","264,196"
"Virginia","July","2023","Age 45-64","Resident Population","Male","1,071,451"
"Virginia","July","2023","Age 45-64","Resident Population","Female","1,105,361"
"Virginia","July","2023","Age 50-54","Resident Population","Male","272,959"
"Virginia","July","2023","Age 50-54","Resident Population","Female","276,944"
"Virginia","July","2023","Age 55-59","Resident Population","Male","269,059"
"Virginia","July","2023","Age 55-59","Resident Population","Female","279,854"
"Virginia","July","2023","Age 60-64","Resident Population","Male","268,278"
"Virginia","July","2023","Age 60-64","Resident Population","Female","284,367"
"Virginia","July","2023","Age 65-69","Resident Population","Male","229,532"
"Virginia","July","2023","Age 65-69","Resident Population","Female","255,460"
"Virginia","July","2023","Age 65 and older","Resident Population","Male","673,383"
"Virginia","July","2023","Age 65 and older","Resident Population","Female","825,496"
"Virginia","July","2023","Age 70-74","Resident Population","Male","180,650"
"Virginia","July","2023","Age 70-74","Resident Population","Female","211,227"
"Virginia","July","2023","Age 75-79","Resident Population","Male","132,549"
"Virginia","July","2023","Age 75-79","Resident Population","Female","161,581"
"Virginia","July","2023","Age 80-84","Resident Population","Male","75,975"
"Virginia","July","2023","Age 80-84","Resident Population","Female","102,288"
"Virginia","July","2023","85 years and over","Resident Population","Male","54,677"
"Virginia","July","2023","85 years and over","Resident Population","Female","94,940"
"Washington","July","2023","Age under 5","Resident Population","Male","215,097"
"Washington","July","2023","Age under 5","Resident Population","Female","206,030"
"Washington","July","2023","Age 5-9","Resident Population","Male","237,359"
"Washington","July","2023","Age 5-9","Resident Population","Female","224,421"
"Washington","July","2023","Age 5-13","Resident Population","Male","429,322"
"Washington","July","2023","Age 5-13","Resident Population","Female","407,717"
"Washington","July","2023","Age 10-14","Resident Population","Male","241,465"
"Washington","July","2023","Age 10-14","Resident Population","Female","230,523"
"Washington","July","2023","Age 14-17","Resident Population","Male","199,824"
"Washington","July","2023","Age 14-17","Resident Population","Female","190,080"
"Washington","July","2023","Age 15-19","Resident Population","Male","240,878"
"Washington","July","2023","Age 15-19","Resident Population","Female","228,489"
"Washington","July","2023","Age 15-44","Resident Population","Male","1,689,835"
"Washington","July","2023","Age 15-44","Resident Population","Female","1,575,422"
"Washington","July","2023","Age 16 and older","Resident Population","Male","3,189,332"
"Washington","July","2023","Age 16 and older","Resident Population","Female","3,169,494"
"Washington","July","2023","Age 18-24","Resident Population","Male","340,551"
"Washington","July","2023","Age 18-24","Resident Population","Female","315,275"
"Washington","July","2023","Age 18 and older","Resident Population","Male","3,089,759"
"Washington","July","2023","Age 18 and older","Resident Population","Female","3,075,051"
"Washington","July","2023","Age 20-24","Resident Population","Male","249,995"
"Washington","July","2023","Age 20-24","Resident Population","Female","229,639"
"Washington","July","2023","Age 25-29","Resident Population","Male","289,733"
"Washington","July","2023","Age 25-29","Resident Population","Female","267,166"
"Washington","July","2023","Age 25-44","Resident Population","Male","1,198,962"
"Washington","July","2023","Age 25-44","Resident Population","Female","1,117,294"
"Washington","July","2023","Age 30-34","Resident Population","Male","325,433"
"Washington","July","2023","Age 30-34","Resident Population","Female","301,269"
"Washington","July","2023","Age 35-39","Resident Population","Male","303,463"
"Washington","July","2023","Age 35-39","Resident Population","Female","283,363"
"Washington","July","2023","Age 40-44","Resident Population","Male","280,333"
"Washington","July","2023","Age 40-44","Resident Population","Female","265,496"
"Washington","July","2023","Age 45-49","Resident Population","Male","235,956"
"Washington","July","2023","Age 45-49","Resident Population","Female","228,331"
"Washington","July","2023","Age 45-64","Resident Population","Male","933,107"
"Washington","July","2023","Age 45-64","Resident Population","Female","921,862"
"Washington","July","2023","Age 50-54","Resident Population","Male","238,824"
"Washington","July","2023","Age 50-54","Resident Population","Female","230,296"
"Washington","July","2023","Age 55-59","Resident Population","Male","225,437"
"Washington","July","2023","Age 55-59","Resident Population","Female","224,002"
"Washington","July","2023","Age 60-64","Resident Population","Male","232,890"
"Washington","July","2023","Age 60-64","Resident Population","Female","239,233"
"Washington","July","2023","Age 65-69","Resident Population","Male","210,884"
"Washington","July","2023","Age 65-69","Resident Population","Female","227,410"
"Washington","July","2023","Age 65 and older","Resident Population","Male","617,139"
"Washington","July","2023","Age 65 and older","Resident Population","Female","720,620"
"Washington","July","2023","Age 70-74","Resident Population","Male","170,486"
"Washington","July","2023","Age 70-74","Resident Population","Female","191,661"
"Washington","July","2023","Age 75-79","Resident Population","Male","120,087"
"Washington","July","2023","Age 75-79","Resident Population","Female","139,886"
"Washington","July","2023","Age 80-84","Resident Population","Male","67,267"
"Washington","July","2023","Age 80-84","Resident Population","Female","82,936"
"Washington","July","2023","85 years and over","Resident Population","Male","48,415"
"Washington","July","2023","85 years and over","Resident Population","Female","78,727"
"West Virginia","July","2023","Age under 5","Resident Population","Male","44,745"
"West Virginia","July","2023","Age under 5","Resident Population","Female","42,654"
"West Virginia","July","2023","Age 5-9","Resident Population","Male","49,163"
"West Virginia","July","2023","Age 5-9","Resident Population","Female","46,922"
"West Virginia","July","2023","Age 5-13","Resident Population","Male","90,908"
"West Virginia","July","2023","Age 5-13","Resident Population","Female","86,549"
"West Virginia","July","2023","Age 10-14","Resident Population","Male","52,620"
"West Virginia","July","2023","Age 10-14","Resident Population","Female","49,997"
"West Virginia","July","2023","Age 14-17","Resident Population","Male","44,992"
"West Virginia","July","2023","Age 14-17","Resident Population","Female","42,364"
"West Virginia","July","2023","Age 15-19","Resident Population","Male","57,097"
"West Virginia","July","2023","Age 15-19","Resident Population","Female","52,699"
"West Virginia","July","2023","Age 15-44","Resident Population","Male","332,738"
"West Virginia","July","2023","Age 15-44","Resident Population","Female","312,958"
"West Virginia","July","2023","Age 16 and older","Resident Population","Male","725,610"
"West Virginia","July","2023","Age 16 and older","Resident Population","Female","736,060"
"West Virginia","July","2023","Age 18-24","Resident Population","Male","80,831"
"West Virginia","July","2023","Age 18-24","Resident Population","Female","74,474"
"West Virginia","July","2023","Age 18 and older","Resident Population","Male","702,988"
"West Virginia","July","2023","Age 18 and older","Resident Population","Female","714,871"
"West Virginia","July","2023","Age 20-24","Resident Population","Male","57,851"
"West Virginia","July","2023","Age 20-24","Resident Population","Female","53,769"
"West Virginia","July","2023","Age 25-29","Resident Population","Male","54,596"
"West Virginia","July","2023","Age 25-29","Resident Population","Female","49,664"
"West Virginia","July","2023","Age 25-44","Resident Population","Male","217,790"
"West Virginia","July","2023","Age 25-44","Resident Population","Female","206,490"
"West Virginia","July","2023","Age 30-34","Resident Population","Male","56,221"
"West Virginia","July","2023","Age 30-34","Resident Population","Female","53,593"
"West Virginia","July","2023","Age 35-39","Resident Population","Male","51,823"
"West Virginia","July","2023","Age 35-39","Resident Population","Female","49,268"
"West Virginia","July","2023","Age 40-44","Resident Population","Male","55,150"
"West Virginia","July","2023","Age 40-44","Resident Population","Female","53,965"
"West Virginia","July","2023","Age 45-49","Resident Population","Male","54,096"
"West Virginia","July","2023","Age 45-49","Resident Population","Female","53,005"
"West Virginia","July","2023","Age 45-64","Resident Population","Male","228,588"
"West Virginia","July","2023","Age 45-64","Resident Population","Female","229,007"
"West Virginia","July","2023","Age 50-54","Resident Population","Male","58,410"
"West Virginia","July","2023","Age 50-54","Resident Population","Female","56,748"
"West Virginia","July","2023","Age 55-59","Resident Population","Male","57,318"
"West Virginia","July","2023","Age 55-59","Resident Population","Female","57,197"
"West Virginia","July","2023","Age 60-64","Resident Population","Male","58,764"
"West Virginia","July","2023","Age 60-64","Resident Population","Female","62,057"
"West Virginia","July","2023","Age 65-69","Resident Population","Male","57,608"
"West Virginia","July","2023","Age 65-69","Resident Population","Female","61,960"
"West Virginia","July","2023","Age 65 and older","Resident Population","Male","175,779"
"West Virginia","July","2023","Age 65 and older","Resident Population","Female","204,900"
"West Virginia","July","2023","Age 70-74","Resident Population","Male","49,383"
"West Virginia","July","2023","Age 70-74","Resident Population","Female","55,148"
"West Virginia","July","2023","Age 75-79","Resident Population","Male","35,035"
"West Virginia","July","2023","Age 75-79","Resident Population","Female","39,879"
"West Virginia","July","2023","Age 80-84","Resident Population","Male","19,697"
"West Virginia","July","2023","Age 80-84","Resident Population","Female","24,944"
"West Virginia","July","2023","85 years and over","Resident Population","Male","14,056"
"West Virginia","July","2023","85 years and over","Resident Population","Female","22,969"
"Wisconsin","July","2023","Age under 5","Resident Population","Male","158,282"
"Wisconsin","July","2023","Age under 5","Resident Population","Female","152,092"
"Wisconsin","July","2023","Age 5-9","Resident Population","Male","175,557"
"Wisconsin","July","2023","Age 5-9","Resident Population","Female","166,976"
"Wisconsin","July","2023","Age 5-13","Resident Population","Male","321,649"
"Wisconsin","July","2023","Age 5-13","Resident Population","Female","305,802"
"Wisconsin","July","2023","Age 10-14","Resident Population","Male","185,357"
"Wisconsin","July","2023","Age 10-14","Resident Population","Female","175,749"
"Wisconsin","July","2023","Age 14-17","Resident Population","Male","160,169"
"Wisconsin","July","2023","Age 14-17","Resident Population","Female","151,135"
"Wisconsin","July","2023","Age 15-19","Resident Population","Male","200,172"
"Wisconsin","July","2023","Age 15-19","Resident Population","Female","190,248"
"Wisconsin","July","2023","Age 15-44","Resident Population","Male","1,161,713"
"Wisconsin","July","2023","Age 15-44","Resident Population","Female","1,114,962"
"Wisconsin","July","2023","Age 16 and older","Resident Population","Male","2,399,777"
"Wisconsin","July","2023","Age 16 and older","Resident Population","Female","2,418,429"
"Wisconsin","July","2023","Age 18-24","Resident Population","Male","281,187"
"Wisconsin","July","2023","Age 18-24","Resident Population","Female","271,212"
"Wisconsin","July","2023","Age 18 and older","Resident Population","Male","2,319,416"
"Wisconsin","July","2023","Age 18 and older","Resident Population","Female","2,342,410"
"Wisconsin","July","2023","Age 20-24","Resident Population","Male","201,919"
"Wisconsin","July","2023","Age 20-24","Resident Population","Female","195,176"
"Wisconsin","July","2023","Age 25-29","Resident Population","Male","188,429"
"Wisconsin","July","2023","Age 25-29","Resident Population","Female","178,187"
"Wisconsin","July","2023","Age 25-44","Resident Population","Male","759,622"
"Wisconsin","July","2023","Age 25-44","Resident Population","Female","729,538"
"Wisconsin","July","2023","Age 30-34","Resident Population","Male","190,201"
"Wisconsin","July","2023","Age 30-34","Resident Population","Female","183,026"
"Wisconsin","July","2023","Age 35-39","Resident Population","Male","188,500"
"Wisconsin","July","2023","Age 35-39","Resident Population","Female","182,739"
"Wisconsin","July","2023","Age 40-44","Resident Population","Male","192,492"
"Wisconsin","July","2023","Age 40-44","Resident Population","Female","185,586"
"Wisconsin","July","2023","Age 45-49","Resident Population","Male","170,648"
"Wisconsin","July","2023","Age 45-49","Resident Population","Female","165,110"
"Wisconsin","July","2023","Age 45-64","Resident Population","Male","750,072"
"Wisconsin","July","2023","Age 45-64","Resident Population","Female","740,393"
"Wisconsin","July","2023","Age 50-54","Resident Population","Male","179,206"
"Wisconsin","July","2023","Age 50-54","Resident Population","Female","173,798"
"Wisconsin","July","2023","Age 55-59","Resident Population","Male","192,365"
"Wisconsin","July","2023","Age 55-59","Resident Population","Female","191,239"
"Wisconsin","July","2023","Age 60-64","Resident Population","Male","207,853"
"Wisconsin","July","2023","Age 60-64","Resident Population","Female","210,246"
"Wisconsin","July","2023","Age 65-69","Resident Population","Male","185,743"
"Wisconsin","July","2023","Age 65-69","Resident Population","Female","190,998"
"Wisconsin","July","2023","Age 65 and older","Resident Population","Male","528,535"
"Wisconsin","July","2023","Age 65 and older","Resident Population","Female","601,267"
"Wisconsin","July","2023","Age 70-74","Resident Population","Male","147,177"
"Wisconsin","July","2023","Age 70-74","Resident Population","Female","156,309"
"Wisconsin","July","2023","Age 75-79","Resident Population","Male","98,159"
"Wisconsin","July","2023","Age 75-79","Resident Population","Female","109,772"
"Wisconsin","July","2023","Age 80-84","Resident Population","Male","55,877"
"Wisconsin","July","2023","Age 80-84","Resident Population","Female","71,734"
"Wisconsin","July","2023","85 years and over","Resident Population","Male","41,579"
"Wisconsin","July","2023","85 years and over","Resident Population","Female","72,454"
"Wyoming","July","2023","Age under 5","Resident Population","Male","15,967"
"Wyoming","July","2023","Age under 5","Resident Population","Female","14,818"
"Wyoming","July","2023","Age 5-9","Resident Population","Male","18,380"
"Wyoming","July","2023","Age 5-9","Resident Population","Female","17,255"
"Wyoming","July","2023","Age 5-13","Resident Population","Male","33,853"
"Wyoming","July","2023","Age 5-13","Resident Population","Female","31,828"
"Wyoming","July","2023","Age 10-14","Resident Population","Male","19,649"
"Wyoming","July","2023","Age 10-14","Resident Population","Female","18,566"
"Wyoming","July","2023","Age 14-17","Resident Population","Male","16,965"
"Wyoming","July","2023","Age 14-17","Resident Population","Female","16,118"
"Wyoming","July","2023","Age 15-19","Resident Population","Male","20,852"
"Wyoming","July","2023","Age 15-19","Resident Population","Female","19,497"
"Wyoming","July","2023","Age 15-44","Resident Population","Male","119,525"
"Wyoming","July","2023","Age 15-44","Resident Population","Female","110,004"
"Wyoming","July","2023","Age 16 and older","Resident Population","Male","240,744"
"Wyoming","July","2023","Age 16 and older","Resident Population","Female","230,284"
"Wyoming","July","2023","Age 18-24","Resident Population","Male","28,361"
"Wyoming","July","2023","Age 18-24","Resident Population","Female","25,078"
"Wyoming","July","2023","Age 18 and older","Resident Population","Male","232,240"
"Wyoming","July","2023","Age 18 and older","Resident Population","Female","222,268"
"Wyoming","July","2023","Age 20-24","Resident Population","Male","20,298"
"Wyoming","July","2023","Age 20-24","Resident Population","Female","17,706"
"Wyoming","July","2023","Age 25-29","Resident Population","Male","18,114"
"Wyoming","July","2023","Age 25-29","Resident Population","Female","16,845"
"Wyoming","July","2023","Age 25-44","Resident Population","Male","78,375"
"Wyoming","July","2023","Age 25-44","Resident Population","Female","72,801"
"Wyoming","July","2023","Age 30-34","Resident Population","Male","19,558"
"Wyoming","July","2023","Age 30-34","Resident Population","Female","18,296"
"Wyoming","July","2023","Age 35-39","Resident Population","Male","20,301"
"Wyoming","July","2023","Age 35-39","Resident Population","Female","18,717"
"Wyoming","July","2023","Age 40-44","Resident Population","Male","20,402"
"Wyoming","July","2023","Age 40-44","Resident Population","Female","18,943"
"Wyoming","July","2023","Age 45-49","Resident Population","Male","17,546"
"Wyoming","July","2023","Age 45-49","Resident Population","Female","16,047"
"Wyoming","July","2023","Age 45-64","Resident Population","Male","70,721"
"Wyoming","July","2023","Age 45-64","Resident Population","Female","67,307"
"Wyoming","July","2023","Age 50-54","Resident Population","Male","17,126"
"Wyoming","July","2023","Age 50-54","Resident Population","Female","15,721"
"Wyoming","July","2023","Age 55-59","Resident Population","Male","16,408"
"Wyoming","July","2023","Age 55-59","Resident Population","Female","16,048"
"Wyoming","July","2023","Age 60-64","Resident Population","Male","19,641"
"Wyoming","July","2023","Age 60-64","Resident Population","Female","19,491"
"Wyoming","July","2023","Age 65-69","Resident Population","Male","19,511"
"Wyoming","July","2023","Age 65-69","Resident Population","Female","19,067"
"Wyoming","July","2023","Age 65 and older","Resident Population","Male","54,783"
"Wyoming","July","2023","Age 65 and older","Resident Population","Female","57,082"
"Wyoming","July","2023","Age 70-74","Resident Population","Male","15,419"
"Wyoming","July","2023","Age 70-74","Resident Population","Female","15,036"
"Wyoming","July","2023","Age 75-79","Resident Population","Male","10,120"
"Wyoming","July","2023","Age 75-79","Resident Population","Female","10,461"
"Wyoming","July","2023","Age 80-84","Resident Population","Male","5,575"
"Wyoming","July","2023","Age 80-84","Resident Population","Female","6,305"
"Wyoming","July","2023","85 years and over","Resident Population","Male","4,158"
"Wyoming","July","2023","85 years and over","Resident Population","Female","6,213"
"Puerto Rico","July","2023","Age under 5","Resident Population","Male","49,782"
"Puerto Rico","July","2023","Age under 5","Resident Population","Female","47,197"
"Puerto Rico","July","2023","Age 5-9","Resident Population","Male","64,419"
"Puerto Rico","July","2023","Age 5-9","Resident Population","Female","61,869"
"Puerto Rico","July","2023","Age 5-13","Resident Population","Male","129,936"
"Puerto Rico","July","2023","Age 5-13","Resident Population","Female","126,054"
"Puerto Rico","July","2023","Age 10-14","Resident Population","Male","83,269"
"Puerto Rico","July","2023","Age 10-14","Resident Population","Female","81,675"
"Puerto Rico","July","2023","Age 14-17","Resident Population","Male","73,804"
"Puerto Rico","July","2023","Age 14-17","Resident Population","Female","71,906"
"Puerto Rico","July","2023","Age 15-19","Resident Population","Male","94,829"
"Puerto Rico","July","2023","Age 15-19","Resident Population","Female","91,921"
"Puerto Rico","July","2023","Age 15-44","Resident Population","Male","595,435"
"Puerto Rico","July","2023","Age 15-44","Resident Population","Female","610,321"
"Puerto Rico","July","2023","Age 16 and older","Resident Population","Male","1,298,207"
"Puerto Rico","July","2023","Age 16 and older","Resident Population","Female","1,483,533"
"Puerto Rico","July","2023","Age 18-24","Resident Population","Male","144,298"
"Puerto Rico","July","2023","Age 18-24","Resident Population","Female","139,197"
"Puerto Rico","July","2023","Age 18 and older","Resident Population","Male","1,260,182"
"Puerto Rico","July","2023","Age 18 and older","Resident Population","Female","1,446,830"
"Puerto Rico","July","2023","Age 20-24","Resident Population","Male","105,521"
"Puerto Rico","July","2023","Age 20-24","Resident Population","Female","101,692"
"Puerto Rico","July","2023","Age 25-29","Resident Population","Male","110,734"
"Puerto Rico","July","2023","Age 25-29","Resident Population","Female","109,103"
"Puerto Rico","July","2023","Age 25-44","Resident Population","Male","395,085"
"Puerto Rico","July","2023","Age 25-44","Resident Population","Female","416,708"
"Puerto Rico","July","2023","Age 30-34","Resident Population","Male","107,219"
"Puerto Rico","July","2023","Age 30-34","Resident Population","Female","109,557"
"Puerto Rico","July","2023","Age 35-39","Resident Population","Male","86,094"
"Puerto Rico","July","2023","Age 35-39","Resident Population","Female","94,557"
"Puerto Rico","July","2023","Age 40-44","Resident Population","Male","91,038"
"Puerto Rico","July","2023","Age 40-44","Resident Population","Female","103,491"
"Puerto Rico","July","2023","Age 45-49","Resident Population","Male","93,841"
"Puerto Rico","July","2023","Age 45-49","Resident Population","Female","105,931"
"Puerto Rico","July","2023","Age 45-64","Resident Population","Male","389,629"
"Puerto Rico","July","2023","Age 45-64","Resident Population","Female","451,240"
"Puerto Rico","July","2023","Age 50-54","Resident Population","Male","97,607"
"Puerto Rico","July","2023","Age 50-54","Resident Population","Female","109,346"
"Puerto Rico","July","2023","Age 55-59","Resident Population","Male","99,679"
"Puerto Rico","July","2023","Age 55-59","Resident Population","Female","117,139"
"Puerto Rico","July","2023","Age 60-64","Resident Population","Male","98,502"
"Puerto Rico","July","2023","Age 60-64","Resident Population","Female","118,824"
"Puerto Rico","July","2023","Age 65-69","Resident Population","Male","91,713"
"Puerto Rico","July","2023","Age 65-69","Resident Population","Female","112,045"
"Puerto Rico","July","2023","Age 65 and older","Resident Population","Male","331,170"
"Puerto Rico","July","2023","Age 65 and older","Resident Population","Female","439,685"
"Puerto Rico","July","2023","Age 70-74","Resident Population","Male","79,623"
"Puerto Rico","July","2023","Age 70-74","Resident Population","Female","100,981"
"Puerto Rico","July","2023","Age 75-79","Resident Population","Male","68,989"
"Puerto Rico","July","2023","Age 75-79","Resident Population","Female","89,896"
"Puerto Rico","July","2023","Age 80-84","Resident Population","Male","45,819"
"Puerto Rico","July","2023","Age 80-84","Resident Population","Female","62,800"
"Puerto Rico","July","2023","85 years and over","Resident Population","Male","45,026"
"Puerto Rico","July","2023","85 years and over","Resident Population","Female","73,963"