period,seriesId,seriesDescription,stateId,stateDescription,value,unit
2023,NUETB,"Nuclear energy consumed for electricity generation, total",DE,Delaware,0,Billion Btu
2023,NUETB,"Nuclear energy consumed for electricity generation, total",FL,Florida,312935,Billion Btu
2023,NUETB,"Nuclear energy consumed for electricity generation, total",GA,Georgia,390663,Billion Btu
2023,NUETD,"Nuclear fuel average price, all sectors",MN,Minnesota,.77,Dollars per million Btu
2023,NUETD,"Nuclear fuel average price, all sectors",MO,Missouri,.7,Dollars per million Btu
2023,NUETB,"Nuclear energy consumed for electricity generation, total",MO,Missouri,95947,Billion Btu
2023,NUETB,"Nuclear energy consumed for electricity generation, total",MS,Mississippi,122807,Billion Btu
2023,NUETB,"Nuclear energy consumed for electricity generation, total",MT,Montana,0,Billion Btu
2023,NUETD,"Nuclear fuel average price, all sectors",TX,Texas,.59,Dollars per million Btu
2023,NUETD,"Nuclear fuel average price, all sectors",US,United States,.61,Dollars per million Btu
2023,NUEGV,Nuclear fuel expenditures in the electric power sector,NV,Nevada,0,Million dollars
2023,NUEGV,Nuclear fuel expenditures in the electric power sector,NY,New York,185.2,Million dollars
2023,NUEGV,Nuclear fuel expenditures in the electric power sector,OH,Ohio,105.4,Million dollars
2023,NUETB,"Nuclear energy consumed for electricity generation, total",RI,Rhode Island,0,Billion Btu
2023,NUETD,"Nuclear fuel average price, all sectors",MS,Mississippi,.65,Dollars per million Btu
2023,NUETD,"Nuclear fuel average price, all sectors",MT,Montana,0,Dollars per million Btu
2023,NUETD,"Nuclear fuel average price, all sectors",NC,North Carolina,.55,Dollars per million Btu
2023,NUETP,Nuclear electricity total net generation,SC,South Carolina,55622,Million kilowatthours
2023,NUETP,Nuclear electricity total net generation,SD,South Dakota,0,Million kilowatthours
2023,NUETD,"Nuclear fuel average price, all sectors",UT,Utah,0,Dollars per million Btu
2023,NUETD,"Nuclear fuel average price, all sectors",VA,Virginia,.59,Dollars per million Btu
2023,NUETD,"Nuclear fuel average price, all sectors",VT,Vermont,0,Dollars per million Btu
2023,NUEGP,Nuclear electricity net generation in the electric power sector,NY,New York,27525,Million kilowatthours
2023,NUETB,"Nuclear energy consumed for electricity generation, total",SC,South Carolina,581365,Billion Btu
2023,NUETB,"Nuclear energy consumed for electricity generation, total",SD,South Dakota,0,Billion Btu
2023,NUETB,"Nuclear energy consumed for electricity generation, total",TN,Tennessee,396522,Billion Btu
2023,NUETP,Nuclear electricity total net generation,DE,Delaware,0,Million kilowatthours
2023,NUEGP,Nuclear electricity net generation in the electric power sector,IL,Illinois,97559,Million kilowatthours
2023,NUETP,Nuclear electricity total net generation,TN,Tennessee,37937,Million kilowatthours
2023,NUETP,Nuclear electricity total net generation,TX,Texas,40680,Million kilowatthours
2023,NUEGP,Nuclear electricity net generation in the electric power sector,WV,West Virginia,0,Million kilowatthours
2023,NUEGP,Nuclear electricity net generation in the electric power sector,OH,Ohio,16207,Million kilowatthours
2023,NUEGP,Nuclear electricity net generation in the electric power sector,OK,Oklahoma,0,Million kilowatthours
2023,NUEGP,Nuclear electricity net generation in the electric power sector,OR,Oregon,0,Million kilowatthours
2023,NUEGV,Nuclear fuel expenditures in the electric power sector,KY,Kentucky,0,Million dollars
2023,NUEGV,Nuclear fuel expenditures in the electric power sector,LA,Louisiana,73.4,Million dollars
2023,NUETP,Nuclear electricity total net generation,FL,Florida,29940,Million kilowatthours
2023,NUETP,Nuclear electricity total net generation,GA,Georgia,37377,Million kilowatthours
2023,NUETP,Nuclear electricity total net generation,HI,Hawaii,0,Million kilowatthours
2023,NUEGD,Nuclear fuel price in the electric power sector,US,United States,.61,Dollars per million Btu
2023,NUEGD,Nuclear fuel price in the electric power sector,UT,Utah,0,Dollars per million Btu
2023,NUEGP,Nuclear electricity net generation in the electric power sector,IN,Indiana,0,Million kilowatthours
2023,NUEGP,Nuclear electricity net generation in the electric power sector,KS,Kansas,10302,Million kilowatthours
2023,NUEGP,Nuclear electricity net generation in the electric power sector,KY,Kentucky,0,Million kilowatthours
2023,NUEGP,Nuclear electricity net generation in the electric power sector,MI,Michigan,27996,Million kilowatthours
2023,NUEGP,Nuclear electricity net generation in the electric power sector,WY,Wyoming,0,Million kilowatthours
2023,NUEGV,Nuclear fuel expenditures in the electric power sector,AK,Alaska,0,Million dollars
2023,NUETB,"Nuclear energy consumed for electricity generation, total",VA,Virginia,310037,Billion Btu
2023,NUETP,Nuclear electricity total net generation,IA,Iowa,0,Million kilowatthours
2023,NUETP,Nuclear electricity total net generation,NE,Nebraska,6926,Million kilowatthours
2023,NUETP,Nuclear electricity total net generation,NH,New Hampshire,9535,Million kilowatthours
2023,NUETP,Nuclear electricity total net generation,NJ,New Jersey,28335,Million kilowatthours
2023,NUEGP,Nuclear electricity net generation in the electric power sector,LA,Louisiana,12211,Million kilowatthours
2023,NUETP,Nuclear electricity total net generation,VA,Virginia,29663,Million kilowatthours
2023,NUETP,Nuclear electricity total net generation,VT,Vermont,0,Million kilowatthours
2023,NUEGV,Nuclear fuel expenditures in the electric power sector,AZ,Arizona,211.7,Million dollars
2023,NUETD,"Nuclear fuel average price, all sectors",WV,West Virginia,0,Dollars per million Btu
2023,NUETD,"Nuclear fuel average price, all sectors",WY,Wyoming,0,Dollars per million Btu
2023,NUETK,Factor for converting electricity generated from nuclear power from physical units to Btu,US,United States,10.452,Thousand Btu per kilowatthour
2023,NUEGP,Nuclear electricity net generation in the electric power sector,PA,Pennsylvania,75305,Million kilowatthours
2023,NUETP,Nuclear electricity total net generation,ID,Idaho,0,Million kilowatthours
2023,NUETP,Nuclear electricity total net generation,IL,Illinois,97559,Million kilowatthours
2023,NUETP,Nuclear electricity total net generation,IN,Indiana,0,Million kilowatthours
2023,NUEGD,Nuclear fuel price in the electric power sector,WI,Wisconsin,.59,Dollars per million Btu
2023,NUEGP,Nuclear electricity net generation in the electric power sector,MA,Massachusetts,0,Million kilowatthours
2023,NUEGP,Nuclear electricity net generation in the electric power sector,MD,Maryland,14984,Million kilowatthours
2023,NUEGP,Nuclear electricity net generation in the electric power sector,ME,Maine,0,Million kilowatthours
2023,NUEGP,Nuclear electricity net generation in the electric power sector,MT,Montana,0,Million kilowatthours
2023,NUEGV,Nuclear fuel expenditures in the electric power sector,CA,California,106.3,Million dollars
2023,NUEGV,Nuclear fuel expenditures in the electric power sector,CO,Colorado,0,Million dollars
2023,NUEGV,Nuclear fuel expenditures in the electric power sector,CT,Connecticut,84.1,Million dollars
2023,NUETB,"Nuclear energy consumed for electricity generation, total",IN,Indiana,0,Billion Btu
2023,NUEGP,Nuclear electricity net generation in the electric power sector,RI,Rhode Island,0,Million kilowatthours
2023,NUEGP,Nuclear electricity net generation in the electric power sector,SC,South Carolina,55622,Million kilowatthours
2023,NUEGP,Nuclear electricity net generation in the electric power sector,SD,South Dakota,0,Million kilowatthours
2023,NUEGV,Nuclear fuel expenditures in the electric power sector,MI,Michigan,158.7,Million dollars
2023,NUEGP,Nuclear electricity net generation in the electric power sector,DC,District of Columbia,0,Million kilowatthours
2023,NUEGP,Nuclear electricity net generation in the electric power sector,DE,Delaware,0,Million kilowatthours
2023,NUEGV,Nuclear fuel expenditures in the electric power sector,WV,West Virginia,0,Million dollars
2023,NUEGV,Nuclear fuel expenditures in the electric power sector,WY,Wyoming,0,Million dollars
2023,NUEGP,Nuclear electricity net generation in the electric power sector,NC,North Carolina,42336,Million kilowatthours
2023,NUEGP,Nuclear electricity net generation in the electric power sector,ND,North Dakota,0,Million kilowatthours
2023,NUEGP,Nuclear electricity net generation in the electric power sector,NE,Nebraska,6926,Million kilowatthours
2023,NUETD,"Nuclear fuel average price, all sectors",IL,Illinois,.63,Dollars per million Btu
2023,NUETB,"Nuclear energy consumed for electricity generation, total",KS,Kansas,107675,Billion Btu
2023,NUETB,"Nuclear energy consumed for electricity generation, total",KY,Kentucky,0,Billion Btu
2023,NUETB,"Nuclear energy consumed for electricity generation, total",LA,Louisiana,127634,Billion Btu
2023,NUETD,"Nuclear fuel average price, all sectors",NV,Nevada,0,Dollars per million Btu
2023,NUETD,"Nuclear fuel average price, all sectors",NY,New York,.64,Dollars per million Btu
2023,NUEGV,Nuclear fuel expenditures in the electric power sector,MN,Minnesota,96.4,Million dollars
2023,NUGBP,Nuclear generating units net summer capacity in all sectors,TN,Tennessee,4523,Thousand kilowatts
2023,NUGBP,Nuclear generating units net summer capacity in all sectors,TX,Texas,4980,Thousand kilowatts
2023,NUGBP,Nuclear generating units net summer capacity in all sectors,US,United States,95712,Thousand kilowatts
2023,NUETV,Nuclear fuel total expenditures,DC,District of Columbia,0,Million dollars
2023,NUETV,Nuclear fuel total expenditures,DE,Delaware,0,Million dollars
2023,NUETV,Nuclear fuel total expenditures,FL,Florida,153.7,Million dollars
2023,NUETV,Nuclear fuel total expenditures,NC,North Carolina,244.6,Million dollars
2023,NUETV,Nuclear fuel total expenditures,ND,North Dakota,0,Million dollars
2023,NUGBP,Nuclear generating units net summer capacity in all sectors,UT,Utah,0,Thousand kilowatts
2023,NUGBP,Nuclear generating units net summer capacity in all sectors,VA,Virginia,3568,Thousand kilowatts
2023,NUGBP,Nuclear generating units net summer capacity in all sectors,VT,Vermont,0,Thousand kilowatts
2023,NUGBP,Nuclear generating units net summer capacity in all sectors,WA,Washington,1151,Thousand kilowatts
2023,NUGBP,Nuclear generating units net summer capacity in all sectors,WI,Wisconsin,1187,Thousand kilowatts
2023,NUGBP,Nuclear generating units net summer capacity in all sectors,WV,West Virginia,0,Thousand kilowatts
2023,NUGBP,Nuclear generating units net summer capacity in all sectors,WY,Wyoming,0,Thousand kilowatts
2023,NUETV,Nuclear fuel total expenditures,GA,Georgia,301.6,Million dollars
2023,NUETV,Nuclear fuel total expenditures,HI,Hawaii,0,Million dollars
2023,NUETV,Nuclear fuel total expenditures,NE,Nebraska,47.4,Million dollars
2023,NUETV,Nuclear fuel total expenditures,NH,New Hampshire,58.6,Million dollars
2023,NUETV,Nuclear fuel total expenditures,WA,Washington,57.7,Million dollars
2023,NUETV,Nuclear fuel total expenditures,WI,Wisconsin,59.6,Million dollars
2023,NUETV,Nuclear fuel total expenditures,WV,West Virginia,0,Million dollars
2023,NUETV,Nuclear fuel total expenditures,IA,Iowa,0,Million dollars
2023,NUETV,Nuclear fuel total expenditures,ID,Idaho,0,Million dollars
2023,NUETV,Nuclear fuel total expenditures,IL,Illinois,640.4,Million dollars
2023,NUETV,Nuclear fuel total expenditures,NJ,New Jersey,181.2,Million dollars
2023,NUETV,Nuclear fuel total expenditures,NM,New Mexico,0,Million dollars
2023,NUETV,Nuclear fuel total expenditures,NV,Nevada,0,Million dollars
2023,NUETV,Nuclear fuel total expenditures,WY,Wyoming,0,Million dollars
2023,NUGBP,Nuclear generating units net summer capacity in all sectors,AK,Alaska,0,Thousand kilowatts
2023,NUGBP,Nuclear generating units net summer capacity in all sectors,AL,Alabama,5453,Thousand kilowatts
2023,NUGBP,Nuclear generating units net summer capacity in all sectors,AR,Arkansas,1825,Thousand kilowatts
2023,NUGBP,Nuclear generating units net summer capacity in all sectors,AZ,Arizona,3937,Thousand kilowatts
2023,NUGBP,Nuclear generating units net summer capacity in all sectors,CA,California,2240,Thousand kilowatts
2023,NUGBP,Nuclear generating units net summer capacity in all sectors,CO,Colorado,0,Thousand kilowatts
2023,NUETV,Nuclear fuel total expenditures,IN,Indiana,0,Million dollars
2023,NUETV,Nuclear fuel total expenditures,KS,Kansas,66.5,Million dollars
2023,NUETV,Nuclear fuel total expenditures,NY,New York,185.2,Million dollars
2023,NUETV,Nuclear fuel total expenditures,OH,Ohio,105.4,Million dollars
2023,NUGBP,Nuclear generating units net summer capacity in all sectors,CT,Connecticut,2081,Thousand kilowatts
2023,NUGBP,Nuclear generating units net summer capacity in all sectors,DC,District of Columbia,0,Thousand kilowatts
2023,NUGBP,Nuclear generating units net summer capacity in all sectors,DE,Delaware,0,Thousand kilowatts
2023,NUGBP,Nuclear generating units net summer capacity in all sectors,FL,Florida,3666,Thousand kilowatts
2023,NUGBP,Nuclear generating units net summer capacity in all sectors,GA,Georgia,5175,Thousand kilowatts
2023,NUETB,"Nuclear energy consumed for electricity generation, total",MA,Massachusetts,0,Billion Btu
2023,NUEGD,Nuclear fuel price in the electric power sector,OK,Oklahoma,0,Dollars per million Btu
2023,NUEGD,Nuclear fuel price in the electric power sector,OR,Oregon,0,Dollars per million Btu
2023,NUEGD,Nuclear fuel price in the electric power sector,PA,Pennsylvania,.64,Dollars per million Btu
2023,NUEGV,Nuclear fuel expenditures in the electric power sector,NC,North Carolina,244.6,Million dollars
2023,NUETP,Nuclear electricity total net generation,KY,Kentucky,0,Million kilowatthours
2023,NUETP,Nuclear electricity total net generation,LA,Louisiana,12211,Million kilowatthours
2023,NUETP,Nuclear electricity total net generation,MA,Massachusetts,0,Million kilowatthours
2023,NUEGP,Nuclear electricity net generation in the electric power sector,AL,Alabama,45579,Million kilowatthours
2023,NUEGP,Nuclear electricity net generation in the electric power sector,AR,Arkansas,14972,Million kilowatthours
2023,NUETB,"Nuclear energy consumed for electricity generation, total",CA,California,185192,Billion Btu
2023,NUETB,"Nuclear energy consumed for electricity generation, total",CO,Colorado,0,Billion Btu
2023,NUETB,"Nuclear energy consumed for electricity generation, total",CT,Connecticut,142873,Billion Btu
2023,NUETD,"Nuclear fuel average price, all sectors",MA,Massachusetts,0,Dollars per million Btu
2023,NUETB,"Nuclear energy consumed for electricity generation, total",MD,Maryland,156610,Billion Btu
2023,NUETB,"Nuclear energy consumed for electricity generation, total",ME,Maine,0,Billion Btu
2023,NUETB,"Nuclear energy consumed for electricity generation, total",MI,Michigan,292615,Billion Btu
2023,NUETD,"Nuclear fuel average price, all sectors",PA,Pennsylvania,.64,Dollars per million Btu
2023,NUETD,"Nuclear fuel average price, all sectors",RI,Rhode Island,0,Dollars per million Btu
2023,NUEGV,Nuclear fuel expenditures in the electric power sector,ND,North Dakota,0,Million dollars
2023,NUEGV,Nuclear fuel expenditures in the electric power sector,NE,Nebraska,47.4,Million dollars
2023,NUEGV,Nuclear fuel expenditures in the electric power sector,NH,New Hampshire,58.6,Million dollars
2023,NUETB,"Nuclear energy consumed for electricity generation, total",OH,Ohio,169392,Billion Btu
2023,NUEGP,Nuclear electricity net generation in the electric power sector,AZ,Arizona,31523,Million kilowatthours
2023,NUEGP,Nuclear electricity net generation in the electric power sector,CA,California,17718,Million kilowatthours
2023,NUEGV,Nuclear fuel expenditures in the electric power sector,VA,Virginia,182.6,Million dollars
2023,NUETD,"Nuclear fuel average price, all sectors",MD,Maryland,.59,Dollars per million Btu
2023,NUETD,"Nuclear fuel average price, all sectors",ME,Maine,0,Dollars per million Btu
2023,NUETD,"Nuclear fuel average price, all sectors",MI,Michigan,.54,Dollars per million Btu
2023,NUETP,Nuclear electricity total net generation,OK,Oklahoma,0,Million kilowatthours
2023,NUETP,Nuclear electricity total net generation,OR,Oregon,0,Million kilowatthours
2023,NUETD,"Nuclear fuel average price, all sectors",SC,South Carolina,.55,Dollars per million Btu
2023,NUETD,"Nuclear fuel average price, all sectors",SD,South Dakota,0,Dollars per million Btu
2023,NUETD,"Nuclear fuel average price, all sectors",TN,Tennessee,.59,Dollars per million Btu
2023,NUEGP,Nuclear electricity net generation in the electric power sector,NH,New Hampshire,9535,Million kilowatthours
2023,NUETB,"Nuclear energy consumed for electricity generation, total",OK,Oklahoma,0,Billion Btu
2023,NUETB,"Nuclear energy consumed for electricity generation, total",OR,Oregon,0,Billion Btu
2023,NUETB,"Nuclear energy consumed for electricity generation, total",PA,Pennsylvania,787083,Billion Btu
2023,NUETP,Nuclear electricity total net generation,CA,California,17718,Million kilowatthours
2023,NUEGV,Nuclear fuel expenditures in the electric power sector,VT,Vermont,0,Million dollars
2023,NUEGV,Nuclear fuel expenditures in the electric power sector,WA,Washington,57.7,Million dollars
2023,NUEGV,Nuclear fuel expenditures in the electric power sector,WI,Wisconsin,59.6,Million dollars
2023,HVCAS,Conventional hydroelectric generating units capacity factor,NJ,New Jersey,10.8,Percent
2023,HVCAS,Conventional hydroelectric generating units capacity factor,NM,New Mexico,26.5,Percent
2023,HVCAS,Conventional hydroelectric generating units capacity factor,NV,Nevada,14.3,Percent
2023,HVGBP,Conventional hydroelectric power generating units net summer capacity in all sectors,AZ,Arizona,2722,Thousand kilowatts
2023,HVGBP,Conventional hydroelectric power generating units net summer capacity in all sectors,CA,California,10226,Thousand kilowatts
2023,HVGBP,Conventional hydroelectric power generating units net summer capacity in all sectors,CO,Colorado,690,Thousand kilowatts
2023,HVGBP,Conventional hydroelectric power generating units net summer capacity in all sectors,CT,Connecticut,119,Thousand kilowatts
2023,HVGBP,Conventional hydroelectric power generating units net summer capacity in all sectors,DC,District of Columbia,0,Thousand kilowatts
2023,HVGBP,Conventional hydroelectric power generating units net summer capacity in all sectors,DE,Delaware,0,Thousand kilowatts
2023,HVGBP,Conventional hydroelectric power generating units net summer capacity in all sectors,FL,Florida,44,Thousand kilowatts
2023,HVGBP,Conventional hydroelectric power generating units net summer capacity in all sectors,GA,Georgia,1985,Thousand kilowatts
2023,HVGBP,Conventional hydroelectric power generating units net summer capacity in all sectors,HI,Hawaii,32,Thousand kilowatts
2023,HVGBP,Conventional hydroelectric power generating units net summer capacity in all sectors,IA,Iowa,209,Thousand kilowatts
2023,HVGBP,Conventional hydroelectric power generating units net summer capacity in all sectors,ID,Idaho,2631,Thousand kilowatts
2023,HPGBP,Hydroelectric pumped storage generating units net summer capacity in all sectors,ME,Maine,0,Thousand kilowatts
2023,HPGBP,Hydroelectric pumped storage generating units net summer capacity in all sectors,MI,Michigan,2186,Thousand kilowatts
2023,HPGBP,Hydroelectric pumped storage generating units net summer capacity in all sectors,MN,Minnesota,0,Thousand kilowatts
2023,HPGBP,Hydroelectric pumped storage generating units net summer capacity in all sectors,MO,Missouri,657,Thousand kilowatts
2023,HPGBP,Hydroelectric pumped storage generating units net summer capacity in all sectors,MS,Mississippi,0,Thousand kilowatts
2023,HVCAS,Conventional hydroelectric generating units capacity factor,PA,Pennsylvania,34.2,Percent
2023,HVCAS,Conventional hydroelectric generating units capacity factor,RI,Rhode Island,31.9,Percent
2023,HVCAS,Conventional hydroelectric generating units capacity factor,SC,South Carolina,19.4,Percent
2023,HVCAS,Conventional hydroelectric generating units capacity factor,SD,South Dakota,30.7,Percent
2023,HVCAS,Conventional hydroelectric generating units capacity factor,TN,Tennessee,35.2,Percent
2023,HVCAS,Conventional hydroelectric generating units capacity factor,TX,Texas,12.1,Percent
2023,HVCAS,Conventional hydroelectric generating units capacity factor,US,United States,35,Percent
2023,HVCAS,Conventional hydroelectric generating units capacity factor,UT,Utah,33.8,Percent
2023,HVCAS,Conventional hydroelectric generating units capacity factor,VA,Virginia,18.3,Percent
2023,HVCAS,Conventional hydroelectric generating units capacity factor,VT,Vermont,52.9,Percent
2023,HVCAS,Conventional hydroelectric generating units capacity factor,WA,Washington,32.6,Percent
2023,HVCAS,Conventional hydroelectric generating units capacity factor,WI,Wisconsin,53.6,Percent
2023,HPGBP,Hydroelectric pumped storage generating units net summer capacity in all sectors,MT,Montana,0,Thousand kilowatts
2023,HPGBP,Hydroelectric pumped storage generating units net summer capacity in all sectors,NC,North Carolina,86,Thousand kilowatts
2023,HPGBP,Hydroelectric pumped storage generating units net summer capacity in all sectors,ND,North Dakota,0,Thousand kilowatts
2023,HPGBP,Hydroelectric pumped storage generating units net summer capacity in all sectors,NE,Nebraska,0,Thousand kilowatts
2023,HPGBP,Hydroelectric pumped storage generating units net summer capacity in all sectors,NH,New Hampshire,0,Thousand kilowatts
2023,HPGBP,Hydroelectric pumped storage generating units net summer capacity in all sectors,NJ,New Jersey,415,Thousand kilowatts
2023,HPGBP,Hydroelectric pumped storage generating units net summer capacity in all sectors,NM,New Mexico,0,Thousand kilowatts
2023,HPGBP,Hydroelectric pumped storage generating units net summer capacity in all sectors,NV,Nevada,0,Thousand kilowatts
2023,HPGBP,Hydroelectric pumped storage generating units net summer capacity in all sectors,NY,New York,1405,Thousand kilowatts
2023,HPGBP,Hydroelectric pumped storage generating units net summer capacity in all sectors,OH,Ohio,0,Thousand kilowatts
2023,HPGBP,Hydroelectric pumped storage generating units net summer capacity in all sectors,OK,Oklahoma,258,Thousand kilowatts
2023,HPGBP,Hydroelectric pumped storage generating units net summer capacity in all sectors,OR,Oregon,0,Thousand kilowatts
2023,HPCAS,Hydroelectric pumped storage generating units usage factor,AK,Alaska,0,Percent
2023,HPCAS,Hydroelectric pumped storage generating units usage factor,AL,Alabama,0,Percent
2023,HPCAS,Hydroelectric pumped storage generating units usage factor,AR,Arkansas,38.6,Percent
2023,HPCAS,Hydroelectric pumped storage generating units usage factor,AZ,Arizona,13,Percent
2023,HPCAS,Hydroelectric pumped storage generating units usage factor,CA,California,6.3,Percent
2023,HPCAS,Hydroelectric pumped storage generating units usage factor,CO,Colorado,4.4,Percent
2023,HPCAS,Hydroelectric pumped storage generating units usage factor,CT,Connecticut,8.6,Percent
2023,HPCAS,Hydroelectric pumped storage generating units usage factor,DC,District of Columbia,0,Percent
2023,HPCAS,Hydroelectric pumped storage generating units usage factor,DE,Delaware,0,Percent
2023,HPCAS,Hydroelectric pumped storage generating units usage factor,FL,Florida,0,Percent
2023,HVGBP,Conventional hydroelectric power generating units net summer capacity in all sectors,IL,Illinois,33,Thousand kilowatts
2023,HVGBP,Conventional hydroelectric power generating units net summer capacity in all sectors,IN,Indiana,72,Thousand kilowatts
2023,HVGBP,Conventional hydroelectric power generating units net summer capacity in all sectors,KS,Kansas,7,Thousand kilowatts
2023,HVGBP,Conventional hydroelectric power generating units net summer capacity in all sectors,KY,Kentucky,1137,Thousand kilowatts
2023,HVGBP,Conventional hydroelectric power generating units net summer capacity in all sectors,LA,Louisiana,192,Thousand kilowatts
2023,HVGBP,Conventional hydroelectric power generating units net summer capacity in all sectors,WV,West Virginia,341,Thousand kilowatts
2023,HVGBP,Conventional hydroelectric power generating units net summer capacity in all sectors,WY,Wyoming,307,Thousand kilowatts
2023,HVGBP,Conventional hydroelectric power generating units net summer capacity in all sectors,MA,Massachusetts,267,Thousand kilowatts
2023,HVGBP,Conventional hydroelectric power generating units net summer capacity in all sectors,MD,Maryland,515,Thousand kilowatts
2023,HVGBP,Conventional hydroelectric power generating units net summer capacity in all sectors,ME,Maine,726,Thousand kilowatts
2023,HVGBP,Conventional hydroelectric power generating units net summer capacity in all sectors,MI,Michigan,264,Thousand kilowatts
2023,HVGBP,Conventional hydroelectric power generating units net summer capacity in all sectors,MN,Minnesota,212,Thousand kilowatts
2023,HVGBP,Conventional hydroelectric power generating units net summer capacity in all sectors,MO,Missouri,549,Thousand kilowatts
2023,HVGBP,Conventional hydroelectric power generating units net summer capacity in all sectors,MS,Mississippi,0,Thousand kilowatts
2023,HVGBP,Conventional hydroelectric power generating units net summer capacity in all sectors,MT,Montana,2825,Thousand kilowatts
2023,HVGBP,Conventional hydroelectric power generating units net summer capacity in all sectors,NC,North Carolina,2011,Thousand kilowatts
2023,HVGBP,Conventional hydroelectric power generating units net summer capacity in all sectors,ND,North Dakota,510,Thousand kilowatts
2023,HVGBP,Conventional hydroelectric power generating units net summer capacity in all sectors,NE,Nebraska,280,Thousand kilowatts
2023,HPGBP,Hydroelectric pumped storage generating units net summer capacity in all sectors,PA,Pennsylvania,1492,Thousand kilowatts
2023,HPGBP,Hydroelectric pumped storage generating units net summer capacity in all sectors,RI,Rhode Island,0,Thousand kilowatts
2023,HPGBP,Hydroelectric pumped storage generating units net summer capacity in all sectors,SC,South Carolina,2956,Thousand kilowatts
2023,HPGBP,Hydroelectric pumped storage generating units net summer capacity in all sectors,SD,South Dakota,0,Thousand kilowatts
2023,HPCAS,Hydroelectric pumped storage generating units usage factor,GA,Georgia,11,Percent
2023,HPCAS,Hydroelectric pumped storage generating units usage factor,HI,Hawaii,0,Percent
2023,HPCAS,Hydroelectric pumped storage generating units usage factor,IA,Iowa,0,Percent
2023,HPCAS,Hydroelectric pumped storage generating units usage factor,ID,Idaho,0,Percent
2023,HPCAS,Hydroelectric pumped storage generating units usage factor,IL,Illinois,0,Percent
2023,HPCAS,Hydroelectric pumped storage generating units usage factor,IN,Indiana,0,Percent
2023,HPCAS,Hydroelectric pumped storage generating units usage factor,KS,Kansas,0,Percent
2023,HPGBP,Hydroelectric pumped storage generating units net summer capacity in all sectors,TN,Tennessee,1616,Thousand kilowatts
2023,HPGBP,Hydroelectric pumped storage generating units net summer capacity in all sectors,TX,Texas,0,Thousand kilowatts
2023,HPGBP,Hydroelectric pumped storage generating units net summer capacity in all sectors,US,United States,23147,Thousand kilowatts
2023,HPGBP,Hydroelectric pumped storage generating units net summer capacity in all sectors,UT,Utah,0,Thousand kilowatts
2023,HPGBP,Hydroelectric pumped storage generating units net summer capacity in all sectors,VA,Virginia,3253,Thousand kilowatts
2023,HPGBP,Hydroelectric pumped storage generating units net summer capacity in all sectors,VT,Vermont,0,Thousand kilowatts
2023,HPGBP,Hydroelectric pumped storage generating units net summer capacity in all sectors,WA,Washington,314,Thousand kilowatts
2023,HPGBP,Hydroelectric pumped storage generating units net summer capacity in all sectors,WI,Wisconsin,0,Thousand kilowatts
2023,HPGBP,Hydroelectric pumped storage generating units net summer capacity in all sectors,WV,West Virginia,0,Thousand kilowatts
2023,HPGBP,Hydroelectric pumped storage generating units net summer capacity in all sectors,WY,Wyoming,0,Thousand kilowatts
2023,HVCAS,Conventional hydroelectric generating units capacity factor,AK,Alaska,42.7,Percent
2023,HVCAS,Conventional hydroelectric generating units capacity factor,AL,Alabama,29.2,Percent
2023,HPCAS,Hydroelectric pumped storage generating units usage factor,KY,Kentucky,0,Percent
2023,HPCAS,Hydroelectric pumped storage generating units usage factor,LA,Louisiana,0,Percent
2023,HPCAS,Hydroelectric pumped storage generating units usage factor,MA,Massachusetts,7.4,Percent
2023,HPCAS,Hydroelectric pumped storage generating units usage factor,MD,Maryland,0,Percent
2023,HPCAS,Hydroelectric pumped storage generating units usage factor,ME,Maine,0,Percent
2023,HPCAS,Hydroelectric pumped storage generating units usage factor,MI,Michigan,11.9,Percent
2023,HPCAS,Hydroelectric pumped storage generating units usage factor,MN,Minnesota,0,Percent
2023,HPCAS,Hydroelectric pumped storage generating units usage factor,MO,Missouri,7.4,Percent
2023,HPCAS,Hydroelectric pumped storage generating units usage factor,MS,Mississippi,0,Percent
2023,HPCAS,Hydroelectric pumped storage generating units usage factor,MT,Montana,0,Percent
2023,HPCAS,Hydroelectric pumped storage generating units usage factor,NC,North Carolina,.1,Percent
2023,HPCAS,Hydroelectric pumped storage generating units usage factor,ND,North Dakota,0,Percent
2023,HPCAS,Hydroelectric pumped storage generating units usage factor,NE,Nebraska,0,Percent
2023,HPCAS,Hydroelectric pumped storage generating units usage factor,NH,New Hampshire,0,Percent
2023,HPCAS,Hydroelectric pumped storage generating units usage factor,NJ,New Jersey,12.2,Percent
2023,HPCAS,Hydroelectric pumped storage generating units usage factor,NM,New Mexico,0,Percent
2023,HPCAS,Hydroelectric pumped storage generating units usage factor,NV,Nevada,0,Percent
2023,HVGBP,Conventional hydroelectric power generating units net summer capacity in all sectors,NH,New Hampshire,507,Thousand kilowatts
2023,HVGBP,Conventional hydroelectric power generating units net summer capacity in all sectors,NJ,New Jersey,12,Thousand kilowatts
2023,HVGBP,Conventional hydroelectric power generating units net summer capacity in all sectors,NM,New Mexico,83,Thousand kilowatts
2023,HVGBP,Conventional hydroelectric power generating units net summer capacity in all sectors,NV,Nevada,1052,Thousand kilowatts
2023,HVGBP,Conventional hydroelectric power generating units net summer capacity in all sectors,NY,New York,4561,Thousand kilowatts
2023,HVGBP,Conventional hydroelectric power generating units net summer capacity in all sectors,OH,Ohio,102,Thousand kilowatts
2023,HVGBP,Conventional hydroelectric power generating units net summer capacity in all sectors,OK,Oklahoma,841,Thousand kilowatts
2023,HVGBP,Conventional hydroelectric power generating units net summer capacity in all sectors,OR,Oregon,8363,Thousand kilowatts
2023,HVGBP,Conventional hydroelectric power generating units net summer capacity in all sectors,PA,Pennsylvania,930,Thousand kilowatts
2023,HVGBP,Conventional hydroelectric power generating units net summer capacity in all sectors,RI,Rhode Island,3,Thousand kilowatts
2023,HVGBP,Conventional hydroelectric power generating units net summer capacity in all sectors,SC,South Carolina,1294,Thousand kilowatts
2023,HVGBP,Conventional hydroelectric power generating units net summer capacity in all sectors,SD,South Dakota,1598,Thousand kilowatts
2023,HVGBP,Conventional hydroelectric power generating units net summer capacity in all sectors,TN,Tennessee,2609,Thousand kilowatts
2023,HVGBP,Conventional hydroelectric power generating units net summer capacity in all sectors,TX,Texas,715,Thousand kilowatts
2023,HVGBP,Conventional hydroelectric power generating units net summer capacity in all sectors,US,United States,79985,Thousand kilowatts
2023,HVGBP,Conventional hydroelectric power generating units net summer capacity in all sectors,UT,Utah,260,Thousand kilowatts
2023,LDVHN,Total (all fuels) vehicle light-duty stocks,GA,Georgia,8891.3,Thousands of registered vehicles
2023,LDVHN,Total (all fuels) vehicle light-duty stocks,HI,Hawaii,996,Thousands of registered vehicles
2023,LDVHN,Total (all fuels) vehicle light-duty stocks,IA,Iowa,2907.7,Thousands of registered vehicles
2023,EVDCN,DC fast charging ports for electric vehicles,US,United States,40695,Number
2023,EVDCN,DC fast charging ports for electric vehicles,UT,Utah,359,Number
2023,EVDCN,DC fast charging ports for electric vehicles,VA,Virginia,1167,Number
2023,EVDCN,DC fast charging ports for electric vehicles,VT,Vermont,133,Number
2023,EVDCN,DC fast charging ports for electric vehicles,WA,Washington,1196,Number
2023,EVDCN,DC fast charging ports for electric vehicles,WI,Wisconsin,442,Number
2023,EVDCN,DC fast charging ports for electric vehicles,WV,West Virginia,145,Number
2023,EVDCN,DC fast charging ports for electric vehicles,WY,Wyoming,116,Number
2023,EVDCR,DC fast charging ports per location,AK,Alaska,2.24,Number
2023,EVPUP,Electric vehicle charging locations with public ports only,KS,Kansas,436,Number
2023,EVPUP,Electric vehicle charging locations with public ports only,KY,Kentucky,315,Number
2023,EVPUP,Electric vehicle charging locations with public ports only,LA,Louisiana,233,Number
2023,EVPUP,Electric vehicle charging locations with public ports only,MA,Massachusetts,2990,Number
2023,EVPUP,Electric vehicle charging locations with public ports only,MD,Maryland,1704,Number
2023,EVPUP,Electric vehicle charging locations with public ports only,ME,Maine,466,Number
2023,EVPUP,Electric vehicle charging locations with public ports only,MI,Michigan,1410,Number
2023,EVPUP,Electric vehicle charging locations with public ports only,MN,Minnesota,757,Number
2023,EVPUP,Electric vehicle charging locations with public ports only,MO,Missouri,1034,Number
2023,EVPUP,Electric vehicle charging locations with public ports only,MS,Mississippi,132,Number
2023,EVPUP,Electric vehicle charging locations with public ports only,MT,Montana,125,Number
2023,FFGBP,Fossil fuel total generating units net summer capacity in all sectors,ME,Maine,2442,Thousand kilowatts
2023,FFGBP,Fossil fuel total generating units net summer capacity in all sectors,MI,Michigan,20307,Thousand kilowatts
2023,FFGBP,Fossil fuel total generating units net summer capacity in all sectors,MN,Minnesota,9414,Thousand kilowatts
2023,FFGBP,Fossil fuel total generating units net summer capacity in all sectors,MO,Missouri,16286,Thousand kilowatts
2023,FFGBP,Fossil fuel total generating units net summer capacity in all sectors,MS,Mississippi,12719,Thousand kilowatts
2023,FFGBP,Fossil fuel total generating units net summer capacity in all sectors,MT,Montana,2068,Thousand kilowatts
2023,FFGBP,Fossil fuel total generating units net summer capacity in all sectors,NC,North Carolina,21318,Thousand kilowatts
2023,FFGBP,Fossil fuel total generating units net summer capacity in all sectors,ND,North Dakota,4557,Thousand kilowatts
2023,FFGBP,Fossil fuel total generating units net summer capacity in all sectors,NE,Nebraska,6153,Thousand kilowatts
2023,FFGBP,Fossil fuel total generating units net summer capacity in all sectors,NH,New Hampshire,2260,Thousand kilowatts
2023,EVDCR,DC fast charging ports per location,VT,Vermont,2.25,Number
2023,EVDCR,DC fast charging ports per location,WA,Washington,3.66,Number
2023,EVDCR,DC fast charging ports per location,WI,Wisconsin,4.09,Number
2023,EVDCR,DC fast charging ports per location,WV,West Virginia,4.26,Number
2023,EVDCR,DC fast charging ports per location,WY,Wyoming,3.74,Number
2023,EVNNP,Electric vehicle charging locations with both networked and non-networked ports,AK,Alaska,4,Number
2023,EVNNP,Electric vehicle charging locations with both networked and non-networked ports,AL,Alabama,3,Number
2023,EVNNP,Electric vehicle charging locations with both networked and non-networked ports,AR,Arkansas,3,Number
2023,EVNNP,Electric vehicle charging locations with both networked and non-networked ports,AZ,Arizona,4,Number
2023,EVNNP,Electric vehicle charging locations with both networked and non-networked ports,CA,California,91,Number
2023,EVNNP,Electric vehicle charging locations with both networked and non-networked ports,CO,Colorado,15,Number
2023,EVNTP,Electric vehicle charging locations with networked ports only,CT,Connecticut,672,Number
2023,EVNTP,Electric vehicle charging locations with networked ports only,DC,District of Columbia,358,Number
2023,EVNTP,Electric vehicle charging locations with networked ports only,DE,Delaware,168,Number
2023,EVNTP,Electric vehicle charging locations with networked ports only,FL,Florida,3165,Number
2023,EVNTP,Electric vehicle charging locations with networked ports only,GA,Georgia,1755,Number
2023,EVNTP,Electric vehicle charging locations with networked ports only,HI,Hawaii,281,Number
2023,EVNTP,Electric vehicle charging locations with networked ports only,IA,Iowa,325,Number
2023,EVNTP,Electric vehicle charging locations with networked ports only,ID,Idaho,141,Number
2023,EVNTP,Electric vehicle charging locations with networked ports only,IL,Illinois,1174,Number
2023,EVNTP,Electric vehicle charging locations with networked ports only,IN,Indiana,449,Number
2023,EVNTP,Electric vehicle charging locations with networked ports only,KS,Kansas,411,Number
2023,FFGBP,Fossil fuel total generating units net summer capacity in all sectors,NJ,New Jersey,11509,Thousand kilowatts
2023,FFGBP,Fossil fuel total generating units net summer capacity in all sectors,NM,New Mexico,4849,Thousand kilowatts
2023,FFGBP,Fossil fuel total generating units net summer capacity in all sectors,NV,Nevada,8082,Thousand kilowatts
2023,FFGBP,Fossil fuel total generating units net summer capacity in all sectors,NY,New York,25812,Thousand kilowatts
2023,FFGBP,Fossil fuel total generating units net summer capacity in all sectors,OH,Ohio,23845,Thousand kilowatts
2023,FFGBP,Fossil fuel total generating units net summer capacity in all sectors,OK,Oklahoma,18212,Thousand kilowatts
2023,ESCCB,Electricity consumed by (sales to ultimate customers in) the commercial sector,LA,Louisiana,81012,Billion Btu
2023,ESCCB,Electricity consumed by (sales to ultimate customers in) the commercial sector,MA,Massachusetts,82828,Billion Btu
2023,ESCCD,Electricity price in the commercial sector,NJ,New Jersey,41.04,Dollars per million Btu
2023,ESCCD,Electricity price in the commercial sector,NM,New Mexico,31.31,Dollars per million Btu
2023,ESCCD,Electricity price in the commercial sector,NV,Nevada,34.9,Dollars per million Btu
2023,EV2CN,Level 2 charging ports for electric vehicles,KY,Kentucky,647,Number
2023,EV2CN,Level 2 charging ports for electric vehicles,LA,Louisiana,490,Number
2023,EV2CN,Level 2 charging ports for electric vehicles,MA,Massachusetts,7261,Number
2023,EV2CN,Level 2 charging ports for electric vehicles,MD,Maryland,4603,Number
2023,EV2CN,Level 2 charging ports for electric vehicles,ME,Maine,914,Number
2023,LDVHN,Total (all fuels) vehicle light-duty stocks,ID,Idaho,1820.8,Thousands of registered vehicles
2023,LDVHN,Total (all fuels) vehicle light-duty stocks,IL,Illinois,9260.9,Thousands of registered vehicles
2023,LDVHN,Total (all fuels) vehicle light-duty stocks,IN,Indiana,5691.3,Thousands of registered vehicles
2023,LDVHN,Total (all fuels) vehicle light-duty stocks,KS,Kansas,2416.9,Thousands of registered vehicles
2023,LDVHN,Total (all fuels) vehicle light-duty stocks,KY,Kentucky,3725,Thousands of registered vehicles
2023,LDVHN,Total (all fuels) vehicle light-duty stocks,LA,Louisiana,3480.2,Thousands of registered vehicles
2023,LDVHN,Total (all fuels) vehicle light-duty stocks,MA,Massachusetts,5063.4,Thousands of registered vehicles
2023,LDVHN,Total (all fuels) vehicle light-duty stocks,MD,Maryland,4665.9,Thousands of registered vehicles
2023,LDVHN,Total (all fuels) vehicle light-duty stocks,ME,Maine,1139.7,Thousands of registered vehicles
2023,LDVHN,Total (all fuels) vehicle light-duty stocks,MI,Michigan,7861.3,Thousands of registered vehicles
2023,LDVHN,Total (all fuels) vehicle light-duty stocks,MN,Minnesota,4719.8,Thousands of registered vehicles
2023,LDVHN,Total (all fuels) vehicle light-duty stocks,MO,Missouri,5187.8,Thousands of registered vehicles
2023,LDVHN,Total (all fuels) vehicle light-duty stocks,MS,Mississippi,2511.2,Thousands of registered vehicles
2023,LDVHN,Total (all fuels) vehicle light-duty stocks,MT,Montana,942.1,Thousands of registered vehicles
2023,BDTXP,Biodiesel total end-use consumption,AR,Arkansas,550,Thousand barrels
2023,BDRCP,Biodiesel consumed by the residential sector,LA,Louisiana,0,Thousand barrels
2023,BDTCP,Biodiesel total consumption,MI,Michigan,744,Thousand barrels
2023,BDRIB,Biodiesel total refinery and blender net inputs,MS,Mississippi,1182,Billion Btu
2023,BDRIB,Biodiesel total refinery and blender net inputs,MT,Montana,8,Billion Btu
2023,BDRIB,Biodiesel total refinery and blender net inputs,NC,North Carolina,1804,Billion Btu
2023,BDRIP,Biodiesel total refinery and blender net inputs,NE,Nebraska,177,Thousand barrels
2023,BDRIP,Biodiesel total refinery and blender net inputs,NH,New Hampshire,35,Thousand barrels
2023,BDRIP,Biodiesel total refinery and blender net inputs,NJ,New Jersey,235,Thousand barrels
2023,BDRCP,Biodiesel consumed by the residential sector,MA,Massachusetts,0,Thousand barrels
2023,BDTCP,Biodiesel total consumption,OK,Oklahoma,829,Thousand barrels
2023,BDTCP,Biodiesel total consumption,OR,Oregon,1896,Thousand barrels
2023,BDTCP,Biodiesel total consumption,PA,Pennsylvania,1215,Thousand barrels
2023,BDRCP,Biodiesel consumed by the residential sector,KY,Kentucky,0,Thousand barrels
2023,NUEGV,Nuclear fuel expenditures in the electric power sector,DE,Delaware,0,Million dollars
2023,NUETP,Nuclear electricity total net generation,AL,Alabama,45579,Million kilowatthours
2023,NUETP,Nuclear electricity total net generation,AR,Arkansas,14972,Million kilowatthours
2023,NUETP,Nuclear electricity total net generation,AZ,Arizona,31523,Million kilowatthours
2023,NUEGD,Nuclear fuel price in the electric power sector,NY,New York,.64,Dollars per million Btu
2023,NUEGD,Nuclear fuel price in the electric power sector,OH,Ohio,.62,Dollars per million Btu
2023,NUETB,"Nuclear energy consumed for electricity generation, total",WA,Washington,88163,Billion Btu
2023,NUETB,"Nuclear energy consumed for electricity generation, total",WI,Wisconsin,101204,Billion Btu
2023,NUETB,"Nuclear energy consumed for electricity generation, total",WV,West Virginia,0,Billion Btu
2023,NUETP,Nuclear electricity total net generation,KS,Kansas,10302,Million kilowatthours
2023,NUEGP,Nuclear electricity net generation in the electric power sector,TX,Texas,40680,Million kilowatthours
2023,NUEGP,Nuclear electricity net generation in the electric power sector,US,United States,774873,Million kilowatthours
2023,NUEGP,Nuclear electricity net generation in the electric power sector,UT,Utah,0,Million kilowatthours
2023,NUETB,"Nuclear energy consumed for electricity generation, total",AZ,Arizona,329474,Billion Btu
2023,NUEGV,Nuclear fuel expenditures in the electric power sector,FL,Florida,153.7,Million dollars
2023,NUEGV,Nuclear fuel expenditures in the electric power sector,GA,Georgia,301.6,Million dollars
2023,NUEGV,Nuclear fuel expenditures in the electric power sector,HI,Hawaii,0,Million dollars
2023,NUETP,Nuclear electricity total net generation,NM,New Mexico,0,Million kilowatthours
2023,NUETP,Nuclear electricity total net generation,NV,Nevada,0,Million kilowatthours
2023,NUETD,"Nuclear fuel average price, all sectors",OH,Ohio,.62,Dollars per million Btu
2023,NUETD,"Nuclear fuel average price, all sectors",OK,Oklahoma,0,Dollars per million Btu
2023,NUETD,"Nuclear fuel average price, all sectors",OR,Oregon,0,Dollars per million Btu
2023,NUETP,Nuclear electricity total net generation,WA,Washington,8435,Million kilowatthours
2023,NUETP,Nuclear electricity total net generation,WI,Wisconsin,9683,Million kilowatthours
2023,NUETB,"Nuclear energy consumed for electricity generation, total",NM,New Mexico,0,Billion Btu
2023,NUETB,"Nuclear energy consumed for electricity generation, total",NV,Nevada,0,Billion Btu
2023,NUETB,"Nuclear energy consumed for electricity generation, total",NY,New York,287690,Billion Btu
2023,NUETP,Nuclear electricity total net generation,AK,Alaska,0,Million kilowatthours
2023,NUEGV,Nuclear fuel expenditures in the electric power sector,TX,Texas,250.2,Million dollars
2023,NUEGV,Nuclear fuel expenditures in the electric power sector,US,United States,4949.8,Million dollars
2023,NUEGV,Nuclear fuel expenditures in the electric power sector,UT,Utah,0,Million dollars
2023,NUETB,"Nuclear energy consumed for electricity generation, total",VT,Vermont,0,Billion Btu
2023,NUETP,Nuclear electricity total net generation,NY,New York,27525,Million kilowatthours
2023,NUETP,Nuclear electricity total net generation,OH,Ohio,16207,Million kilowatthours
2023,NUEGP,Nuclear electricity net generation in the electric power sector,TN,Tennessee,37937,Million kilowatthours
2023,NUETP,Nuclear electricity total net generation,WV,West Virginia,0,Million kilowatthours
2023,NUETP,Nuclear electricity total net generation,WY,Wyoming,0,Million kilowatthours
2023,NUETV,Nuclear fuel total expenditures,AK,Alaska,0,Million dollars
2023,NUEGV,Nuclear fuel expenditures in the electric power sector,DC,District of Columbia,0,Million dollars
2023,NUETB,"Nuclear energy consumed for electricity generation, total",MN,Minnesota,124626,Billion Btu
2023,NUEGD,Nuclear fuel price in the electric power sector,SD,South Dakota,0,Dollars per million Btu
2023,NUEGD,Nuclear fuel price in the electric power sector,TN,Tennessee,.59,Dollars per million Btu
2023,NUEGD,Nuclear fuel price in the electric power sector,TX,Texas,.59,Dollars per million Btu
2023,NUEGV,Nuclear fuel expenditures in the electric power sector,NJ,New Jersey,181.2,Million dollars
2023,NUEGV,Nuclear fuel expenditures in the electric power sector,NM,New Mexico,0,Million dollars
2023,NUETP,Nuclear electricity total net generation,ME,Maine,0,Million kilowatthours
2023,NUETP,Nuclear electricity total net generation,MI,Michigan,27996,Million kilowatthours
2023,NUETP,Nuclear electricity total net generation,MN,Minnesota,11924,Million kilowatthours
2023,NUEGP,Nuclear electricity net generation in the electric power sector,CO,Colorado,0,Million kilowatthours
2023,NUEGP,Nuclear electricity net generation in the electric power sector,CT,Connecticut,13669,Million kilowatthours
2023,BDCCB,Biodiesel consumed by the commercial sector,CT,Connecticut,615,Billion Btu
2023,BDEIB,Biodiesel consumed by the electric power sector,LA,Louisiana,0,Billion Btu
2023,BDTXB,Biodiesel total end-use consumption,VA,Virginia,4652,Billion Btu
2023,BDTXP,Biodiesel total end-use consumption,PA,Pennsylvania,1215,Thousand barrels
2023,ESACP,Electricity consumed by (sales to ultimate customers in) the transportation sector,WV,West Virginia,0,Million kilowatthours
2023,ESACD,Electricity price in the transportation sector,FL,Florida,33.2,Dollars per million Btu
2023,ESACD,Electricity price in the transportation sector,GA,Georgia,21.38,Dollars per million Btu
2023,ESACD,Electricity price in the transportation sector,HI,Hawaii,0,Dollars per million Btu
2023,ESACD,Electricity price in the transportation sector,IA,Iowa,0,Dollars per million Btu
2023,ESACB,Electricity consumed by (sales to ultimate customers in) the transportation sector,IL,Illinois,1415,Billion Btu
2023,ESACB,Electricity consumed by (sales to ultimate customers in) the transportation sector,IN,Indiana,37,Billion Btu
2023,ESACB,Electricity consumed by (sales to ultimate customers in) the transportation sector,KS,Kansas,0,Billion Btu
2023,ESACB,Electricity consumed by (sales to ultimate customers in) the transportation sector,TX,Texas,576,Billion Btu
2023,ESACB,Electricity consumed by (sales to ultimate customers in) the transportation sector,US,United States,23419,Billion Btu
2023,ESACB,Electricity consumed by (sales to ultimate customers in) the transportation sector,UT,Utah,185,Billion Btu
2023,ESACB,Electricity consumed by (sales to ultimate customers in) the transportation sector,LA,Louisiana,36,Billion Btu
2023,ESACB,Electricity consumed by (sales to ultimate customers in) the transportation sector,MA,Massachusetts,953,Billion Btu
2023,ESACB,Electricity consumed by (sales to ultimate customers in) the transportation sector,MD,Maryland,1392,Billion Btu
2023,ELIMB,Electricity imported into the United States,MI,Michigan,14638,Billion Btu
2023,ELIMB,Electricity imported into the United States,MN,Minnesota,22565,Billion Btu
2023,ELIMB,Electricity imported into the United States,MO,Missouri,0,Billion Btu
2023,ELIMV,Electricity imports expenditures,WV,West Virginia,0,Million dollars
2023,ELGBP,Total (all fuels) electric generating units net summer capacity in all sectors,OR,Oregon,17469,Thousand kilowatts
2023,ELGBP,Total (all fuels) electric generating units net summer capacity in all sectors,PA,Pennsylvania,48526,Thousand kilowatts
2023,ELGBP,Total (all fuels) electric generating units net summer capacity in all sectors,RI,Rhode Island,2289,Thousand kilowatts
2023,ELGBP,Total (all fuels) electric generating units net summer capacity in all sectors,SC,South Carolina,24422,Thousand kilowatts
2023,ELGBP,Total (all fuels) electric generating units net summer capacity in all sectors,SD,South Dakota,6799,Thousand kilowatts
2023,ELGBP,Total (all fuels) electric generating units net summer capacity in all sectors,TN,Tennessee,20924,Thousand kilowatts
2023,ELGBP,Total (all fuels) electric generating units net summer capacity in all sectors,TX,Texas,155010,Thousand kilowatts
2023,ELGBP,Total (all fuels) electric generating units net summer capacity in all sectors,US,United States,1187555,Thousand kilowatts
2023,ELGBP,Total (all fuels) electric generating units net summer capacity in all sectors,UT,Utah,9710,Thousand kilowatts
2023,ELGBP,Total (all fuels) electric generating units net summer capacity in all sectors,VA,Virginia,28218,Thousand kilowatts
2023,ELGBP,Total (all fuels) electric generating units net summer capacity in all sectors,VT,Vermont,856,Thousand kilowatts
2023,ELGBP,Total (all fuels) electric generating units net summer capacity in all sectors,WA,Washington,30884,Thousand kilowatts
2023,ELGBP,Total (all fuels) electric generating units net summer capacity in all sectors,WI,Wisconsin,17580,Thousand kilowatts
2023,ELGBP,Total (all fuels) electric generating units net summer capacity in all sectors,WV,West Virginia,15005,Thousand kilowatts
2023,ELGBP,Total (all fuels) electric generating units net summer capacity in all sectors,WY,Wyoming,10192,Thousand kilowatts
2023,ELIMP,Electricity imported into the United States,DE,Delaware,0,Million kilowatthours
2023,ELIMP,Electricity imported into the United States,FL,Florida,0,Million kilowatthours
2023,ELIMP,Electricity imported into the United States,GA,Georgia,0,Million kilowatthours
2023,ELIMP,Electricity imported into the United States,HI,Hawaii,0,Million kilowatthours
2023,ELGBP,Total (all fuels) electric generating units net summer capacity in all sectors,OK,Oklahoma,31690,Thousand kilowatts
2023,ELIMD,Electricity imports average price,DC,District of Columbia,0,Dollars per million Btu
2023,ELIMD,Electricity imports average price,DE,Delaware,0,Dollars per million Btu
2023,ELIMD,Electricity imports average price,FL,Florida,0,Dollars per million Btu
2023,ELIMD,Electricity imports average price,GA,Georgia,0,Dollars per million Btu
2023,ELIMD,Electricity imports average price,HI,Hawaii,0,Dollars per million Btu
2023,ELIMD,Electricity imports average price,TN,Tennessee,0,Dollars per million Btu
2023,ELIMD,Electricity imports average price,TX,Texas,18.72,Dollars per million Btu
2023,ELIMD,Electricity imports average price,US,United States,18.72,Dollars per million Btu
2023,ELIMD,Electricity imports average price,UT,Utah,0,Dollars per million Btu
2023,ELIMD,Electricity imports average price,IA,Iowa,0,Dollars per million Btu
2023,ELIMD,Electricity imports average price,ID,Idaho,0,Dollars per million Btu
2023,ELIMD,Electricity imports average price,IL,Illinois,0,Dollars per million Btu
2023,ELIMD,Electricity imports average price,IN,Indiana,0,Dollars per million Btu
2023,ELIMD,Electricity imports average price,KS,Kansas,0,Dollars per million Btu
2023,ELIMV,Electricity imports expenditures,MI,Michigan,274.1,Million dollars
2023,ELIMV,Electricity imports expenditures,MN,Minnesota,422.5,Million dollars
2023,ELIMV,Electricity imports expenditures,MO,Missouri,0,Million dollars
2023,ELIMV,Electricity imports expenditures,MS,Mississippi,0,Million dollars
2023,ELIMP,Electricity imported into the United States,MO,Missouri,0,Million kilowatthours
2023,ELIMP,Electricity imported into the United States,MS,Mississippi,0,Million kilowatthours
2023,ELIMP,Electricity imported into the United States,MT,Montana,151,Million kilowatthours
2023,ELIMP,Electricity imported into the United States,NC,North Carolina,0,Million kilowatthours
2023,ELIMV,Electricity imports expenditures,AR,Arkansas,0,Million dollars
2023,ELIMV,Electricity imports expenditures,AZ,Arizona,0,Million dollars
2023,ELIMV,Electricity imports expenditures,CA,California,362.5,Million dollars
2023,ELIMV,Electricity imports expenditures,CO,Colorado,0,Million dollars
2023,ELIMP,Electricity imported into the United States,ND,North Dakota,972,Million kilowatthours
2023,ELIMP,Electricity imported into the United States,NE,Nebraska,0,Million kilowatthours
2023,ELEXB,Electricity exported from the United States,WY,Wyoming,0,Billion Btu
2023,ELEXD,Electricity exports average price,AK,Alaska,0,Dollars per million Btu
2023,BDTXB,Biodiesel total end-use consumption,VT,Vermont,258,Billion Btu
2023,BDCBP,Biodiesel refinery and blender net inputs portion to the commercial sector,WI,Wisconsin,0,Thousand barrels
2023,BDCBP,Biodiesel refinery and blender net inputs portion to the commercial sector,WV,West Virginia,0,Thousand barrels
2023,BDCBP,Biodiesel refinery and blender net inputs portion to the commercial sector,WY,Wyoming,0,Thousand barrels
2023,BDCCB,Biodiesel consumed by the commercial sector,AK,Alaska,0,Billion Btu
2023,BDTXB,Biodiesel total end-use consumption,NY,New York,13445,Billion Btu
2023,BDTXB,Biodiesel total end-use consumption,OK,Oklahoma,4443,Billion Btu
2023,BDTXP,Biodiesel total end-use consumption,AZ,Arizona,83,Thousand barrels
2023,BDCBB,Biodiesel refinery and blender net inputs portion to the commercial sector,NH,New Hampshire,0,Billion Btu
2023,BDCBB,Biodiesel refinery and blender net inputs portion to the commercial sector,NJ,New Jersey,0,Billion Btu
2023,ESTCD,"Electricity average price, all sectors",MN,Minnesota,35.99,Dollars per million Btu
2023,ESTCP,Electricity total consumption (electricity sales to ultimate customers),NH,New Hampshire,10631,Million kilowatthours
2023,ESTCP,Electricity total consumption (electricity sales to ultimate customers),NJ,New Jersey,71097,Million kilowatthours
2023,ESTCD,"Electricity average price, all sectors",SD,South Dakota,30.73,Dollars per million Btu
2023,ESTCD,"Electricity average price, all sectors",TN,Tennessee,31.41,Dollars per million Btu
2023,ESTCP,Electricity total consumption (electricity sales to ultimate customers),UT,Utah,33344,Million kilowatthours
2023,ESTCP,Electricity total consumption (electricity sales to ultimate customers),VA,Virginia,132319,Million kilowatthours
2023,ESTCP,Electricity total consumption (electricity sales to ultimate customers),VT,Vermont,5364,Million kilowatthours
2023,ESTCD,"Electricity average price, all sectors",ID,Idaho,26.61,Dollars per million Btu
2023,ESTCP,Electricity total consumption (electricity sales to ultimate customers),MI,Michigan,97589,Million kilowatthours
2023,ESTCP,Electricity total consumption (electricity sales to ultimate customers),MN,Minnesota,66216,Million kilowatthours
2023,ESTCP,Electricity total consumption (electricity sales to ultimate customers),MO,Missouri,76976,Million kilowatthours
2023,ESTCV,Electricity total expenditures,ID,Idaho,2331.3,Million dollars
2023,ESSCB,Electricity total consumption adjusted for process fuel,ND,North Dakota,95462,Billion Btu
2023,ESSCB,Electricity total consumption adjusted for process fuel,NE,Nebraska,114545,Billion Btu
2023,ESSCB,Electricity total consumption adjusted for process fuel,NH,New Hampshire,36274,Billion Btu
2023,ESTCP,Electricity total consumption (electricity sales to ultimate customers),NM,New Mexico,28347,Million kilowatthours
2023,ESRPP,Electricity consumed by (sales to ultimate customers in) the residential sector per capita,UT,Utah,3290,Kilowatthours
2023,ESRPP,Electricity consumed by (sales to ultimate customers in) the residential sector per capita,VA,Virginia,4934,Kilowatthours
2023,ESRPP,Electricity consumed by (sales to ultimate customers in) the residential sector per capita,VT,Vermont,3355,Kilowatthours
2023,ESTCP,Electricity total consumption (electricity sales to ultimate customers),WA,Washington,89553,Million kilowatthours
2023,ESSCB,Electricity total consumption adjusted for process fuel,GA,Georgia,484602,Billion Btu
2023,ESSCB,Electricity total consumption adjusted for process fuel,HI,Hawaii,30316,Billion Btu
2023,ESSCB,Electricity total consumption adjusted for process fuel,IA,Iowa,185614,Billion Btu
2023,ESTCP,Electricity total consumption (electricity sales to ultimate customers),MS,Mississippi,48422,Million kilowatthours
2023,ESRPP,Electricity consumed by (sales to ultimate customers in) the residential sector per capita,OR,Oregon,4806,Kilowatthours
2023,ESRPP,Electricity consumed by (sales to ultimate customers in) the residential sector per capita,PA,Pennsylvania,4020,Kilowatthours
2023,ESRPP,Electricity consumed by (sales to ultimate customers in) the residential sector per capita,RI,Rhode Island,2714,Kilowatthours
2023,ESSCB,Electricity total consumption adjusted for process fuel,NJ,New Jersey,239846,Billion Btu
2023,ESSCB,Electricity total consumption adjusted for process fuel,NM,New Mexico,95783,Billion Btu
2023,ESTCB,Electricity total consumption (electricity sales to ultimate customers),SD,South Dakota,46082,Billion Btu
2023,ESTCB,Electricity total consumption (electricity sales to ultimate customers),TN,Tennessee,337945,Billion Btu
2023,ESTCB,Electricity total consumption (electricity sales to ultimate customers),TX,Texas,1681503,Billion Btu
2023,ESRPP,Electricity consumed by (sales to ultimate customers in) the residential sector per capita,WA,Washington,4956,Kilowatthours
2023,ESTCB,Electricity total consumption (electricity sales to ultimate customers),GA,Georgia,484602,Billion Btu
2023,ESTCB,Electricity total consumption (electricity sales to ultimate customers),HI,Hawaii,30460,Billion Btu
2023,ESTCB,Electricity total consumption (electricity sales to ultimate customers),IA,Iowa,185614,Billion Btu
2023,ESSCB,Electricity total consumption adjusted for process fuel,ID,Idaho,87600,Billion Btu
2023,ESSCB,Electricity total consumption adjusted for process fuel,IL,Illinois,433922,Billion Btu
2023,ESTCB,Electricity total consumption (electricity sales to ultimate customers),MT,Montana,52902,Billion Btu
2023,ESTCB,Electricity total consumption (electricity sales to ultimate customers),NC,North Carolina,454107,Billion Btu
2023,ESRPP,Electricity consumed by (sales to ultimate customers in) the residential sector per capita,SC,South Carolina,5735,Kilowatthours
2023,ESTCB,Electricity total consumption (electricity sales to ultimate customers),AZ,Arizona,293155,Billion Btu
2023,ESTCB,Electricity total consumption (electricity sales to ultimate customers),CA,California,817107,Billion Btu
2023,ESTCB,Electricity total consumption (electricity sales to ultimate customers),US,United States,13218952,Billion Btu
2023,ESTCP,Electricity total consumption (electricity sales to ultimate customers),DC,District of Columbia,9880,Million kilowatthours
2023,ESTCP,Electricity total consumption (electricity sales to ultimate customers),DE,Delaware,11082,Million kilowatthours
2023,ESTCB,Electricity total consumption (electricity sales to ultimate customers),ID,Idaho,87600,Billion Btu
2023,ESTCD,"Electricity average price, all sectors",MO,Missouri,31.87,Dollars per million Btu
2023,ESTCD,"Electricity average price, all sectors",MS,Mississippi,32.33,Dollars per million Btu
2023,ESTCD,"Electricity average price, all sectors",MT,Montana,32.77,Dollars per million Btu
2023,ESTCB,Electricity total consumption (electricity sales to ultimate customers),ND,North Dakota,96226,Billion Btu
2023,ESTCD,"Electricity average price, all sectors",TX,Texas,29.66,Dollars per million Btu
2023,ESTCD,"Electricity average price, all sectors",US,United States,37.34,Dollars per million Btu
2023,ESTCD,"Electricity average price, all sectors",UT,Utah,26.58,Dollars per million Btu
2023,ESTCB,Electricity total consumption (electricity sales to ultimate customers),CO,Colorado,189591,Billion Btu
2023,ESTCD,"Electricity average price, all sectors",IL,Illinois,34.71,Dollars per million Btu
2023,ESTCD,"Electricity average price, all sectors",IN,Indiana,33.83,Dollars per million Btu
2023,ESTCD,"Electricity average price, all sectors",KS,Kansas,31.92,Dollars per million Btu
2023,ESTCD,"Electricity average price, all sectors",KY,Kentucky,29.33,Dollars per million Btu
2023,ESTCP,Electricity total consumption (electricity sales to ultimate customers),FL,Florida,250940,Million kilowatthours
2023,ESTCV,Electricity total expenditures,IL,Illinois,15062.7,Million dollars
2023,ESTCV,Electricity total expenditures,IN,Indiana,10908.4,Million dollars
2023,ESTCV,Electricity total expenditures,KS,Kansas,4348.5,Million dollars
2023,ESTCV,Electricity total expenditures,KY,Kentucky,7035.6,Million dollars
2023,ESTCD,"Electricity average price, all sectors",NC,North Carolina,31.1,Dollars per million Btu
2023,ESTCD,"Electricity average price, all sectors",ND,North Dakota,23.54,Dollars per million Btu
2023,ESTCP,Electricity total consumption (electricity sales to ultimate customers),NV,Nevada,38249,Million kilowatthours
2023,ESTCP,Electricity total consumption (electricity sales to ultimate customers),NY,New York,139422,Million kilowatthours
2023,ESTCP,Electricity total consumption (electricity sales to ultimate customers),OH,Ohio,146641,Million kilowatthours
2023,ESTCD,"Electricity average price, all sectors",VA,Virginia,31.29,Dollars per million Btu
2023,ESTCP,Electricity total consumption (electricity sales to ultimate customers),WI,Wisconsin,68564,Million kilowatthours
2023,ESTCP,Electricity total consumption (electricity sales to ultimate customers),WV,West Virginia,32071,Million kilowatthours
2023,ESTCD,"Electricity average price, all sectors",LA,Louisiana,27.03,Dollars per million Btu
2023,ESTCP,Electricity total consumption (electricity sales to ultimate customers),MT,Montana,15505,Million kilowatthours
2023,ESTCP,Electricity total consumption (electricity sales to ultimate customers),NC,North Carolina,133091,Million kilowatthours
2023,ESTCV,Electricity total expenditures,LA,Louisiana,7959.7,Million dollars
2023,ESSCB,Electricity total consumption adjusted for process fuel,NV,Nevada,130503,Billion Btu
2023,ESSCB,Electricity total consumption adjusted for process fuel,NY,New York,475708,Billion Btu
2023,ESSCB,Electricity total consumption adjusted for process fuel,OH,Ohio,494313,Billion Btu
2023,ESTCP,Electricity total consumption (electricity sales to ultimate customers),OK,Oklahoma,68979,Million kilowatthours
2023,ESRPP,Electricity consumed by (sales to ultimate customers in) the residential sector per capita,WI,Wisconsin,3747,Kilowatthours
2023,ESRPP,Electricity consumed by (sales to ultimate customers in) the residential sector per capita,WV,West Virginia,5780,Kilowatthours
2023,ESRPP,Electricity consumed by (sales to ultimate customers in) the residential sector per capita,WY,Wyoming,5039,Kilowatthours
2023,ESTCP,Electricity total consumption (electricity sales to ultimate customers),WY,Wyoming,16790,Million kilowatthours
2023,ESTCV,Electricity total expenditures,AK,Alaska,1275.8,Million dollars
2023,ESSCB,Electricity total consumption adjusted for process fuel,IN,Indiana,322473,Billion Btu
2023,ESSCB,Electricity total consumption adjusted for process fuel,KS,Kansas,136224,Billion Btu
2023,ESSCB,Electricity total consumption adjusted for process fuel,KY,Kentucky,239874,Billion Btu
2023,ESTCP,Electricity total consumption (electricity sales to ultimate customers),ND,North Dakota,28202,Million kilowatthours
2023,ESTCP,Electricity total consumption (electricity sales to ultimate customers),NE,Nebraska,33571,Million kilowatthours
2023,ESRPP,Electricity consumed by (sales to ultimate customers in) the residential sector per capita,SD,South Dakota,5713,Kilowatthours
2023,ESRPP,Electricity consumed by (sales to ultimate customers in) the residential sector per capita,TN,Tennessee,5785,Kilowatthours
2023,ESRPP,Electricity consumed by (sales to ultimate customers in) the residential sector per capita,TX,Texas,5487,Kilowatthours
2023,ESRCB,Electricity consumed by (sales to ultimate customers in) the residential sector,NM,New Mexico,25031,Billion Btu
2023,ESRCD,Electricity price in the residential sector,WA,Washington,32.19,Dollars per million Btu
2023,ESRCD,Electricity price in the residential sector,WI,Wisconsin,49.46,Dollars per million Btu
2023,ESRCD,Electricity price in the residential sector,WV,West Virginia,41.18,Dollars per million Btu
2023,ESRPP,Electricity consumed by (sales to ultimate customers in) the residential sector per capita,ND,North Dakota,6422,Kilowatthours
2023,ESRCD,Electricity price in the residential sector,AL,Alabama,42.86,Dollars per million Btu
2023,ESRCD,Electricity price in the residential sector,AR,Arkansas,35.91,Dollars per million Btu
2023,ESRCD,Electricity price in the residential sector,AZ,Arizona,41.09,Dollars per million Btu
2023,ESRFB,Electricity consumed by refineries,ND,North Dakota,764,Billion Btu
2023,ESRFB,Electricity consumed by refineries,NE,Nebraska,0,Billion Btu
2023,ESRCD,Electricity price in the residential sector,MD,Maryland,48.64,Dollars per million Btu
2023,ESRCD,Electricity price in the residential sector,ME,Maine,80.37,Dollars per million Btu
2023,ESRCD,Electricity price in the residential sector,MI,Michigan,55.23,Dollars per million Btu
2023,ESRCB,Electricity consumed by (sales to ultimate customers in) the residential sector,SC,South Carolina,105425,Billion Btu
2023,ESRCP,Electricity consumed by (sales to ultimate customers in) the residential sector,CA,California,82821,Million kilowatthours
2023,ESRCP,Electricity consumed by (sales to ultimate customers in) the residential sector,CO,Colorado,19999,Million kilowatthours
2023,ESRCP,Electricity consumed by (sales to ultimate customers in) the residential sector,CT,Connecticut,12553,Million kilowatthours
2023,ESRCD,Electricity price in the residential sector,WY,Wyoming,33.59,Dollars per million Btu
2023,ESRCV,Electricity expenditures in the residential sector,IA,Iowa,1940.4,Million dollars
2023,ESRCV,Electricity expenditures in the residential sector,ID,Idaho,1082.5,Million dollars
2023,ESRCV,Electricity expenditures in the residential sector,IL,Illinois,6804.1,Million dollars
2023,ESRCD,Electricity price in the residential sector,CA,California,86.49,Dollars per million Btu
2023,ESRCD,Electricity price in the residential sector,CO,Colorado,41.9,Dollars per million Btu
2023,ESRCP,Electricity consumed by (sales to ultimate customers in) the residential sector,MD,Maryland,26108,Million kilowatthours
2023,ESRCP,Electricity consumed by (sales to ultimate customers in) the residential sector,ME,Maine,4919,Million kilowatthours
2023,ESRCD,Electricity price in the residential sector,MN,Minnesota,43.18,Dollars per million Btu
2023,ESRCP,Electricity consumed by (sales to ultimate customers in) the residential sector,OH,Ohio,49714,Million kilowatthours
2023,ESRCP,Electricity consumed by (sales to ultimate customers in) the residential sector,OK,Oklahoma,23818,Million kilowatthours
2023,ESRCP,Electricity consumed by (sales to ultimate customers in) the residential sector,OR,Oregon,20445,Million kilowatthours
2023,ESRCP,Electricity consumed by (sales to ultimate customers in) the residential sector,WI,Wisconsin,22219,Million kilowatthours
2023,ESRCP,Electricity consumed by (sales to ultimate customers in) the residential sector,WV,West Virginia,10234,Million kilowatthours
2023,ESRFB,Electricity consumed by refineries,KS,Kansas,3845,Billion Btu
2023,ESRFB,Electricity consumed by refineries,KY,Kentucky,3139,Billion Btu
2023,ESRCP,Electricity consumed by (sales to ultimate customers in) the residential sector,DC,District of Columbia,2372,Million kilowatthours
2023,ESRCV,Electricity expenditures in the residential sector,ME,Maine,1348.8,Million dollars
2023,ESRCV,Electricity expenditures in the residential sector,MI,Michigan,6130.3,Million dollars
2023,ESRCV,Electricity expenditures in the residential sector,MN,Minnesota,3391.9,Million dollars
2023,ESRCP,Electricity consumed by (sales to ultimate customers in) the residential sector,MI,Michigan,32534,Million kilowatthours
2023,ESRCP,Electricity consumed by (sales to ultimate customers in) the residential sector,MN,Minnesota,23023,Million kilowatthours
2023,ESRCV,Electricity expenditures in the residential sector,RI,Rhode Island,809.2,Million dollars
2023,ESRCV,Electricity expenditures in the residential sector,SC,South Carolina,4228.1,Million dollars
2023,ESRCV,Electricity expenditures in the residential sector,SD,South Dakota,646.5,Million dollars
2023,ESRCP,Electricity consumed by (sales to ultimate customers in) the residential sector,PA,Pennsylvania,52328,Million kilowatthours
2023,ESRFB,Electricity consumed by refineries,CT,Connecticut,0,Billion Btu
2023,ESRFB,Electricity consumed by refineries,DC,District of Columbia,0,Billion Btu
2023,ESRFB,Electricity consumed by refineries,DE,Delaware,1112,Billion Btu
2023,ESRFB,Electricity consumed by refineries,LA,Louisiana,30981,Billion Btu
2023,ESRFB,Electricity consumed by refineries,MA,Massachusetts,0,Billion Btu
2023,ESRCB,Electricity consumed by (sales to ultimate customers in) the residential sector,LA,Louisiana,108319,Billion Btu
2023,ESRCB,Electricity consumed by (sales to ultimate customers in) the residential sector,MA,Massachusetts,66076,Billion Btu
2023,ESRCB,Electricity consumed by (sales to ultimate customers in) the residential sector,MD,Maryland,89080,Billion Btu
2023,ESRCV,Electricity expenditures in the residential sector,MO,Missouri,4397.8,Million dollars
2023,ESRCV,Electricity expenditures in the residential sector,MS,Mississippi,2452.7,Million dollars
2023,ESRPP,Electricity consumed by (sales to ultimate customers in) the residential sector per capita,ME,Maine,3514,Kilowatthours
2023,ESRPP,Electricity consumed by (sales to ultimate customers in) the residential sector per capita,MI,Michigan,3226,Kilowatthours
2023,ESRPP,Electricity consumed by (sales to ultimate customers in) the residential sector per capita,MN,Minnesota,4002,Kilowatthours
2023,ESRCV,Electricity expenditures in the residential sector,TN,Tennessee,5041.4,Million dollars
2023,ESRCV,Electricity expenditures in the residential sector,TX,Texas,24388.8,Million dollars
2023,ESRPP,Electricity consumed by (sales to ultimate customers in) the residential sector per capita,NE,Nebraska,5368,Kilowatthours
2023,ESRPP,Electricity consumed by (sales to ultimate customers in) the residential sector per capita,NH,New Hampshire,3320,Kilowatthours
2023,ESRPP,Electricity consumed by (sales to ultimate customers in) the residential sector per capita,NJ,New Jersey,3029,Kilowatthours
2023,ESRFB,Electricity consumed by refineries,FL,Florida,0,Billion Btu
2023,ESRFB,Electricity consumed by refineries,GA,Georgia,0,Billion Btu
2023,ESRFB,Electricity consumed by refineries,NH,New Hampshire,0,Billion Btu
2023,ESRFB,Electricity consumed by refineries,NJ,New Jersey,2736,Billion Btu
2023,ESRFB,Electricity consumed by refineries,NM,New Mexico,938,Billion Btu
2023,ESRCB,Electricity consumed by (sales to ultimate customers in) the residential sector,ME,Maine,16783,Billion Btu
2023,ESRCD,Electricity price in the residential sector,NY,New York,65.2,Dollars per million Btu
2023,ESRCD,Electricity price in the residential sector,OH,Ohio,45.08,Dollars per million Btu
2023,ESRCD,Electricity price in the residential sector,OK,Oklahoma,35.4,Dollars per million Btu
2023,EVDCN,DC fast charging ports for electric vehicles,LA,Louisiana,226,Number
2023,EVDCN,DC fast charging ports for electric vehicles,MA,Massachusetts,726,Number
2023,EVDCN,DC fast charging ports for electric vehicles,MD,Maryland,990,Number
2023,EVDCN,DC fast charging ports for electric vehicles,ME,Maine,234,Number
2023,EVDCN,DC fast charging ports for electric vehicles,MI,Michigan,802,Number
2023,EVDCN,DC fast charging ports for electric vehicles,MN,Minnesota,492,Number
2023,EVDCN,DC fast charging ports for electric vehicles,MO,Missouri,459,Number
2023,EVDCN,DC fast charging ports for electric vehicles,MS,Mississippi,122,Number
2023,EVDCN,DC fast charging ports for electric vehicles,MT,Montana,184,Number
2023,FFGBP,Fossil fuel total generating units net summer capacity in all sectors,IN,Indiana,21605,Thousand kilowatts
2023,FFGBP,Fossil fuel total generating units net summer capacity in all sectors,KS,Kansas,8921,Thousand kilowatts
2023,FFGBP,Fossil fuel total generating units net summer capacity in all sectors,KY,Kentucky,17046,Thousand kilowatts
2023,FFGBP,Fossil fuel total generating units net summer capacity in all sectors,LA,Louisiana,21509,Thousand kilowatts
2023,FFGBP,Fossil fuel total generating units net summer capacity in all sectors,MA,Massachusetts,8766,Thousand kilowatts
2023,FFGBP,Fossil fuel total generating units net summer capacity in all sectors,MD,Maryland,8742,Thousand kilowatts
2023,EV2CR,Level 2 charging ports per location,VA,Virginia,2.73,Number
2023,EV2CR,Level 2 charging ports per location,VT,Vermont,2.65,Number
2023,EV2CR,Level 2 charging ports per location,WA,Washington,2.61,Number
2023,EV2CR,Level 2 charging ports per location,WI,Wisconsin,2.13,Number
2023,EV2CR,Level 2 charging ports per location,WV,West Virginia,2.73,Number
2023,EV2CR,Level 2 charging ports per location,WY,Wyoming,1.96,Number
2023,EVCHN,Total charging ports for electric vehicles,AK,Alaska,163,Number
2023,EVCHN,Total charging ports for electric vehicles,AL,Alabama,1230,Number
2023,EVCHN,Total charging ports for electric vehicles,AR,Arkansas,904,Number
2023,EVCHN,Total charging ports for electric vehicles,AZ,Arizona,3946,Number
2023,EVCHN,Total charging ports for electric vehicles,CA,California,58207,Number
2023,BDEIP,Biodiesel consumed by the electric power sector,DC,District of Columbia,0,Thousand barrels
2023,BDCCB,Biodiesel consumed by the commercial sector,MS,Mississippi,0,Billion Btu
2023,BDEIB,Biodiesel consumed by the electric power sector,OK,Oklahoma,0,Billion Btu
2023,ELVHS,Electric vehicle (EV) share of total light-duty vehicles,PA,Pennsylvania,1.1,Percent
2023,ELIMV,Electricity imports expenditures,WY,Wyoming,0,Million dollars
2023,ELNIP,Net imports of electricity into the United States,ME,Maine,2065,Million kilowatthours
2023,ELNIP,Net imports of electricity into the United States,OR,Oregon,0,Million kilowatthours
2023,ELNIP,Net imports of electricity into the United States,PA,Pennsylvania,0,Million kilowatthours
2023,ELVHN,Total electric vehicle (EV) light-duty stocks,LA,Louisiana,11.3,Thousands of registered vehicles
2023,ELVHN,Total electric vehicle (EV) light-duty stocks,MA,Massachusetts,109.2,Thousands of registered vehicles
2023,ELVHN,Total electric vehicle (EV) light-duty stocks,MD,Maryland,96.6,Thousands of registered vehicles
2023,ELVHN,Total electric vehicle (EV) light-duty stocks,ME,Maine,13.8,Thousands of registered vehicles
2023,ELVHN,Total electric vehicle (EV) light-duty stocks,MI,Michigan,73.7,Thousands of registered vehicles
2023,ELVHN,Total electric vehicle (EV) light-duty stocks,MN,Minnesota,49.7,Thousands of registered vehicles
2023,ELVHN,Total electric vehicle (EV) light-duty stocks,MO,Missouri,37.9,Thousands of registered vehicles
2023,ELVHN,Total electric vehicle (EV) light-duty stocks,MS,Mississippi,5.2,Thousands of registered vehicles
2023,ELVHN,Total electric vehicle (EV) light-duty stocks,WV,West Virginia,4.3,Thousands of registered vehicles
2023,ELVHN,Total electric vehicle (EV) light-duty stocks,WY,Wyoming,1.8,Thousands of registered vehicles
2023,ELVHS,Electric vehicle (EV) share of total light-duty vehicles,AK,Alaska,.7,Percent
2023,ELVHS,Electric vehicle (EV) share of total light-duty vehicles,AL,Alabama,.4,Percent
2023,ELVHS,Electric vehicle (EV) share of total light-duty vehicles,AR,Arkansas,.4,Percent
2023,ELVHS,Electric vehicle (EV) share of total light-duty vehicles,AZ,Arizona,1.8,Percent
2023,ELVHS,Electric vehicle (EV) share of total light-duty vehicles,CA,California,4.6,Percent
2023,ELVHS,Electric vehicle (EV) share of total light-duty vehicles,CO,Colorado,2.4,Percent
2023,ELNIB,Net imports of electricity into the United States,WI,Wisconsin,0,Billion Btu
2023,ELNIB,Net imports of electricity into the United States,WV,West Virginia,0,Billion Btu
2023,ELNIB,Net imports of electricity into the United States,WY,Wyoming,0,Billion Btu
2023,ELNIB,Net imports of electricity into the United States,CA,California,15273,Billion Btu
2023,ELEXV,Electricity exports expenditures,OR,Oregon,0,Million dollars
2023,ELEXV,Electricity exports expenditures,PA,Pennsylvania,0,Million dollars
2023,ELGBP,Total (all fuels) electric generating units net summer capacity in all sectors,DC,District of Columbia,52,Thousand kilowatts
2023,ELGBP,Total (all fuels) electric generating units net summer capacity in all sectors,DE,Delaware,3296,Thousand kilowatts
2023,ELGBP,Total (all fuels) electric generating units net summer capacity in all sectors,FL,Florida,68723,Thousand kilowatts
2023,ELGBP,Total (all fuels) electric generating units net summer capacity in all sectors,GA,Georgia,37786,Thousand kilowatts
2023,ELGBP,Total (all fuels) electric generating units net summer capacity in all sectors,HI,Hawaii,3222,Thousand kilowatts
2023,ELGBP,Total (all fuels) electric generating units net summer capacity in all sectors,IA,Iowa,22706,Thousand kilowatts
2023,ELGBP,Total (all fuels) electric generating units net summer capacity in all sectors,ID,Idaho,5353,Thousand kilowatts
2023,ELGBP,Total (all fuels) electric generating units net summer capacity in all sectors,IL,Illinois,45419,Thousand kilowatts
2023,ELGBP,Total (all fuels) electric generating units net summer capacity in all sectors,IN,Indiana,26578,Thousand kilowatts
2023,ELGBP,Total (all fuels) electric generating units net summer capacity in all sectors,KS,Kansas,19197,Thousand kilowatts
2023,ELGBP,Total (all fuels) electric generating units net summer capacity in all sectors,KY,Kentucky,18336,Thousand kilowatts
2023,ELGBP,Total (all fuels) electric generating units net summer capacity in all sectors,LA,Louisiana,24963,Thousand kilowatts
2023,ELGBP,Total (all fuels) electric generating units net summer capacity in all sectors,MA,Massachusetts,12850,Thousand kilowatts
2023,ELGBP,Total (all fuels) electric generating units net summer capacity in all sectors,MD,Maryland,11924,Thousand kilowatts
2023,ELIMV,Electricity imports expenditures,AL,Alabama,0,Million dollars
2023,ELEXV,Electricity exports expenditures,IL,Illinois,0,Million dollars
2023,ELEXV,Electricity exports expenditures,IN,Indiana,0,Million dollars
2023,ELEXV,Electricity exports expenditures,KS,Kansas,0,Million dollars
2023,ELEXV,Electricity exports expenditures,KY,Kentucky,0,Million dollars
2023,ELEXV,Electricity exports expenditures,LA,Louisiana,0,Million dollars
2023,ELIMV,Electricity imports expenditures,VA,Virginia,0,Million dollars
2023,ELIMV,Electricity imports expenditures,VT,Vermont,676.2,Million dollars
2023,ELIMV,Electricity imports expenditures,WA,Washington,47.5,Million dollars
2023,ELIMV,Electricity imports expenditures,WI,Wisconsin,0,Million dollars
2023,ELIMB,Electricity imported into the United States,OR,Oregon,0,Billion Btu
2023,ELIMB,Electricity imported into the United States,PA,Pennsylvania,0,Billion Btu
2023,ELIMB,Electricity imported into the United States,RI,Rhode Island,0,Billion Btu
2023,ELIMB,Electricity imported into the United States,SC,South Carolina,0,Billion Btu
2023,ELGBP,Total (all fuels) electric generating units net summer capacity in all sectors,ME,Maine,5252,Thousand kilowatts
2023,ELIMD,Electricity imports average price,AR,Arkansas,0,Dollars per million Btu
2023,ELIMD,Electricity imports average price,AZ,Arizona,0,Dollars per million Btu
2023,ELIMD,Electricity imports average price,CA,California,18.72,Dollars per million Btu
2023,ELIMD,Electricity imports average price,CO,Colorado,0,Dollars per million Btu
2023,ELIMD,Electricity imports average price,CT,Connecticut,0,Dollars per million Btu
2023,ELIMB,Electricity imported into the United States,ME,Maine,7589,Billion Btu
2023,ELEXV,Electricity exports expenditures,IA,Iowa,0,Million dollars
2023,ELEXV,Electricity exports expenditures,ID,Idaho,0,Million dollars
2023,ELIMV,Electricity imports expenditures,KS,Kansas,0,Million dollars
2023,ELEXV,Electricity exports expenditures,NE,Nebraska,0,Million dollars
2023,ELEXV,Electricity exports expenditures,NH,New Hampshire,0,Million dollars
2023,ELEXV,Electricity exports expenditures,NJ,New Jersey,0,Million dollars
2023,ELEXV,Electricity exports expenditures,NM,New Mexico,0,Million dollars
2023,ELEXV,Electricity exports expenditures,NV,Nevada,0,Million dollars
2023,ELEXP,Electricity exported from the United States,WY,Wyoming,0,Million kilowatthours
2023,ELEXV,Electricity exports expenditures,AK,Alaska,0,Million dollars
2023,ELEXV,Electricity exports expenditures,AL,Alabama,0,Million dollars
2023,ELEXV,Electricity exports expenditures,AR,Arkansas,0,Million dollars
2023,ELEXV,Electricity exports expenditures,AZ,Arizona,.3,Million dollars
2023,ELEXP,Electricity exported from the United States,PA,Pennsylvania,0,Million kilowatthours
2023,ELEXD,Electricity exports average price,TX,Texas,21.03,Dollars per million Btu
2023,ELEXB,Electricity exported from the United States,MI,Michigan,11782,Billion Btu
2023,ELEXB,Electricity exported from the United States,MN,Minnesota,2235,Billion Btu
2023,ELEXB,Electricity exported from the United States,MO,Missouri,0,Billion Btu
2023,ELEXB,Electricity exported from the United States,MS,Mississippi,0,Billion Btu
2023,ELEXB,Electricity exported from the United States,FL,Florida,0,Billion Btu
2023,ELEXD,Electricity exports average price,MO,Missouri,0,Dollars per million Btu
2023,ELEXD,Electricity exports average price,MS,Mississippi,0,Dollars per million Btu
2023,ELEXD,Electricity exports average price,MT,Montana,21.03,Dollars per million Btu
2023,ELEXD,Electricity exports average price,NC,North Carolina,0,Dollars per million Btu
2023,ELEXB,Electricity exported from the United States,NJ,New Jersey,0,Billion Btu
2023,ELEXB,Electricity exported from the United States,NM,New Mexico,0,Billion Btu
2023,ELEXB,Electricity exported from the United States,NV,Nevada,0,Billion Btu
2023,ELEXB,Electricity exported from the United States,VT,Vermont,37,Billion Btu
2023,ELEXB,Electricity exported from the United States,WA,Washington,34891,Billion Btu
2023,ELEXB,Electricity exported from the United States,WI,Wisconsin,0,Billion Btu
2023,ELEXB,Electricity exported from the United States,WV,West Virginia,0,Billion Btu
2023,ELEXD,Electricity exports average price,IL,Illinois,0,Dollars per million Btu
2023,ELEXD,Electricity exports average price,IN,Indiana,0,Dollars per million Btu
2023,ELEXD,Electricity exports average price,KS,Kansas,0,Dollars per million Btu
2023,ELEXD,Electricity exports average price,KY,Kentucky,0,Dollars per million Btu
2023,ELEXD,Electricity exports average price,ND,North Dakota,21.03,Dollars per million Btu
2023,ELEXB,Electricity exported from the United States,NY,New York,6215,Billion Btu
2023,ELEXP,Electricity exported from the United States,NJ,New Jersey,0,Million kilowatthours
2023,ELEXP,Electricity exported from the United States,NM,New Mexico,0,Million kilowatthours
2023,ELEXP,Electricity exported from the United States,NV,Nevada,0,Million kilowatthours
2023,ELEXP,Electricity exported from the United States,RI,Rhode Island,0,Million kilowatthours
2023,ELEXP,Electricity exported from the United States,SC,South Carolina,0,Million kilowatthours
2023,ELEXP,Electricity exported from the United States,SD,South Dakota,0,Million kilowatthours
2023,ELEXD,Electricity exports average price,LA,Louisiana,0,Dollars per million Btu
2023,ELEXD,Electricity exports average price,US,United States,21.03,Dollars per million Btu
2023,ELEXD,Electricity exports average price,UT,Utah,0,Dollars per million Btu
2023,ELEXD,Electricity exports average price,VA,Virginia,0,Dollars per million Btu
2023,ELEXD,Electricity exports average price,VT,Vermont,21.03,Dollars per million Btu
2023,ELEXP,Electricity exported from the United States,NY,New York,1822,Million kilowatthours
2023,ELEXP,Electricity exported from the United States,TN,Tennessee,0,Million kilowatthours
2023,ELEXD,Electricity exports average price,MN,Minnesota,21.03,Dollars per million Btu
2023,ELEXD,Electricity exports average price,WA,Washington,21.03,Dollars per million Btu
2023,ELEXD,Electricity exports average price,WI,Wisconsin,0,Dollars per million Btu
2023,ELEXD,Electricity exports average price,WV,West Virginia,0,Dollars per million Btu
2023,ELEXD,Electricity exports average price,WY,Wyoming,0,Dollars per million Btu
2023,ELEXB,Electricity exported from the United States,GA,Georgia,0,Billion Btu
2023,ELEXB,Electricity exported from the United States,HI,Hawaii,0,Billion Btu
2023,ELEXB,Electricity exported from the United States,IA,Iowa,0,Billion Btu
2023,ELEXB,Electricity exported from the United States,ID,Idaho,0,Billion Btu
2023,ELEXD,Electricity exports average price,NE,Nebraska,0,Dollars per million Btu
2023,ELEXD,Electricity exports average price,NH,New Hampshire,0,Dollars per million Btu
2023,ELEXD,Electricity exports average price,NJ,New Jersey,0,Dollars per million Btu
2023,ELEXD,Electricity exports average price,NM,New Mexico,0,Dollars per million Btu
2023,ELEXB,Electricity exported from the United States,OH,Ohio,0,Billion Btu
2023,ELEXB,Electricity exported from the United States,OK,Oklahoma,0,Billion Btu
2023,ELEXB,Electricity exported from the United States,OR,Oregon,0,Billion Btu
2023,ELNIP,Net imports of electricity into the United States,MD,Maryland,0,Million kilowatthours
2023,ELNIB,Net imports of electricity into the United States,MA,Massachusetts,0,Billion Btu
2023,ELNIP,Net imports of electricity into the United States,NY,New York,5776,Million kilowatthours
2023,ELNIP,Net imports of electricity into the United States,OH,Ohio,0,Million kilowatthours
2023,ELNIP,Net imports of electricity into the United States,OK,Oklahoma,0,Million kilowatthours
2023,ELNIB,Net imports of electricity into the United States,OK,Oklahoma,0,Billion Btu
2023,ELNIP,Net imports of electricity into the United States,WY,Wyoming,0,Million kilowatthours
2023,ELVHN,Total electric vehicle (EV) light-duty stocks,AK,Alaska,3.4,Thousands of registered vehicles
2023,ELVHN,Total electric vehicle (EV) light-duty stocks,AL,Alabama,17.5,Thousands of registered vehicles
2023,ELVHN,Total electric vehicle (EV) light-duty stocks,AR,Arkansas,9.6,Thousands of registered vehicles
2023,ELVHN,Total electric vehicle (EV) light-duty stocks,AZ,Arizona,108.5,Thousands of registered vehicles
2023,ELVHN,Total electric vehicle (EV) light-duty stocks,CA,California,1564.5,Thousands of registered vehicles
2023,ELVHN,Total electric vehicle (EV) light-duty stocks,CO,Colorado,119.2,Thousands of registered vehicles
2023,ELVHN,Total electric vehicle (EV) light-duty stocks,CT,Connecticut,46.4,Thousands of registered vehicles
2023,ELVHN,Total electric vehicle (EV) light-duty stocks,DC,District of Columbia,11.1,Thousands of registered vehicles
2023,ELVHN,Total electric vehicle (EV) light-duty stocks,DE,Delaware,11.3,Thousands of registered vehicles
2023,ELVHN,Total electric vehicle (EV) light-duty stocks,FL,Florida,294.5,Thousands of registered vehicles
2023,ELVHN,Total electric vehicle (EV) light-duty stocks,GA,Georgia,108.4,Thousands of registered vehicles
2023,ELVHN,Total electric vehicle (EV) light-duty stocks,HI,Hawaii,30.9,Thousands of registered vehicles
2023,ELVHN,Total electric vehicle (EV) light-duty stocks,IA,Iowa,14,Thousands of registered vehicles
2023,ELVHN,Total electric vehicle (EV) light-duty stocks,ID,Idaho,12.2,Thousands of registered vehicles
2023,ELVHN,Total electric vehicle (EV) light-duty stocks,IL,Illinois,124.7,Thousands of registered vehicles
2023,ELVHN,Total electric vehicle (EV) light-duty stocks,IN,Indiana,36.4,Thousands of registered vehicles
2023,ELVHN,Total electric vehicle (EV) light-duty stocks,KS,Kansas,15.7,Thousands of registered vehicles
2023,ELVHN,Total electric vehicle (EV) light-duty stocks,KY,Kentucky,16,Thousands of registered vehicles
2023,ELVHS,Electric vehicle (EV) share of total light-duty vehicles,NJ,New Jersey,2.4,Percent
2023,ELVHS,Electric vehicle (EV) share of total light-duty vehicles,NM,New Mexico,.8,Percent
2023,ELVHS,Electric vehicle (EV) share of total light-duty vehicles,NV,Nevada,2.3,Percent
2023,ELVHS,Electric vehicle (EV) share of total light-duty vehicles,NY,New York,2,Percent
2023,ELNIB,Net imports of electricity into the United States,CO,Colorado,0,Billion Btu
2023,ELNIB,Net imports of electricity into the United States,CT,Connecticut,0,Billion Btu
2023,ELNIB,Net imports of electricity into the United States,MD,Maryland,0,Billion Btu
2023,ELNIB,Net imports of electricity into the United States,ME,Maine,7047,Billion Btu
2023,ELNIB,Net imports of electricity into the United States,MI,Michigan,2856,Billion Btu
2023,ELNIP,Net imports of electricity into the United States,AK,Alaska,0,Million kilowatthours
2023,ELVHS,Electric vehicle (EV) share of total light-duty vehicles,RI,Rhode Island,1.3,Percent
2023,ELVHS,Electric vehicle (EV) share of total light-duty vehicles,SC,South Carolina,.6,Percent
2023,ELVHS,Electric vehicle (EV) share of total light-duty vehicles,SD,South Dakota,.3,Percent
2023,ELVHS,Electric vehicle (EV) share of total light-duty vehicles,TN,Tennessee,.7,Percent
2023,ELVHS,Electric vehicle (EV) share of total light-duty vehicles,TX,Texas,1.1,Percent
2023,ELVHS,Electric vehicle (EV) share of total light-duty vehicles,US,United States,1.7,Percent
2023,ELVHS,Electric vehicle (EV) share of total light-duty vehicles,UT,Utah,1.8,Percent
2023,ELVHS,Electric vehicle (EV) share of total light-duty vehicles,VA,Virginia,1.5,Percent
2023,ELVHS,Electric vehicle (EV) share of total light-duty vehicles,VT,Vermont,2.3,Percent
2023,ELVHS,Electric vehicle (EV) share of total light-duty vehicles,WA,Washington,2.9,Percent
2023,ELVHS,Electric vehicle (EV) share of total light-duty vehicles,WI,Wisconsin,.7,Percent
2023,ELVHS,Electric vehicle (EV) share of total light-duty vehicles,WV,West Virginia,.3,Percent
2023,ELVHS,Electric vehicle (EV) share of total light-duty vehicles,WY,Wyoming,.3,Percent
2023,ELNIB,Net imports of electricity into the United States,DC,District of Columbia,0,Billion Btu
2023,ELNIP,Net imports of electricity into the United States,MI,Michigan,837,Million kilowatthours
2023,ELNIP,Net imports of electricity into the United States,MN,Minnesota,5958,Million kilowatthours
2023,ELNIP,Net imports of electricity into the United States,MO,Missouri,0,Million kilowatthours
2023,ELNIB,Net imports of electricity into the United States,MN,Minnesota,20330,Billion Btu
2023,ELNIP,Net imports of electricity into the United States,RI,Rhode Island,0,Million kilowatthours
2023,ELNIP,Net imports of electricity into the United States,SC,South Carolina,0,Million kilowatthours
2023,ELNIP,Net imports of electricity into the United States,SD,South Dakota,0,Million kilowatthours
2023,ELNIB,Net imports of electricity into the United States,SC,South Carolina,0,Billion Btu
2023,ELVHN,Total electric vehicle (EV) light-duty stocks,MT,Montana,6.6,Thousands of registered vehicles
2023,ELVHN,Total electric vehicle (EV) light-duty stocks,NC,North Carolina,88.1,Thousands of registered vehicles
2023,ELVHN,Total electric vehicle (EV) light-duty stocks,ND,North Dakota,1.7,Thousands of registered vehicles
2023,ELVHN,Total electric vehicle (EV) light-duty stocks,NE,Nebraska,9.9,Thousands of registered vehicles
2023,ELVHN,Total electric vehicle (EV) light-duty stocks,NH,New Hampshire,15.3,Thousands of registered vehicles
2023,ELVHN,Total electric vehicle (EV) light-duty stocks,NJ,New Jersey,165,Thousands of registered vehicles
2023,ELVHN,Total electric vehicle (EV) light-duty stocks,NM,New Mexico,14.2,Thousands of registered vehicles
2023,ELVHN,Total electric vehicle (EV) light-duty stocks,NV,Nevada,54.7,Thousands of registered vehicles
2023,ELVHN,Total electric vehicle (EV) light-duty stocks,NY,New York,207,Thousands of registered vehicles
2023,ELVHN,Total electric vehicle (EV) light-duty stocks,OH,Ohio,69.3,Thousands of registered vehicles
2023,ESACB,Electricity consumed by (sales to ultimate customers in) the transportation sector,SD,South Dakota,0,Billion Btu
2023,ESACD,Electricity price in the transportation sector,CA,California,38.13,Dollars per million Btu
2023,ESACD,Electricity price in the transportation sector,CO,Colorado,38.77,Dollars per million Btu
2023,ESACD,Electricity price in the transportation sector,CT,Connecticut,63.15,Dollars per million Btu
2023,ESACD,Electricity price in the transportation sector,DC,District of Columbia,29.12,Dollars per million Btu
2023,ESACD,Electricity price in the transportation sector,DE,Delaware,0,Dollars per million Btu
2023,ESACP,Electricity consumed by (sales to ultimate customers in) the transportation sector,ME,Maine,0,Million kilowatthours
2023,ESACP,Electricity consumed by (sales to ultimate customers in) the transportation sector,MI,Michigan,5,Million kilowatthours
2023,ESACP,Electricity consumed by (sales to ultimate customers in) the transportation sector,MN,Minnesota,18,Million kilowatthours
2023,ESACP,Electricity consumed by (sales to ultimate customers in) the transportation sector,MO,Missouri,24,Million kilowatthours
2023,ESACD,Electricity price in the transportation sector,NC,North Carolina,25.98,Dollars per million Btu
2023,ESACD,Electricity price in the transportation sector,ND,North Dakota,0,Dollars per million Btu
2023,ESACP,Electricity consumed by (sales to ultimate customers in) the transportation sector,PA,Pennsylvania,434,Million kilowatthours
2023,ESACP,Electricity consumed by (sales to ultimate customers in) the transportation sector,RI,Rhode Island,26,Million kilowatthours
2023,ESACP,Electricity consumed by (sales to ultimate customers in) the transportation sector,SC,South Carolina,0,Million kilowatthours
2023,ESACB,Electricity consumed by (sales to ultimate customers in) the transportation sector,TN,Tennessee,0,Billion Btu
2023,ESACP,Electricity consumed by (sales to ultimate customers in) the transportation sector,CO,Colorado,90,Million kilowatthours
2023,ESACP,Electricity consumed by (sales to ultimate customers in) the transportation sector,CT,Connecticut,179,Million kilowatthours
2023,ESACP,Electricity consumed by (sales to ultimate customers in) the transportation sector,DC,District of Columbia,301,Million kilowatthours
2023,ELEXB,Electricity exported from the United States,AL,Alabama,0,Billion Btu
2023,ELEXB,Electricity exported from the United States,AR,Arkansas,0,Billion Btu
2023,ELEXB,Electricity exported from the United States,AZ,Arizona,13,Billion Btu
2023,ELEXB,Electricity exported from the United States,CA,California,4087,Billion Btu
2023,ESACP,Electricity consumed by (sales to ultimate customers in) the transportation sector,MS,Mississippi,0,Million kilowatthours
2023,ESACP,Electricity consumed by (sales to ultimate customers in) the transportation sector,SD,South Dakota,0,Million kilowatthours
2023,ESACP,Electricity consumed by (sales to ultimate customers in) the transportation sector,DE,Delaware,0,Million kilowatthours
2023,ESACP,Electricity consumed by (sales to ultimate customers in) the transportation sector,VA,Virginia,240,Million kilowatthours
2023,ESACP,Electricity consumed by (sales to ultimate customers in) the transportation sector,VT,Vermont,0,Million kilowatthours
2023,ESACP,Electricity consumed by (sales to ultimate customers in) the transportation sector,WA,Washington,86,Million kilowatthours
2023,ESACP,Electricity consumed by (sales to ultimate customers in) the transportation sector,WI,Wisconsin,1,Million kilowatthours
2023,ESACB,Electricity consumed by (sales to ultimate customers in) the transportation sector,GA,Georgia,492,Billion Btu
2023,ESACB,Electricity consumed by (sales to ultimate customers in) the transportation sector,HI,Hawaii,0,Billion Btu
2023,ESACB,Electricity consumed by (sales to ultimate customers in) the transportation sector,IA,Iowa,0,Billion Btu
2023,BDRCP,Biodiesel consumed by the residential sector,SD,South Dakota,0,Thousand barrels
2023,BDTCP,Biodiesel total consumption,MA,Massachusetts,349,Thousand barrels
2023,EVCHN,Total charging ports for electric vehicles,LA,Louisiana,750,Number
2023,EVCHN,Total charging ports for electric vehicles,MA,Massachusetts,8076,Number
2023,EVCHN,Total charging ports for electric vehicles,MD,Maryland,5632,Number
2023,EVCHN,Total charging ports for electric vehicles,ME,Maine,1170,Number
2023,EVCHN,Total charging ports for electric vehicles,MI,Michigan,3665,Number
2023,EVCHN,Total charging ports for electric vehicles,MN,Minnesota,2132,Number
2023,EVCHN,Total charging ports for electric vehicles,MO,Missouri,2908,Number
2023,EVCHN,Total charging ports for electric vehicles,MS,Mississippi,555,Number
2023,EVCHN,Total charging ports for electric vehicles,MT,Montana,391,Number
2023,EV0CN,Legacy charging ports for electric vehicles,IA,Iowa,0,Number
2023,EV0CN,Legacy charging ports for electric vehicles,ID,Idaho,0,Number
2023,EV0CN,Legacy charging ports for electric vehicles,IL,Illinois,0,Number
2023,EV0CN,Legacy charging ports for electric vehicles,IN,Indiana,0,Number
2023,EV0CN,Legacy charging ports for electric vehicles,KS,Kansas,0,Number
2023,EV0CN,Legacy charging ports for electric vehicles,KY,Kentucky,0,Number
2023,EV0CN,Legacy charging ports for electric vehicles,LA,Louisiana,0,Number
2023,EV0CN,Legacy charging ports for electric vehicles,MA,Massachusetts,0,Number
2023,EV0CN,Legacy charging ports for electric vehicles,MD,Maryland,0,Number
2023,EV0CN,Legacy charging ports for electric vehicles,ME,Maine,0,Number
2023,EV0CN,Legacy charging ports for electric vehicles,MI,Michigan,7,Number
2023,EV0CN,Legacy charging ports for electric vehicles,MN,Minnesota,0,Number
2023,EV0CN,Legacy charging ports for electric vehicles,MO,Missouri,0,Number
2023,EV0CN,Legacy charging ports for electric vehicles,MS,Mississippi,0,Number
2023,EV0CN,Legacy charging ports for electric vehicles,MT,Montana,0,Number
2023,EV0CN,Legacy charging ports for electric vehicles,NC,North Carolina,0,Number
2023,EV0CN,Legacy charging ports for electric vehicles,ND,North Dakota,0,Number
2023,EV0CN,Legacy charging ports for electric vehicles,NE,Nebraska,0,Number
2023,EV0CN,Legacy charging ports for electric vehicles,NH,New Hampshire,0,Number
2023,ESCCD,Electricity price in the commercial sector,NY,New York,52.8,Dollars per million Btu
2023,ESCCD,Electricity price in the commercial sector,OH,Ohio,31.52,Dollars per million Btu
2023,EV2CN,Level 2 charging ports for electric vehicles,NV,Nevada,1684,Number
2023,EV2CN,Level 2 charging ports for electric vehicles,NY,New York,15015,Number
2023,EV2CN,Level 2 charging ports for electric vehicles,OH,Ohio,3171,Number
2023,EV2CN,Level 2 charging ports for electric vehicles,OK,Oklahoma,567,Number
2023,LDVHN,Total (all fuels) vehicle light-duty stocks,CA,California,33979.9,Thousands of registered vehicles
2023,LDVHN,Total (all fuels) vehicle light-duty stocks,CO,Colorado,5017.9,Thousands of registered vehicles
2023,LDVHN,Total (all fuels) vehicle light-duty stocks,CT,Connecticut,2716.2,Thousands of registered vehicles
2023,LDVHN,Total (all fuels) vehicle light-duty stocks,DC,District of Columbia,287.8,Thousands of registered vehicles
2023,LDVHN,Total (all fuels) vehicle light-duty stocks,DE,Delaware,843.4,Thousands of registered vehicles
2023,LDVHN,Total (all fuels) vehicle light-duty stocks,FL,Florida,17135.7,Thousands of registered vehicles
2023,NGGBP,Natural gas generating units net summer capacity in all sectors,IN,Indiana,8117,Thousand kilowatts
2023,NGGBP,Natural gas generating units net summer capacity in all sectors,KS,Kansas,3852,Thousand kilowatts
2023,NGGBP,Natural gas generating units net summer capacity in all sectors,KY,Kentucky,7872,Thousand kilowatts
2023,NGGBP,Natural gas generating units net summer capacity in all sectors,LA,Louisiana,18394,Thousand kilowatts
2023,NGGBP,Natural gas generating units net summer capacity in all sectors,MA,Massachusetts,6489,Thousand kilowatts
2023,NGGBP,Natural gas generating units net summer capacity in all sectors,MD,Maryland,5633,Thousand kilowatts
2023,NGGBP,Natural gas generating units net summer capacity in all sectors,ME,Maine,1598,Thousand kilowatts
2023,NGGBP,Natural gas generating units net summer capacity in all sectors,MI,Michigan,13775,Thousand kilowatts
2023,NGGBP,Natural gas generating units net summer capacity in all sectors,MN,Minnesota,5500,Thousand kilowatts
2023,NGGBP,Natural gas generating units net summer capacity in all sectors,MO,Missouri,5486,Thousand kilowatts
2023,NGGBP,Natural gas generating units net summer capacity in all sectors,MS,Mississippi,11266,Thousand kilowatts
2023,NGGBP,Natural gas generating units net summer capacity in all sectors,MT,Montana,388,Thousand kilowatts
2023,NGGBP,Natural gas generating units net summer capacity in all sectors,NC,North Carolina,16275,Thousand kilowatts
2023,NGGBP,Natural gas generating units net summer capacity in all sectors,ND,North Dakota,658,Thousand kilowatts
2023,NGGBP,Natural gas generating units net summer capacity in all sectors,NE,Nebraska,1964,Thousand kilowatts
2023,NGGBP,Natural gas generating units net summer capacity in all sectors,NH,New Hampshire,1232,Thousand kilowatts
2023,NGGBP,Natural gas generating units net summer capacity in all sectors,NJ,New Jersey,11178,Thousand kilowatts
2023,NGGBP,Natural gas generating units net summer capacity in all sectors,NM,New Mexico,3263,Thousand kilowatts
2023,NGGBP,Natural gas generating units net summer capacity in all sectors,NV,Nevada,7336,Thousand kilowatts
2023,NGGBP,Natural gas generating units net summer capacity in all sectors,NY,New York,22330,Thousand kilowatts
2023,NGGBP,Natural gas generating units net summer capacity in all sectors,OH,Ohio,16378,Thousand kilowatts
2023,NGGBP,Natural gas generating units net summer capacity in all sectors,OK,Oklahoma,14886,Thousand kilowatts
2023,NGGBP,Natural gas generating units net summer capacity in all sectors,OR,Oregon,3762,Thousand kilowatts
2023,NGGBP,Natural gas generating units net summer capacity in all sectors,PA,Pennsylvania,26857,Thousand kilowatts
2023,NGGBP,Natural gas generating units net summer capacity in all sectors,RI,Rhode Island,1773,Thousand kilowatts
2023,NGGBP,Natural gas generating units net summer capacity in all sectors,SC,South Carolina,6561,Thousand kilowatts
2023,NGGBP,Natural gas generating units net summer capacity in all sectors,SD,South Dakota,1260,Thousand kilowatts
2023,NGGBP,Natural gas generating units net summer capacity in all sectors,TN,Tennessee,5994,Thousand kilowatts
2023,NGGBP,Natural gas generating units net summer capacity in all sectors,TX,Texas,72105,Thousand kilowatts
2023,NGGBP,Natural gas generating units net summer capacity in all sectors,US,United States,507536,Thousand kilowatts
2023,NGGBP,Natural gas generating units net summer capacity in all sectors,UT,Utah,2693,Thousand kilowatts
2023,NGGBP,Natural gas generating units net summer capacity in all sectors,VA,Virginia,13727,Thousand kilowatts
2023,NGGBP,Natural gas generating units net summer capacity in all sectors,VT,Vermont,0,Thousand kilowatts
2023,NGGBP,Natural gas generating units net summer capacity in all sectors,WA,Washington,3375,Thousand kilowatts
2023,NGGBP,Natural gas generating units net summer capacity in all sectors,WI,Wisconsin,7309,Thousand kilowatts
2023,NGGBP,Natural gas generating units net summer capacity in all sectors,WV,West Virginia,1205,Thousand kilowatts
2023,NGGBP,Natural gas generating units net summer capacity in all sectors,WY,Wyoming,595,Thousand kilowatts
2023,NGGBP,Natural gas generating units net summer capacity in all sectors,AK,Alaska,1258,Thousand kilowatts
2023,NGGBP,Natural gas generating units net summer capacity in all sectors,AL,Alabama,16363,Thousand kilowatts
2023,NGGBP,Natural gas generating units net summer capacity in all sectors,AR,Arkansas,6132,Thousand kilowatts
2023,NGGBP,Natural gas generating units net summer capacity in all sectors,AZ,Arizona,14341,Thousand kilowatts
2023,NGGBP,Natural gas generating units net summer capacity in all sectors,CA,California,36170,Thousand kilowatts
2023,NGGBP,Natural gas generating units net summer capacity in all sectors,CO,Colorado,6488,Thousand kilowatts
2023,NGGBP,Natural gas generating units net summer capacity in all sectors,CT,Connecticut,5064,Thousand kilowatts
2023,NGGBP,Natural gas generating units net summer capacity in all sectors,DC,District of Columbia,21,Thousand kilowatts
2023,NGGBP,Natural gas generating units net summer capacity in all sectors,DE,Delaware,2534,Thousand kilowatts
2023,NGGBP,Natural gas generating units net summer capacity in all sectors,FL,Florida,49735,Thousand kilowatts
2023,NGGBP,Natural gas generating units net summer capacity in all sectors,GA,Georgia,16486,Thousand kilowatts
2023,NGGBP,Natural gas generating units net summer capacity in all sectors,HI,Hawaii,0,Thousand kilowatts
2023,NGGBP,Natural gas generating units net summer capacity in all sectors,IA,Iowa,3704,Thousand kilowatts
2023,NGGBP,Natural gas generating units net summer capacity in all sectors,ID,Idaho,1237,Thousand kilowatts
2023,NGGBP,Natural gas generating units net summer capacity in all sectors,IL,Illinois,16917,Thousand kilowatts
2023,NTCAS,Natural gas turbine generating units capacity factor,GA,Georgia,4.9,Percent
2023,NTCAS,Natural gas turbine generating units capacity factor,HI,Hawaii,0,Percent
2023,NTCAS,Natural gas turbine generating units capacity factor,IA,Iowa,7.2,Percent
2023,NTCAS,Natural gas turbine generating units capacity factor,ID,Idaho,38.9,Percent
2023,NTCAS,Natural gas turbine generating units capacity factor,IL,Illinois,4.1,Percent
2023,NTCAS,Natural gas turbine generating units capacity factor,IN,Indiana,11.7,Percent
2023,NTCAS,Natural gas turbine generating units capacity factor,KS,Kansas,13.3,Percent
2023,NTCAS,Natural gas turbine generating units capacity factor,KY,Kentucky,4.7,Percent
2023,NTCAS,Natural gas turbine generating units capacity factor,LA,Louisiana,38.6,Percent
2023,NTCAS,Natural gas turbine generating units capacity factor,MA,Massachusetts,22.4,Percent
2023,NTCAS,Natural gas turbine generating units capacity factor,MD,Maryland,7,Percent
2023,NTCAS,Natural gas turbine generating units capacity factor,ME,Maine,4.6,Percent
2023,NTCAS,Natural gas turbine generating units capacity factor,MI,Michigan,28.6,Percent
2023,NTCAS,Natural gas turbine generating units capacity factor,MN,Minnesota,8.6,Percent
2023,NTCAS,Natural gas turbine generating units capacity factor,MO,Missouri,7.3,Percent
2023,NTCAS,Natural gas turbine generating units capacity factor,MS,Mississippi,18.6,Percent
2023,NTCAS,Natural gas turbine generating units capacity factor,MT,Montana,31.3,Percent
2023,NTCAS,Natural gas turbine generating units capacity factor,NC,North Carolina,6.5,Percent
2023,NTCAS,Natural gas turbine generating units capacity factor,ND,North Dakota,42,Percent
2023,NTCAS,Natural gas turbine generating units capacity factor,NE,Nebraska,5.4,Percent
2023,NTCAS,Natural gas turbine generating units capacity factor,NH,New Hampshire,82,Percent
2023,NTCAS,Natural gas turbine generating units capacity factor,NJ,New Jersey,8.6,Percent
2023,NTCAS,Natural gas turbine generating units capacity factor,NM,New Mexico,28.3,Percent
2023,NTCAS,Natural gas turbine generating units capacity factor,NV,Nevada,5.2,Percent
2023,BDCCB,Biodiesel consumed by the commercial sector,PA,Pennsylvania,0,Billion Btu
2023,BDCCP,Biodiesel consumed by the commercial sector,LA,Louisiana,0,Thousand barrels
2023,BDCCP,Biodiesel consumed by the commercial sector,NJ,New Jersey,0,Thousand barrels
2023,NUETB,"Nuclear energy consumed for electricity generation, total",WY,Wyoming,0,Billion Btu
2023,NUETP,Nuclear electricity total net generation,PA,Pennsylvania,75305,Million kilowatthours
2023,NUETP,Nuclear electricity total net generation,RI,Rhode Island,0,Million kilowatthours
2023,NUEGP,Nuclear electricity net generation in the electric power sector,VA,Virginia,29663,Million kilowatthours
2023,NUEGP,Nuclear electricity net generation in the electric power sector,NJ,New Jersey,28335,Million kilowatthours
2023,NUEGP,Nuclear electricity net generation in the electric power sector,NM,New Mexico,0,Million kilowatthours
2023,NUEGP,Nuclear electricity net generation in the electric power sector,NV,Nevada,0,Million kilowatthours
2023,NUEGV,Nuclear fuel expenditures in the electric power sector,IA,Iowa,0,Million dollars
2023,NUEGV,Nuclear fuel expenditures in the electric power sector,ID,Idaho,0,Million dollars
2023,NUETP,Nuclear electricity total net generation,CO,Colorado,0,Million kilowatthours
2023,NUETP,Nuclear electricity total net generation,CT,Connecticut,13669,Million kilowatthours
2023,NUETP,Nuclear electricity total net generation,DC,District of Columbia,0,Million kilowatthours
2023,NUEGD,Nuclear fuel price in the electric power sector,RI,Rhode Island,0,Dollars per million Btu
2023,NUEGD,Nuclear fuel price in the electric power sector,SC,South Carolina,.55,Dollars per million Btu
2023,NUETD,"Nuclear fuel average price, all sectors",AK,Alaska,0,Dollars per million Btu
2023,NUETD,"Nuclear fuel average price, all sectors",AL,Alabama,.66,Dollars per million Btu
2023,NUETD,"Nuclear fuel average price, all sectors",AR,Arkansas,.47,Dollars per million Btu
2023,NUEGB,Nuclear energy consumed for electricity generation by the electric power sector,MN,Minnesota,124626,Billion Btu
2023,NUEGB,Nuclear energy consumed for electricity generation by the electric power sector,MO,Missouri,95947,Billion Btu
2023,NUEGB,Nuclear energy consumed for electricity generation by the electric power sector,SC,South Carolina,581365,Billion Btu
2023,NUEGB,Nuclear energy consumed for electricity generation by the electric power sector,SD,South Dakota,0,Billion Btu
2023,NUCAS,Nuclear generating units capacity factor,MT,Montana,0,Percent
2023,NUCAS,Nuclear generating units capacity factor,NC,North Carolina,93.9,Percent
2023,NUCAS,Nuclear generating units capacity factor,ND,North Dakota,0,Percent
2023,NUCAS,Nuclear generating units capacity factor,NE,Nebraska,102.9,Percent
2023,NUCAS,Nuclear generating units capacity factor,NH,New Hampshire,87.4,Percent
2023,NUCAS,Nuclear generating units capacity factor,NJ,New Jersey,93.6,Percent
2023,NUEGV,Nuclear fuel expenditures in the electric power sector,AL,Alabama,312.3,Million dollars
2023,NUEGV,Nuclear fuel expenditures in the electric power sector,AR,Arkansas,72.9,Million dollars
2023,NUETB,"Nuclear energy consumed for electricity generation, total",HI,Hawaii,0,Billion Btu
2023,NUEGV,Nuclear fuel expenditures in the electric power sector,MA,Massachusetts,0,Million dollars
2023,NUEGV,Nuclear fuel expenditures in the electric power sector,MD,Maryland,92.2,Million dollars
2023,NUEGV,Nuclear fuel expenditures in the electric power sector,ME,Maine,0,Million dollars
2023,NUETB,"Nuclear energy consumed for electricity generation, total",NC,North Carolina,442493,Billion Btu
2023,NUEGD,Nuclear fuel price in the electric power sector,VA,Virginia,.59,Dollars per million Btu
2023,NUEGD,Nuclear fuel price in the electric power sector,VT,Vermont,0,Dollars per million Btu
2023,NUEGD,Nuclear fuel price in the electric power sector,WA,Washington,.66,Dollars per million Btu
2023,NUEGV,Nuclear fuel expenditures in the electric power sector,OK,Oklahoma,0,Million dollars
2023,NUEGV,Nuclear fuel expenditures in the electric power sector,OR,Oregon,0,Million dollars
2023,NUEGP,Nuclear electricity net generation in the electric power sector,MN,Minnesota,11924,Million kilowatthours
2023,NUEGP,Nuclear electricity net generation in the electric power sector,MO,Missouri,9180,Million kilowatthours
2023,NUEGP,Nuclear electricity net generation in the electric power sector,MS,Mississippi,11750,Million kilowatthours
2023,NUETD,"Nuclear fuel average price, all sectors",FL,Florida,.49,Dollars per million Btu
2023,NUETB,"Nuclear energy consumed for electricity generation, total",IA,Iowa,0,Billion Btu
2023,NUETB,"Nuclear energy consumed for electricity generation, total",ID,Idaho,0,Billion Btu
2023,NUETB,"Nuclear energy consumed for electricity generation, total",IL,Illinois,1019691,Billion Btu
2023,NUETD,"Nuclear fuel average price, all sectors",ND,North Dakota,0,Dollars per million Btu
2023,NUETD,"Nuclear fuel average price, all sectors",NE,Nebraska,.66,Dollars per million Btu
2023,NUETB,"Nuclear energy consumed for electricity generation, total",ND,North Dakota,0,Billion Btu
2023,NUETB,"Nuclear energy consumed for electricity generation, total",NE,Nebraska,72391,Billion Btu
2023,NUETB,"Nuclear energy consumed for electricity generation, total",NH,New Hampshire,99658,Billion Btu
2023,NUETD,"Nuclear fuel average price, all sectors",WA,Washington,.66,Dollars per million Btu
2023,NUETD,"Nuclear fuel average price, all sectors",WI,Wisconsin,.59,Dollars per million Btu
2023,NUEGV,Nuclear fuel expenditures in the electric power sector,PA,Pennsylvania,505.1,Million dollars
2023,NUEGV,Nuclear fuel expenditures in the electric power sector,RI,Rhode Island,0,Million dollars
2023,NUEGV,Nuclear fuel expenditures in the electric power sector,SC,South Carolina,321.5,Million dollars
2023,NUETB,"Nuclear energy consumed for electricity generation, total",TX,Texas,425186,Billion Btu
2023,NUETD,"Nuclear fuel average price, all sectors",GA,Georgia,.77,Dollars per million Btu
2023,NUETD,"Nuclear fuel average price, all sectors",HI,Hawaii,0,Dollars per million Btu
2023,NUETD,"Nuclear fuel average price, all sectors",IA,Iowa,0,Dollars per million Btu
2023,NUETD,"Nuclear fuel average price, all sectors",ID,Idaho,0,Dollars per million Btu
2023,NUETP,Nuclear electricity total net generation,ND,North Dakota,0,Million kilowatthours
2023,NUETD,"Nuclear fuel average price, all sectors",NH,New Hampshire,.59,Dollars per million Btu
2023,NUETD,"Nuclear fuel average price, all sectors",NJ,New Jersey,.61,Dollars per million Btu
2023,NUETD,"Nuclear fuel average price, all sectors",NM,New Mexico,0,Dollars per million Btu
2023,NUETP,Nuclear electricity total net generation,US,United States,774873,Million kilowatthours
2023,NUETP,Nuclear electricity total net generation,UT,Utah,0,Million kilowatthours
2023,NUETB,"Nuclear energy consumed for electricity generation, total",AK,Alaska,0,Billion Btu
2023,NUETB,"Nuclear energy consumed for electricity generation, total",AL,Alabama,476392,Billion Btu
2023,NUCAS,Nuclear generating units capacity factor,NM,New Mexico,0,Percent
2023,NUCAS,Nuclear generating units capacity factor,NV,Nevada,0,Percent
2023,NUEGD,Nuclear fuel price in the electric power sector,CA,California,.57,Dollars per million Btu
2023,NUEGD,Nuclear fuel price in the electric power sector,CO,Colorado,0,Dollars per million Btu
2023,NUEGD,Nuclear fuel price in the electric power sector,CT,Connecticut,.59,Dollars per million Btu
2023,NUEGB,Nuclear energy consumed for electricity generation by the electric power sector,FL,Florida,312935,Billion Btu
2023,NUEGB,Nuclear energy consumed for electricity generation by the electric power sector,GA,Georgia,390663,Billion Btu
2023,NUEGD,Nuclear fuel price in the electric power sector,MO,Missouri,.7,Dollars per million Btu
2023,NUEGD,Nuclear fuel price in the electric power sector,MS,Mississippi,.65,Dollars per million Btu
2023,NUEGD,Nuclear fuel price in the electric power sector,MT,Montana,0,Dollars per million Btu
2023,NUEGB,Nuclear energy consumed for electricity generation by the electric power sector,MS,Mississippi,122807,Billion Btu
2023,NUEGB,Nuclear energy consumed for electricity generation by the electric power sector,MT,Montana,0,Billion Btu
2023,NUEGB,Nuclear energy consumed for electricity generation by the electric power sector,TN,Tennessee,396522,Billion Btu
2023,NUEGB,Nuclear energy consumed for electricity generation by the electric power sector,TX,Texas,425186,Billion Btu
2023,NUEGD,Nuclear fuel price in the electric power sector,DC,District of Columbia,0,Dollars per million Btu
2023,NUEGD,Nuclear fuel price in the electric power sector,DE,Delaware,0,Dollars per million Btu
2023,NUEGD,Nuclear fuel price in the electric power sector,NC,North Carolina,.55,Dollars per million Btu
2023,NUEGD,Nuclear fuel price in the electric power sector,ND,North Dakota,0,Dollars per million Btu
2023,NUCAS,Nuclear generating units capacity factor,NY,New York,95.1,Percent
2023,NUCAS,Nuclear generating units capacity factor,OH,Ohio,86.7,Percent
2023,NUCAS,Nuclear generating units capacity factor,OK,Oklahoma,0,Percent
2023,NUCAS,Nuclear generating units capacity factor,OR,Oregon,0,Percent
2023,NUCAS,Nuclear generating units capacity factor,PA,Pennsylvania,94.5,Percent
2023,NUCAS,Nuclear generating units capacity factor,RI,Rhode Island,0,Percent
2023,NUCAS,Nuclear generating units capacity factor,SC,South Carolina,96.2,Percent
2023,NUCAS,Nuclear generating units capacity factor,SD,South Dakota,0,Percent
2023,NUCAS,Nuclear generating units capacity factor,TN,Tennessee,95.8,Percent
2023,NUEGB,Nuclear energy consumed for electricity generation by the electric power sector,HI,Hawaii,0,Billion Btu
2023,NUEGB,Nuclear energy consumed for electricity generation by the electric power sector,IA,Iowa,0,Billion Btu
2023,NUEGB,Nuclear energy consumed for electricity generation by the electric power sector,NC,North Carolina,442493,Billion Btu
2023,NUEGB,Nuclear energy consumed for electricity generation by the electric power sector,ND,North Dakota,0,Billion Btu
2023,NUEGB,Nuclear energy consumed for electricity generation by the electric power sector,US,United States,8098974,Billion Btu
2023,NUEGB,Nuclear energy consumed for electricity generation by the electric power sector,UT,Utah,0,Billion Btu
2023,NUCAS,Nuclear generating units capacity factor,TX,Texas,93.2,Percent
2023,NUCAS,Nuclear generating units capacity factor,US,United States,93,Percent
2023,NUCAS,Nuclear generating units capacity factor,UT,Utah,0,Percent
2023,NUCAS,Nuclear generating units capacity factor,VA,Virginia,94.9,Percent
2023,NUCAS,Nuclear generating units capacity factor,VT,Vermont,0,Percent
2023,NUCAS,Nuclear generating units capacity factor,WA,Washington,83.7,Percent
2023,NUCAS,Nuclear generating units capacity factor,WI,Wisconsin,93.2,Percent
2023,NUCAS,Nuclear generating units capacity factor,WV,West Virginia,0,Percent
2023,NUEGD,Nuclear fuel price in the electric power sector,FL,Florida,.49,Dollars per million Btu
2023,NUEGD,Nuclear fuel price in the electric power sector,GA,Georgia,.77,Dollars per million Btu
2023,NUEGD,Nuclear fuel price in the electric power sector,HI,Hawaii,0,Dollars per million Btu
2023,NUEGB,Nuclear energy consumed for electricity generation by the electric power sector,ID,Idaho,0,Billion Btu
2023,NUEGB,Nuclear energy consumed for electricity generation by the electric power sector,IL,Illinois,1019691,Billion Btu
2023,NUEGD,Nuclear fuel price in the electric power sector,NE,Nebraska,.66,Dollars per million Btu
2023,NUEGD,Nuclear fuel price in the electric power sector,NH,New Hampshire,.59,Dollars per million Btu
2023,NUEGV,Nuclear fuel expenditures in the electric power sector,MO,Missouri,67.5,Million dollars
2023,NUEGV,Nuclear fuel expenditures in the electric power sector,MS,Mississippi,79.8,Million dollars
2023,NUEGV,Nuclear fuel expenditures in the electric power sector,MT,Montana,0,Million dollars
2023,NUETB,"Nuclear energy consumed for electricity generation, total",NJ,New Jersey,296162,Billion Btu
2023,NUEGD,Nuclear fuel price in the electric power sector,WV,West Virginia,0,Dollars per million Btu
2023,NUEGD,Nuclear fuel price in the electric power sector,WY,Wyoming,0,Dollars per million Btu
2023,NUEGP,Nuclear electricity net generation in the electric power sector,AK,Alaska,0,Million kilowatthours
2023,NUEGV,Nuclear fuel expenditures in the electric power sector,SD,South Dakota,0,Million dollars
2023,NUEGV,Nuclear fuel expenditures in the electric power sector,TN,Tennessee,233.3,Million dollars
2023,NUETD,"Nuclear fuel average price, all sectors",IN,Indiana,0,Dollars per million Btu
2023,NUETD,"Nuclear fuel average price, all sectors",KS,Kansas,.62,Dollars per million Btu
2023,NUETD,"Nuclear fuel average price, all sectors",KY,Kentucky,0,Dollars per million Btu
2023,NUETD,"Nuclear fuel average price, all sectors",LA,Louisiana,.57,Dollars per million Btu
2023,NUETD,"Nuclear fuel average price, all sectors",AZ,Arizona,.64,Dollars per million Btu
2023,NUETP,Nuclear electricity total net generation,MD,Maryland,14984,Million kilowatthours
2023,NUEGP,Nuclear electricity net generation in the electric power sector,VT,Vermont,0,Million kilowatthours
2023,NUEGP,Nuclear electricity net generation in the electric power sector,WA,Washington,8435,Million kilowatthours
2023,NUEGP,Nuclear electricity net generation in the electric power sector,WI,Wisconsin,9683,Million kilowatthours
2023,NUETB,"Nuclear energy consumed for electricity generation, total",DC,District of Columbia,0,Billion Btu
2023,NUEGV,Nuclear fuel expenditures in the electric power sector,IL,Illinois,640.4,Million dollars
2023,NUEGV,Nuclear fuel expenditures in the electric power sector,IN,Indiana,0,Million dollars
2023,NUEGV,Nuclear fuel expenditures in the electric power sector,KS,Kansas,66.5,Million dollars
2023,NUEGD,Nuclear fuel price in the electric power sector,AR,Arkansas,.47,Dollars per million Btu
2023,NUEGD,Nuclear fuel price in the electric power sector,AZ,Arizona,.64,Dollars per million Btu
2023,NUCAS,Nuclear generating units capacity factor,GA,Georgia,93.9,Percent
2023,NUCAS,Nuclear generating units capacity factor,HI,Hawaii,0,Percent
2023,NUCAS,Nuclear generating units capacity factor,IA,Iowa,0,Percent
2023,NUCAS,Nuclear generating units capacity factor,ID,Idaho,0,Percent
2023,NUCAS,Nuclear generating units capacity factor,IL,Illinois,96.3,Percent
2023,NUCAS,Nuclear generating units capacity factor,IN,Indiana,0,Percent
2023,NUCAS,Nuclear generating units capacity factor,KS,Kansas,99.9,Percent
2023,NUCAS,Nuclear generating units capacity factor,KY,Kentucky,0,Percent
2023,NUEGD,Nuclear fuel price in the electric power sector,AK,Alaska,0,Dollars per million Btu
2023,NUEGD,Nuclear fuel price in the electric power sector,AL,Alabama,.66,Dollars per million Btu
2023,NUEGB,Nuclear energy consumed for electricity generation by the electric power sector,AZ,Arizona,329474,Billion Btu
2023,NUEGB,Nuclear energy consumed for electricity generation by the electric power sector,CA,California,185192,Billion Btu
2023,NUEGB,Nuclear energy consumed for electricity generation by the electric power sector,MA,Massachusetts,0,Billion Btu
2023,NUEGB,Nuclear energy consumed for electricity generation by the electric power sector,MD,Maryland,156610,Billion Btu
2023,NUEGB,Nuclear energy consumed for electricity generation by the electric power sector,OH,Ohio,169392,Billion Btu
2023,NUEGB,Nuclear energy consumed for electricity generation by the electric power sector,OK,Oklahoma,0,Billion Btu
2023,NUEGB,Nuclear energy consumed for electricity generation by the electric power sector,OR,Oregon,0,Billion Btu
2023,NUEGB,Nuclear energy consumed for electricity generation by the electric power sector,CO,Colorado,0,Billion Btu
2023,NUEGB,Nuclear energy consumed for electricity generation by the electric power sector,CT,Connecticut,142873,Billion Btu
2023,NUEGD,Nuclear fuel price in the electric power sector,MA,Massachusetts,0,Dollars per million Btu
2023,NUEGD,Nuclear fuel price in the electric power sector,MD,Maryland,.59,Dollars per million Btu
2023,NUEGD,Nuclear fuel price in the electric power sector,ME,Maine,0,Dollars per million Btu
2023,NUEGB,Nuclear energy consumed for electricity generation by the electric power sector,ME,Maine,0,Billion Btu
2023,NUEGB,Nuclear energy consumed for electricity generation by the electric power sector,MI,Michigan,292615,Billion Btu
2023,NUEGB,Nuclear energy consumed for electricity generation by the electric power sector,PA,Pennsylvania,787083,Billion Btu
2023,NUEGB,Nuclear energy consumed for electricity generation by the electric power sector,RI,Rhode Island,0,Billion Btu
2023,NUEGD,Nuclear fuel price in the electric power sector,MI,Michigan,.54,Dollars per million Btu
2023,NUEGD,Nuclear fuel price in the electric power sector,MN,Minnesota,.77,Dollars per million Btu
2023,NUCAS,Nuclear generating units capacity factor,LA,Louisiana,65.2,Percent
2023,NUCAS,Nuclear generating units capacity factor,MA,Massachusetts,0,Percent
2023,NUCAS,Nuclear generating units capacity factor,MD,Maryland,98,Percent
2023,NUCAS,Nuclear generating units capacity factor,ME,Maine,0,Percent
2023,NUCAS,Nuclear generating units capacity factor,MI,Michigan,96.3,Percent
2023,NUCAS,Nuclear generating units capacity factor,MN,Minnesota,82.1,Percent
2023,NUCAS,Nuclear generating units capacity factor,MO,Missouri,88.1,Percent
2023,NUCAS,Nuclear generating units capacity factor,MS,Mississippi,97,Percent
2023,NUEGB,Nuclear energy consumed for electricity generation by the electric power sector,DC,District of Columbia,0,Billion Btu
2023,NUEGB,Nuclear energy consumed for electricity generation by the electric power sector,DE,Delaware,0,Billion Btu
2023,NUEGD,Nuclear fuel price in the electric power sector,NJ,New Jersey,.61,Dollars per million Btu
2023,NUEGB,Nuclear energy consumed for electricity generation by the electric power sector,NE,Nebraska,72391,Billion Btu
2023,NUEGB,Nuclear energy consumed for electricity generation by the electric power sector,NH,New Hampshire,99658,Billion Btu
2023,NUEGB,Nuclear energy consumed for electricity generation by the electric power sector,VA,Virginia,310037,Billion Btu
2023,NUEGD,Nuclear fuel price in the electric power sector,IA,Iowa,0,Dollars per million Btu
2023,NUEGD,Nuclear fuel price in the electric power sector,ID,Idaho,0,Dollars per million Btu
2023,NUEGD,Nuclear fuel price in the electric power sector,NM,New Mexico,0,Dollars per million Btu
2023,NUEGD,Nuclear fuel price in the electric power sector,NV,Nevada,0,Dollars per million Btu
2023,NUCAS,Nuclear generating units capacity factor,WY,Wyoming,0,Percent
2023,NUEGB,Nuclear energy consumed for electricity generation by the electric power sector,AK,Alaska,0,Billion Btu
2023,NUEGB,Nuclear energy consumed for electricity generation by the electric power sector,IN,Indiana,0,Billion Btu
2023,NUEGB,Nuclear energy consumed for electricity generation by the electric power sector,KS,Kansas,107675,Billion Btu
2023,NUEGB,Nuclear energy consumed for electricity generation by the electric power sector,NJ,New Jersey,296162,Billion Btu
2023,NUEGB,Nuclear energy consumed for electricity generation by the electric power sector,NM,New Mexico,0,Billion Btu
2023,NUCAS,Nuclear generating units capacity factor,AK,Alaska,0,Percent
2023,NUCAS,Nuclear generating units capacity factor,AL,Alabama,95.4,Percent
2023,NUEGB,Nuclear energy consumed for electricity generation by the electric power sector,VT,Vermont,0,Billion Btu
2023,NUEGB,Nuclear energy consumed for electricity generation by the electric power sector,WA,Washington,88163,Billion Btu
2023,NUEGB,Nuclear energy consumed for electricity generation by the electric power sector,AL,Alabama,476392,Billion Btu
2023,NUEGB,Nuclear energy consumed for electricity generation by the electric power sector,AR,Arkansas,156492,Billion Btu
2023,NUEGD,Nuclear fuel price in the electric power sector,IL,Illinois,.63,Dollars per million Btu
2023,NUEGD,Nuclear fuel price in the electric power sector,IN,Indiana,0,Dollars per million Btu
2023,NUEGD,Nuclear fuel price in the electric power sector,KS,Kansas,.62,Dollars per million Btu
2023,NUEGB,Nuclear energy consumed for electricity generation by the electric power sector,KY,Kentucky,0,Billion Btu
2023,NUEGB,Nuclear energy consumed for electricity generation by the electric power sector,LA,Louisiana,127634,Billion Btu
2023,NUEGB,Nuclear energy consumed for electricity generation by the electric power sector,NV,Nevada,0,Billion Btu
2023,NUEGB,Nuclear energy consumed for electricity generation by the electric power sector,NY,New York,287690,Billion Btu
2023,NUEGB,Nuclear energy consumed for electricity generation by the electric power sector,WI,Wisconsin,101204,Billion Btu
2023,NUEGB,Nuclear energy consumed for electricity generation by the electric power sector,WV,West Virginia,0,Billion Btu
2023,NUEGB,Nuclear energy consumed for electricity generation by the electric power sector,WY,Wyoming,0,Billion Btu
2023,NUEGD,Nuclear fuel price in the electric power sector,KY,Kentucky,0,Dollars per million Btu
2023,NUEGD,Nuclear fuel price in the electric power sector,LA,Louisiana,.57,Dollars per million Btu
2023,NUCAS,Nuclear generating units capacity factor,AR,Arkansas,93.7,Percent
2023,NUCAS,Nuclear generating units capacity factor,AZ,Arizona,91.4,Percent
2023,NUCAS,Nuclear generating units capacity factor,CA,California,90.3,Percent
2023,NUCAS,Nuclear generating units capacity factor,CO,Colorado,0,Percent
2023,NUCAS,Nuclear generating units capacity factor,CT,Connecticut,75,Percent
2023,NUCAS,Nuclear generating units capacity factor,DC,District of Columbia,0,Percent
2023,NUCAS,Nuclear generating units capacity factor,DE,Delaware,0,Percent
2023,NUCAS,Nuclear generating units capacity factor,FL,Florida,93.2,Percent
2023,NUETV,Nuclear fuel total expenditures,US,United States,4949.8,Million dollars
2023,NUETV,Nuclear fuel total expenditures,UT,Utah,0,Million dollars
2023,NUETV,Nuclear fuel total expenditures,VA,Virginia,182.6,Million dollars
2023,NUETV,Nuclear fuel total expenditures,VT,Vermont,0,Million dollars
2023,NUETV,Nuclear fuel total expenditures,CO,Colorado,0,Million dollars
2023,NUETV,Nuclear fuel total expenditures,CT,Connecticut,84.1,Million dollars
2023,NUETV,Nuclear fuel total expenditures,MS,Mississippi,79.8,Million dollars
2023,NUETV,Nuclear fuel total expenditures,MT,Montana,0,Million dollars
2023,NUGBP,Nuclear generating units net summer capacity in all sectors,PA,Pennsylvania,9093,Thousand kilowatts
2023,NUGBP,Nuclear generating units net summer capacity in all sectors,RI,Rhode Island,0,Thousand kilowatts
2023,LDVHN,Total (all fuels) vehicle light-duty stocks,NC,North Carolina,8377.8,Thousands of registered vehicles
2023,LDVHN,Total (all fuels) vehicle light-duty stocks,ND,North Dakota,735.3,Thousands of registered vehicles
2023,LDVHN,Total (all fuels) vehicle light-duty stocks,NE,Nebraska,1817.7,Thousands of registered vehicles
2023,LDVHN,Total (all fuels) vehicle light-duty stocks,NH,New Hampshire,1275.9,Thousands of registered vehicles
2023,LDVHN,Total (all fuels) vehicle light-duty stocks,NJ,New Jersey,6753.6,Thousands of registered vehicles
2023,LDVHN,Total (all fuels) vehicle light-duty stocks,NM,New Mexico,1800.3,Thousands of registered vehicles
2023,LDVHN,Total (all fuels) vehicle light-duty stocks,NV,Nevada,2357,Thousands of registered vehicles
2023,LDVHN,Total (all fuels) vehicle light-duty stocks,NY,New York,10436.9,Thousands of registered vehicles
2023,LDVHN,Total (all fuels) vehicle light-duty stocks,OH,Ohio,9513.6,Thousands of registered vehicles
2023,LDVHN,Total (all fuels) vehicle light-duty stocks,OK,Oklahoma,3953.9,Thousands of registered vehicles
2023,LDVHN,Total (all fuels) vehicle light-duty stocks,OR,Oregon,3534.2,Thousands of registered vehicles
2023,LDVHN,Total (all fuels) vehicle light-duty stocks,PA,Pennsylvania,9415.6,Thousands of registered vehicles
2023,LDVHN,Total (all fuels) vehicle light-duty stocks,RI,Rhode Island,809.2,Thousands of registered vehicles
2023,LDVHN,Total (all fuels) vehicle light-duty stocks,SC,South Carolina,4649.6,Thousands of registered vehicles
2023,LDVHN,Total (all fuels) vehicle light-duty stocks,SD,South Dakota,846.5,Thousands of registered vehicles
2023,LDVHN,Total (all fuels) vehicle light-duty stocks,TN,Tennessee,6029.5,Thousands of registered vehicles
2023,LDVHN,Total (all fuels) vehicle light-duty stocks,TX,Texas,23787.2,Thousands of registered vehicles
2023,LDVHN,Total (all fuels) vehicle light-duty stocks,US,United States,264733.3,Thousands of registered vehicles
2023,LDVHN,Total (all fuels) vehicle light-duty stocks,UT,Utah,2836.6,Thousands of registered vehicles
2023,LDVHN,Total (all fuels) vehicle light-duty stocks,VA,Virginia,7121.9,Thousands of registered vehicles
2023,LDVHN,Total (all fuels) vehicle light-duty stocks,VT,Vermont,546.9,Thousands of registered vehicles
2023,LDVHN,Total (all fuels) vehicle light-duty stocks,WA,Washington,6285.2,Thousands of registered vehicles
2023,LDVHN,Total (all fuels) vehicle light-duty stocks,WI,Wisconsin,5098.3,Thousands of registered vehicles
2023,LDVHN,Total (all fuels) vehicle light-duty stocks,WV,West Virginia,1393.2,Thousands of registered vehicles
2023,LDVHN,Total (all fuels) vehicle light-duty stocks,WY,Wyoming,602,Thousands of registered vehicles
2023,LDVHN,Total (all fuels) vehicle light-duty stocks,AK,Alaska,516.2,Thousands of registered vehicles
2023,LDVHN,Total (all fuels) vehicle light-duty stocks,AL,Alabama,4459.2,Thousands of registered vehicles
2023,LDVHN,Total (all fuels) vehicle light-duty stocks,AR,Arkansas,2497.3,Thousands of registered vehicles
2023,LDVHN,Total (all fuels) vehicle light-duty stocks,AZ,Arizona,6020.4,Thousands of registered vehicles
2023,EV2CN,Level 2 charging ports for electric vehicles,MI,Michigan,2843,Number
2023,EV2CN,Level 2 charging ports for electric vehicles,MN,Minnesota,1567,Number
2023,EV2CN,Level 2 charging ports for electric vehicles,MO,Missouri,2434,Number
2023,EV2CN,Level 2 charging ports for electric vehicles,MS,Mississippi,307,Number
2023,EV2CN,Level 2 charging ports for electric vehicles,MT,Montana,204,Number
2023,EV2CN,Level 2 charging ports for electric vehicles,NC,North Carolina,3474,Number
2023,EV2CN,Level 2 charging ports for electric vehicles,ND,North Dakota,122,Number
2023,EV2CN,Level 2 charging ports for electric vehicles,NE,Nebraska,434,Number
2023,EV2CN,Level 2 charging ports for electric vehicles,NH,New Hampshire,463,Number
2023,EV2CN,Level 2 charging ports for electric vehicles,NJ,New Jersey,3122,Number
2023,EV2CN,Level 2 charging ports for electric vehicles,NM,New Mexico,458,Number
2023,EVCHN,Total charging ports for electric vehicles,IN,Indiana,1683,Number
2023,EVCHN,Total charging ports for electric vehicles,KS,Kansas,1250,Number
2023,EVCHN,Total charging ports for electric vehicles,KY,Kentucky,888,Number
2023,ELEXD,Electricity exports average price,AL,Alabama,0,Dollars per million Btu
2023,ELEXD,Electricity exports average price,AR,Arkansas,0,Dollars per million Btu
2023,ELEXB,Electricity exported from the United States,AK,Alaska,0,Billion Btu
2023,ELEXD,Electricity exports average price,MA,Massachusetts,0,Dollars per million Btu
2023,ELEXD,Electricity exports average price,MD,Maryland,0,Dollars per million Btu
2023,ELEXD,Electricity exports average price,ME,Maine,21.03,Dollars per million Btu
2023,ELEXD,Electricity exports average price,MI,Michigan,21.03,Dollars per million Btu
2023,ELEXD,Electricity exports average price,NV,Nevada,0,Dollars per million Btu
2023,ELEXB,Electricity exported from the United States,PA,Pennsylvania,0,Billion Btu
2023,ELEXP,Electricity exported from the United States,IL,Illinois,0,Million kilowatthours
2023,ELEXP,Electricity exported from the United States,IN,Indiana,0,Million kilowatthours
2023,ELEXP,Electricity exported from the United States,KS,Kansas,0,Million kilowatthours
2023,ELEXD,Electricity exports average price,AZ,Arizona,21.03,Dollars per million Btu
2023,ELEXP,Electricity exported from the United States,MT,Montana,801,Million kilowatthours
2023,ELEXP,Electricity exported from the United States,NC,North Carolina,0,Million kilowatthours
2023,ELEXP,Electricity exported from the United States,ND,North Dakota,966,Million kilowatthours
2023,ELEXP,Electricity exported from the United States,NE,Nebraska,0,Million kilowatthours
2023,ELEXP,Electricity exported from the United States,AK,Alaska,0,Million kilowatthours
2023,ELEXP,Electricity exported from the United States,KY,Kentucky,0,Million kilowatthours
2023,ELEXP,Electricity exported from the United States,NH,New Hampshire,0,Million kilowatthours
2023,ELEXB,Electricity exported from the United States,IL,Illinois,0,Billion Btu
2023,ELEXB,Electricity exported from the United States,IN,Indiana,0,Billion Btu
2023,ELEXB,Electricity exported from the United States,KS,Kansas,0,Billion Btu
2023,ELEXP,Electricity exported from the United States,GA,Georgia,0,Million kilowatthours
2023,ELEXP,Electricity exported from the United States,HI,Hawaii,0,Million kilowatthours
2023,ELEXP,Electricity exported from the United States,IA,Iowa,0,Million kilowatthours
2023,ELEXB,Electricity exported from the United States,KY,Kentucky,0,Billion Btu
2023,ELEXP,Electricity exported from the United States,AL,Alabama,0,Million kilowatthours
2023,ELEXP,Electricity exported from the United States,AR,Arkansas,0,Million kilowatthours
2023,ELEXP,Electricity exported from the United States,AZ,Arizona,4,Million kilowatthours
2023,ELEXP,Electricity exported from the United States,CA,California,1198,Million kilowatthours
2023,ELEXB,Electricity exported from the United States,RI,Rhode Island,0,Billion Btu
2023,ELEXB,Electricity exported from the United States,SC,South Carolina,0,Billion Btu
2023,ELEXB,Electricity exported from the United States,SD,South Dakota,0,Billion Btu
2023,ELEXD,Electricity exports average price,CA,California,21.03,Dollars per million Btu
2023,ELEXD,Electricity exports average price,CO,Colorado,0,Dollars per million Btu
2023,ELEXD,Electricity exports average price,CT,Connecticut,0,Dollars per million Btu
2023,ELEXD,Electricity exports average price,DC,District of Columbia,0,Dollars per million Btu
2023,ELEXP,Electricity exported from the United States,ID,Idaho,0,Million kilowatthours
2023,ELEXB,Electricity exported from the United States,TN,Tennessee,0,Billion Btu
2023,ELEXP,Electricity exported from the United States,MI,Michigan,3453,Million kilowatthours
2023,ELEXP,Electricity exported from the United States,MN,Minnesota,655,Million kilowatthours
2023,ELEXP,Electricity exported from the United States,MO,Missouri,0,Million kilowatthours
2023,ELEXP,Electricity exported from the United States,MS,Mississippi,0,Million kilowatthours
2023,ELEXD,Electricity exports average price,DE,Delaware,0,Dollars per million Btu
2023,ELEXD,Electricity exports average price,NY,New York,21.03,Dollars per million Btu
2023,ELEXD,Electricity exports average price,OH,Ohio,0,Dollars per million Btu
2023,ELEXD,Electricity exports average price,OK,Oklahoma,0,Dollars per million Btu
2023,ELEXD,Electricity exports average price,OR,Oregon,0,Dollars per million Btu
2023,ELEXD,Electricity exports average price,PA,Pennsylvania,0,Dollars per million Btu
2023,ELEXB,Electricity exported from the United States,MT,Montana,2733,Billion Btu
2023,ELEXB,Electricity exported from the United States,NC,North Carolina,0,Billion Btu
2023,ELEXB,Electricity exported from the United States,ND,North Dakota,3296,Billion Btu
2023,ELEXB,Electricity exported from the United States,NE,Nebraska,0,Billion Btu
2023,ELEXB,Electricity exported from the United States,LA,Louisiana,0,Billion Btu
2023,ELEXB,Electricity exported from the United States,MA,Massachusetts,0,Billion Btu
2023,ELEXB,Electricity exported from the United States,MD,Maryland,0,Billion Btu
2023,ELEXB,Electricity exported from the United States,ME,Maine,542,Billion Btu
2023,ELEXB,Electricity exported from the United States,NH,New Hampshire,0,Billion Btu
2023,ELEXP,Electricity exported from the United States,LA,Louisiana,0,Million kilowatthours
2023,ELEXP,Electricity exported from the United States,MA,Massachusetts,0,Million kilowatthours
2023,ELEXP,Electricity exported from the United States,MD,Maryland,0,Million kilowatthours
2023,ELEXP,Electricity exported from the United States,CO,Colorado,0,Million kilowatthours
2023,ELEXP,Electricity exported from the United States,CT,Connecticut,0,Million kilowatthours
2023,ELEXP,Electricity exported from the United States,DC,District of Columbia,0,Million kilowatthours
2023,ELEXP,Electricity exported from the United States,DE,Delaware,0,Million kilowatthours
2023,ELEXB,Electricity exported from the United States,TX,Texas,2453,Billion Btu
2023,ELEXB,Electricity exported from the United States,US,United States,68285,Billion Btu
2023,ELEXB,Electricity exported from the United States,UT,Utah,0,Billion Btu
2023,ELEXD,Electricity exports average price,FL,Florida,0,Dollars per million Btu
2023,ELEXD,Electricity exports average price,GA,Georgia,0,Dollars per million Btu
2023,ELEXD,Electricity exports average price,HI,Hawaii,0,Dollars per million Btu
2023,ELEXD,Electricity exports average price,IA,Iowa,0,Dollars per million Btu
2023,ELEXP,Electricity exported from the United States,ME,Maine,159,Million kilowatthours
2023,ESRCV,Electricity expenditures in the residential sector,NE,Nebraska,1195.2,Million dollars
2023,ESRPP,Electricity consumed by (sales to ultimate customers in) the residential sector per capita,CO,Colorado,3389,Kilowatthours
2023,ESRPP,Electricity consumed by (sales to ultimate customers in) the residential sector per capita,CT,Connecticut,3446,Kilowatthours
2023,ESRPP,Electricity consumed by (sales to ultimate customers in) the residential sector per capita,DC,District of Columbia,3451,Kilowatthours
2023,ESRCV,Electricity expenditures in the residential sector,VT,Vermont,453.1,Million dollars
2023,ESRPP,Electricity consumed by (sales to ultimate customers in) the residential sector per capita,KY,Kentucky,5395,Kilowatthours
2023,ESRPP,Electricity consumed by (sales to ultimate customers in) the residential sector per capita,LA,Louisiana,6919,Kilowatthours
2023,ESRPP,Electricity consumed by (sales to ultimate customers in) the residential sector per capita,MA,Massachusetts,2740,Kilowatthours
2023,ESRFB,Electricity consumed by refineries,PA,Pennsylvania,1522,Billion Btu
2023,ESRFB,Electricity consumed by refineries,RI,Rhode Island,0,Billion Btu
2023,ESRCD,Electricity price in the residential sector,NE,Nebraska,32.83,Dollars per million Btu
2023,ESRCD,Electricity price in the residential sector,NH,New Hampshire,82.51,Dollars per million Btu
2023,ESRCD,Electricity price in the residential sector,NJ,New Jersey,51.89,Dollars per million Btu
2023,ESRCB,Electricity consumed by (sales to ultimate customers in) the residential sector,MO,Missouri,119299,Billion Btu
2023,ESRCB,Electricity consumed by (sales to ultimate customers in) the residential sector,MS,Mississippi,63273,Billion Btu
2023,ESRCD,Electricity price in the residential sector,PA,Pennsylvania,53.05,Dollars per million Btu
2023,ESRCD,Electricity price in the residential sector,RI,Rhode Island,79.18,Dollars per million Btu
2023,ESRCD,Electricity price in the residential sector,SC,South Carolina,40.1,Dollars per million Btu
2023,ESRPP,Electricity consumed by (sales to ultimate customers in) the residential sector per capita,DE,Delaware,4759,Kilowatthours
2023,ESRCB,Electricity consumed by (sales to ultimate customers in) the residential sector,UT,Utah,38652,Billion Btu
2023,ESRCB,Electricity consumed by (sales to ultimate customers in) the residential sector,VA,Virginia,147043,Billion Btu
2023,ESRPP,Electricity consumed by (sales to ultimate customers in) the residential sector per capita,MD,Maryland,4199,Kilowatthours
2023,ESRCD,Electricity price in the residential sector,GA,Georgia,40.12,Dollars per million Btu
2023,ESRCD,Electricity price in the residential sector,HI,Hawaii,124.25,Dollars per million Btu
2023,ESRCD,Electricity price in the residential sector,IA,Iowa,39,Dollars per million Btu
2023,ESRCD,Electricity price in the residential sector,NC,North Carolina,37.89,Dollars per million Btu
2023,ESRCD,Electricity price in the residential sector,ND,North Dakota,32.27,Dollars per million Btu
2023,ESRCP,Electricity consumed by (sales to ultimate customers in) the residential sector,RI,Rhode Island,2995,Million kilowatthours
2023,ESRCP,Electricity consumed by (sales to ultimate customers in) the residential sector,SC,South Carolina,30898,Million kilowatthours
2023,ESRCD,Electricity price in the residential sector,SD,South Dakota,36.12,Dollars per million Btu
2023,ESRCD,Electricity price in the residential sector,TN,Tennessee,35.73,Dollars per million Btu
2023,ESRCV,Electricity expenditures in the residential sector,AZ,Arizona,5466.1,Million dollars
2023,ESRCV,Electricity expenditures in the residential sector,CA,California,24439.8,Million dollars
2023,ESRCV,Electricity expenditures in the residential sector,CO,Colorado,2859.3,Million dollars
2023,ESRCB,Electricity consumed by (sales to ultimate customers in) the residential sector,VT,Vermont,7426,Billion Btu
2023,ESRCB,Electricity consumed by (sales to ultimate customers in) the residential sector,WA,Washington,132864,Billion Btu
2023,ESRCP,Electricity consumed by (sales to ultimate customers in) the residential sector,IA,Iowa,14582,Million kilowatthours
2023,ESRCP,Electricity consumed by (sales to ultimate customers in) the residential sector,ID,Idaho,9793,Million kilowatthours
2023,ESRCD,Electricity price in the residential sector,ID,Idaho,32.4,Dollars per million Btu
2023,ESRCD,Electricity price in the residential sector,IL,Illinois,46.03,Dollars per million Btu
2023,ESRCP,Electricity consumed by (sales to ultimate customers in) the residential sector,NC,North Carolina,58738,Million kilowatthours
2023,ESRCP,Electricity consumed by (sales to ultimate customers in) the residential sector,ND,North Dakota,5067,Million kilowatthours
2023,ESRCP,Electricity consumed by (sales to ultimate customers in) the residential sector,NE,Nebraska,10671,Million kilowatthours
2023,ESRCV,Electricity expenditures in the residential sector,IN,Indiana,4741.4,Million dollars
2023,ESRCV,Electricity expenditures in the residential sector,KS,Kansas,1848.9,Million dollars
2023,ESRPP,Electricity consumed by (sales to ultimate customers in) the residential sector per capita,AL,Alabama,6137,Kilowatthours
2023,ESRPP,Electricity consumed by (sales to ultimate customers in) the residential sector per capita,AR,Arkansas,5986,Kilowatthours
2023,ESRPP,Electricity consumed by (sales to ultimate customers in) the residential sector per capita,AZ,Arizona,5218,Kilowatthours
2023,ESRCV,Electricity expenditures in the residential sector,CT,Connecticut,3751.2,Million dollars
2023,ESRCV,Electricity expenditures in the residential sector,DC,District of Columbia,390,Million dollars
2023,ESRFB,Electricity consumed by refineries,US,United States,147078,Billion Btu
2023,ESRFB,Electricity consumed by refineries,UT,Utah,1887,Billion Btu
2023,ESRFB,Electricity consumed by refineries,VA,Virginia,0,Billion Btu
2023,ESRCP,Electricity consumed by (sales to ultimate customers in) the residential sector,IL,Illinois,43320,Million kilowatthours
2023,ESRCP,Electricity consumed by (sales to ultimate customers in) the residential sector,IN,Indiana,31739,Million kilowatthours
2023,ESRCV,Electricity expenditures in the residential sector,NH,New Hampshire,1310.5,Million dollars
2023,ESRCV,Electricity expenditures in the residential sector,NJ,New Jersey,5030.5,Million dollars
2023,ESRCV,Electricity expenditures in the residential sector,NM,New Mexico,1015.8,Million dollars
2023,ESRCP,Electricity consumed by (sales to ultimate customers in) the residential sector,NH,New Hampshire,4655,Million kilowatthours
2023,ESRCV,Electricity expenditures in the residential sector,WA,Washington,4276.7,Million dollars
2023,ESRCV,Electricity expenditures in the residential sector,WI,Wisconsin,3749.6,Million dollars
2023,ESRCV,Electricity expenditures in the residential sector,WV,West Virginia,1437.9,Million dollars
2023,ESRPP,Electricity consumed by (sales to ultimate customers in) the residential sector per capita,CA,California,2113,Kilowatthours
2023,ESRCB,Electricity consumed by (sales to ultimate customers in) the residential sector,NV,Nevada,46092,Billion Btu
2023,ESRCB,Electricity consumed by (sales to ultimate customers in) the residential sector,NY,New York,170986,Billion Btu
2023,ESRCB,Electricity consumed by (sales to ultimate customers in) the residential sector,OH,Ohio,169623,Billion Btu
2023,ESRFB,Electricity consumed by refineries,VT,Vermont,0,Billion Btu
2023,ESRFB,Electricity consumed by refineries,WA,Washington,5691,Billion Btu
2023,ESRCB,Electricity consumed by (sales to ultimate customers in) the residential sector,MT,Montana,19638,Billion Btu
2023,ESRCB,Electricity consumed by (sales to ultimate customers in) the residential sector,NC,North Carolina,200412,Billion Btu
2023,ESRCV,Electricity expenditures in the residential sector,NV,Nevada,2251.6,Million dollars
2023,ESRCV,Electricity expenditures in the residential sector,NY,New York,11147.7,Million dollars
2023,ESRPP,Electricity consumed by (sales to ultimate customers in) the residential sector per capita,ID,Idaho,4968,Kilowatthours
2023,ESRPP,Electricity consumed by (sales to ultimate customers in) the residential sector per capita,IL,Illinois,3427,Kilowatthours
2023,ESRPP,Electricity consumed by (sales to ultimate customers in) the residential sector per capita,IN,Indiana,4613,Kilowatthours
2023,ESRCV,Electricity expenditures in the residential sector,WY,Wyoming,337.9,Million dollars
2023,ESRFB,Electricity consumed by refineries,AK,Alaska,252,Billion Btu
2023,ESRFB,Electricity consumed by refineries,MD,Maryland,0,Billion Btu
2023,ESRFB,Electricity consumed by refineries,ME,Maine,0,Billion Btu
2023,ESRFB,Electricity consumed by refineries,MI,Michigan,1512,Billion Btu
2023,ESRCB,Electricity consumed by (sales to ultimate customers in) the residential sector,OK,Oklahoma,81265,Billion Btu
2023,ESRCP,Electricity consumed by (sales to ultimate customers in) the residential sector,AK,Alaska,2051,Million kilowatthours
2023,ESRCP,Electricity consumed by (sales to ultimate customers in) the residential sector,AL,Alabama,31410,Million kilowatthours
2023,ESRCP,Electricity consumed by (sales to ultimate customers in) the residential sector,AR,Arkansas,18374,Million kilowatthours
2023,ESRCB,Electricity consumed by (sales to ultimate customers in) the residential sector,ND,North Dakota,17289,Billion Btu
2023,ESRCB,Electricity consumed by (sales to ultimate customers in) the residential sector,NE,Nebraska,36408,Billion Btu
2023,ESRCD,Electricity price in the residential sector,TX,Texas,42.39,Dollars per million Btu
2023,ESRCD,Electricity price in the residential sector,US,United States,46.89,Dollars per million Btu
2023,ESRCD,Electricity price in the residential sector,UT,Utah,32.82,Dollars per million Btu
2023,ESRPP,Electricity consumed by (sales to ultimate customers in) the residential sector per capita,KS,Kansas,4681,Kilowatthours
2023,ESRCB,Electricity consumed by (sales to ultimate customers in) the residential sector,WI,Wisconsin,75811,Billion Btu
2023,ESRCB,Electricity consumed by (sales to ultimate customers in) the residential sector,WV,West Virginia,34918,Billion Btu
2023,ESRFB,Electricity consumed by refineries,MN,Minnesota,4746,Billion Btu
2023,ESRFB,Electricity consumed by refineries,MO,Missouri,0,Billion Btu
2023,ESRCD,Electricity price in the residential sector,IN,Indiana,43.78,Dollars per million Btu
2023,ESRCD,Electricity price in the residential sector,KS,Kansas,39.22,Dollars per million Btu
2023,ESRCD,Electricity price in the residential sector,KY,Kentucky,37.08,Dollars per million Btu
2023,ESRCP,Electricity consumed by (sales to ultimate customers in) the residential sector,AZ,Arizona,38992,Million kilowatthours
2023,ESRCV,Electricity expenditures in the residential sector,KY,Kentucky,3106.3,Million dollars
2023,ESRCV,Electricity expenditures in the residential sector,LA,Louisiana,3666.4,Million dollars
2023,ESRCD,Electricity price in the residential sector,VA,Virginia,41.79,Dollars per million Btu
2023,ESRCD,Electricity price in the residential sector,VT,Vermont,61.02,Dollars per million Btu
2023,ESRCV,Electricity expenditures in the residential sector,DE,Delaware,775.8,Million dollars
2023,ESRCV,Electricity expenditures in the residential sector,FL,Florida,20652,Million dollars
2023,ESRCB,Electricity consumed by (sales to ultimate customers in) the residential sector,WY,Wyoming,10058,Billion Btu
2023,ESRCD,Electricity price in the residential sector,AK,Alaska,70.04,Dollars per million Btu
2023,ESRCP,Electricity consumed by (sales to ultimate customers in) the residential sector,KS,Kansas,13815,Million kilowatthours
2023,ESRCP,Electricity consumed by (sales to ultimate customers in) the residential sector,KY,Kentucky,24553,Million kilowatthours
2023,BDCCB,Biodiesel consumed by the commercial sector,DC,District of Columbia,0,Billion Btu
2023,BDCCB,Biodiesel consumed by the commercial sector,DE,Delaware,0,Billion Btu
2023,ELEXP,Electricity exported from the United States,FL,Florida,0,Million kilowatthours
2023,ELEXB,Electricity exported from the United States,VA,Virginia,0,Billion Btu
2023,ELEXP,Electricity exported from the United States,OH,Ohio,0,Million kilowatthours
2023,ELEXP,Electricity exported from the United States,OK,Oklahoma,0,Million kilowatthours
2023,ELEXP,Electricity exported from the United States,OR,Oregon,0,Million kilowatthours
2023,ELEXD,Electricity exports average price,ID,Idaho,0,Dollars per million Btu
2023,ELEXD,Electricity exports average price,RI,Rhode Island,0,Dollars per million Btu
2023,ELEXD,Electricity exports average price,SC,South Carolina,0,Dollars per million Btu
2023,ELEXD,Electricity exports average price,SD,South Dakota,0,Dollars per million Btu
2023,ELEXD,Electricity exports average price,TN,Tennessee,0,Dollars per million Btu
2023,ELEXB,Electricity exported from the United States,CO,Colorado,0,Billion Btu
2023,ELEXB,Electricity exported from the United States,CT,Connecticut,0,Billion Btu
2023,ELEXB,Electricity exported from the United States,DC,District of Columbia,0,Billion Btu
2023,ELEXB,Electricity exported from the United States,DE,Delaware,0,Billion Btu
2023,ELNIB,Net imports of electricity into the United States,AK,Alaska,0,Billion Btu
2023,ELNIB,Net imports of electricity into the United States,AL,Alabama,0,Billion Btu
2023,ELNIB,Net imports of electricity into the United States,AR,Arkansas,0,Billion Btu
2023,ELNIP,Net imports of electricity into the United States,GA,Georgia,0,Million kilowatthours
2023,ELNIP,Net imports of electricity into the United States,HI,Hawaii,0,Million kilowatthours
2023,ELNIP,Net imports of electricity into the United States,IA,Iowa,0,Million kilowatthours
2023,ELNIB,Net imports of electricity into the United States,KS,Kansas,0,Billion Btu
2023,ELNIB,Net imports of electricity into the United States,KY,Kentucky,0,Billion Btu
2023,ELNIB,Net imports of electricity into the United States,LA,Louisiana,0,Billion Btu
2023,ELNIB,Net imports of electricity into the United States,NV,Nevada,0,Billion Btu
2023,ELNIB,Net imports of electricity into the United States,NY,New York,19709,Billion Btu
2023,ELNIB,Net imports of electricity into the United States,OH,Ohio,0,Billion Btu
2023,ELNIB,Net imports of electricity into the United States,WA,Washington,-32355,Billion Btu
2023,ELVHS,Electric vehicle (EV) share of total light-duty vehicles,CT,Connecticut,1.7,Percent
2023,ELVHS,Electric vehicle (EV) share of total light-duty vehicles,DC,District of Columbia,3.9,Percent
2023,ELVHS,Electric vehicle (EV) share of total light-duty vehicles,DE,Delaware,1.3,Percent
2023,ELVHS,Electric vehicle (EV) share of total light-duty vehicles,FL,Florida,1.7,Percent
2023,ELVHS,Electric vehicle (EV) share of total light-duty vehicles,GA,Georgia,1.2,Percent
2023,ELVHS,Electric vehicle (EV) share of total light-duty vehicles,HI,Hawaii,3.1,Percent
2023,ELVHS,Electric vehicle (EV) share of total light-duty vehicles,IA,Iowa,.5,Percent
2023,ELVHS,Electric vehicle (EV) share of total light-duty vehicles,ID,Idaho,.7,Percent
2023,ELVHS,Electric vehicle (EV) share of total light-duty vehicles,IL,Illinois,1.3,Percent
2023,ELVHS,Electric vehicle (EV) share of total light-duty vehicles,IN,Indiana,.6,Percent
2023,ELVHS,Electric vehicle (EV) share of total light-duty vehicles,KS,Kansas,.6,Percent
2023,ELVHS,Electric vehicle (EV) share of total light-duty vehicles,KY,Kentucky,.4,Percent
2023,ELVHS,Electric vehicle (EV) share of total light-duty vehicles,LA,Louisiana,.3,Percent
2023,ELVHS,Electric vehicle (EV) share of total light-duty vehicles,MA,Massachusetts,2.2,Percent
2023,ELVHS,Electric vehicle (EV) share of total light-duty vehicles,MD,Maryland,2.1,Percent
2023,ELVHS,Electric vehicle (EV) share of total light-duty vehicles,ME,Maine,1.2,Percent
2023,ELVHS,Electric vehicle (EV) share of total light-duty vehicles,MI,Michigan,.9,Percent
2023,ELVHS,Electric vehicle (EV) share of total light-duty vehicles,MN,Minnesota,1.1,Percent
2023,ELVHS,Electric vehicle (EV) share of total light-duty vehicles,MO,Missouri,.7,Percent
2023,ELVHS,Electric vehicle (EV) share of total light-duty vehicles,MS,Mississippi,.2,Percent
2023,ELVHS,Electric vehicle (EV) share of total light-duty vehicles,MT,Montana,.7,Percent
2023,ELVHS,Electric vehicle (EV) share of total light-duty vehicles,NC,North Carolina,1.1,Percent
2023,ELVHS,Electric vehicle (EV) share of total light-duty vehicles,ND,North Dakota,.2,Percent
2023,ELVHS,Electric vehicle (EV) share of total light-duty vehicles,NE,Nebraska,.5,Percent
2023,ELVHS,Electric vehicle (EV) share of total light-duty vehicles,NH,New Hampshire,1.2,Percent
2023,ELNIB,Net imports of electricity into the United States,AZ,Arizona,-13,Billion Btu
2023,ELNIP,Net imports of electricity into the United States,LA,Louisiana,0,Million kilowatthours
2023,ELNIP,Net imports of electricity into the United States,MA,Massachusetts,0,Million kilowatthours
2023,ELVHN,Total electric vehicle (EV) light-duty stocks,OK,Oklahoma,50.9,Thousands of registered vehicles
2023,ELVHN,Total electric vehicle (EV) light-duty stocks,OR,Oregon,87,Thousands of registered vehicles
2023,ELVHN,Total electric vehicle (EV) light-duty stocks,PA,Pennsylvania,101.5,Thousands of registered vehicles
2023,ELVHN,Total electric vehicle (EV) light-duty stocks,RI,Rhode Island,10.6,Thousands of registered vehicles
2023,ELVHN,Total electric vehicle (EV) light-duty stocks,SC,South Carolina,27.9,Thousands of registered vehicles
2023,ELVHN,Total electric vehicle (EV) light-duty stocks,SD,South Dakota,2.7,Thousands of registered vehicles
2023,ELVHN,Total electric vehicle (EV) light-duty stocks,TN,Tennessee,41.5,Thousands of registered vehicles
2023,ELVHN,Total electric vehicle (EV) light-duty stocks,TX,Texas,269,Thousands of registered vehicles
2023,ELVHN,Total electric vehicle (EV) light-duty stocks,US,United States,4554.9,Thousands of registered vehicles
2023,ELVHN,Total electric vehicle (EV) light-duty stocks,UT,Utah,49.7,Thousands of registered vehicles
2023,ELVHN,Total electric vehicle (EV) light-duty stocks,VA,Virginia,104.9,Thousands of registered vehicles
2023,ELVHN,Total electric vehicle (EV) light-duty stocks,VT,Vermont,12.5,Thousands of registered vehicles
2023,ELVHN,Total electric vehicle (EV) light-duty stocks,WA,Washington,181.9,Thousands of registered vehicles
2023,ELVHN,Total electric vehicle (EV) light-duty stocks,WI,Wisconsin,34.8,Thousands of registered vehicles
2023,ELNIP,Net imports of electricity into the United States,MS,Mississippi,0,Million kilowatthours
2023,ELNIP,Net imports of electricity into the United States,TN,Tennessee,0,Million kilowatthours
2023,ELNIB,Net imports of electricity into the United States,OR,Oregon,0,Billion Btu
2023,ELNIB,Net imports of electricity into the United States,PA,Pennsylvania,0,Billion Btu
2023,ELNIB,Net imports of electricity into the United States,RI,Rhode Island,0,Billion Btu
2023,ELNIP,Net imports of electricity into the United States,AL,Alabama,0,Million kilowatthours
2023,ELNIP,Net imports of electricity into the United States,AR,Arkansas,0,Million kilowatthours
2023,ELNIP,Net imports of electricity into the United States,AZ,Arizona,-4,Million kilowatthours
2023,ELNIB,Net imports of electricity into the United States,DE,Delaware,0,Billion Btu
2023,ELNIB,Net imports of electricity into the United States,FL,Florida,0,Billion Btu
2023,ELNIB,Net imports of electricity into the United States,GA,Georgia,0,Billion Btu
2023,ELNIB,Net imports of electricity into the United States,MO,Missouri,0,Billion Btu
2023,ELNIB,Net imports of electricity into the United States,MS,Mississippi,0,Billion Btu
2023,ELNIB,Net imports of electricity into the United States,MT,Montana,-2219,Billion Btu
2023,ELNIP,Net imports of electricity into the United States,ID,Idaho,0,Million kilowatthours
2023,ELNIP,Net imports of electricity into the United States,CA,California,4476,Million kilowatthours
2023,ELNIB,Net imports of electricity into the United States,HI,Hawaii,0,Billion Btu
2023,ELIMP,Electricity imported into the United States,NH,New Hampshire,0,Million kilowatthours
2023,BDCBB,Biodiesel refinery and blender net inputs portion to the commercial sector,NM,New Mexico,0,Billion Btu
2023,BDCBB,Biodiesel refinery and blender net inputs portion to the commercial sector,NV,Nevada,0,Billion Btu
2023,BDEIB,Biodiesel consumed by the electric power sector,GA,Georgia,4,Billion Btu
2023,BDEIB,Biodiesel consumed by the electric power sector,NM,New Mexico,0,Billion Btu
2023,BDCCB,Biodiesel consumed by the commercial sector,AL,Alabama,0,Billion Btu
2023,BDCCB,Biodiesel consumed by the commercial sector,ME,Maine,0,Billion Btu
2023,BDCCB,Biodiesel consumed by the commercial sector,OR,Oregon,0,Billion Btu
2023,EVCHN,Total charging ports for electric vehicles,CO,Colorado,6053,Number
2023,EVCHN,Total charging ports for electric vehicles,CT,Connecticut,3984,Number
2023,EVCHN,Total charging ports for electric vehicles,DC,District of Columbia,1316,Number
2023,ESVHP,Electricity consumed for electric vehicle (EV) use,MT,Montana,15,Million kilowatthours
2023,ESVHP,Electricity consumed for electric vehicle (EV) use,NC,North Carolina,145,Million kilowatthours
2023,ESVHP,Electricity consumed for electric vehicle (EV) use,ND,North Dakota,3,Million kilowatthours
2023,ESVHP,Electricity consumed for electric vehicle (EV) use,NE,Nebraska,20,Million kilowatthours
2023,ESVHP,Electricity consumed for electric vehicle (EV) use,NH,New Hampshire,27,Million kilowatthours
2023,ESVHP,Electricity consumed for electric vehicle (EV) use,NJ,New Jersey,260,Million kilowatthours
2023,ESVHP,Electricity consumed for electric vehicle (EV) use,NM,New Mexico,25,Million kilowatthours
2023,ESVHP,Electricity consumed for electric vehicle (EV) use,NV,Nevada,96,Million kilowatthours
2023,ESVHP,Electricity consumed for electric vehicle (EV) use,NY,New York,337,Million kilowatthours
2023,ESVHP,Electricity consumed for electric vehicle (EV) use,OH,Ohio,125,Million kilowatthours
2023,ESVHP,Electricity consumed for electric vehicle (EV) use,OK,Oklahoma,73,Million kilowatthours
2023,ESVHP,Electricity consumed for electric vehicle (EV) use,OR,Oregon,152,Million kilowatthours
2023,ESVHP,Electricity consumed for electric vehicle (EV) use,PA,Pennsylvania,169,Million kilowatthours
2023,ESVHP,Electricity consumed for electric vehicle (EV) use,RI,Rhode Island,17,Million kilowatthours
2023,ESVHP,Electricity consumed for electric vehicle (EV) use,SC,South Carolina,44,Million kilowatthours
2023,ESVHP,Electricity consumed for electric vehicle (EV) use,SD,South Dakota,6,Million kilowatthours
2023,ESVHP,Electricity consumed for electric vehicle (EV) use,TN,Tennessee,71,Million kilowatthours
2023,ESVHP,Electricity consumed for electric vehicle (EV) use,TX,Texas,417,Million kilowatthours
2023,ESVHP,Electricity consumed for electric vehicle (EV) use,US,United States,7596,Million kilowatthours
2023,ESVHP,Electricity consumed for electric vehicle (EV) use,UT,Utah,89,Million kilowatthours
2023,ESVHP,Electricity consumed for electric vehicle (EV) use,VA,Virginia,167,Million kilowatthours
2023,ESVHP,Electricity consumed for electric vehicle (EV) use,VT,Vermont,21,Million kilowatthours
2023,ESVHP,Electricity consumed for electric vehicle (EV) use,WA,Washington,309,Million kilowatthours
2023,ESVHP,Electricity consumed for electric vehicle (EV) use,WI,Wisconsin,61,Million kilowatthours
2023,ESVHP,Electricity consumed for electric vehicle (EV) use,WV,West Virginia,7,Million kilowatthours
2023,ESVHP,Electricity consumed for electric vehicle (EV) use,WY,Wyoming,4,Million kilowatthours
2023,EV0CN,Legacy charging ports for electric vehicles,AK,Alaska,0,Number
2023,EV0CN,Legacy charging ports for electric vehicles,AL,Alabama,0,Number
2023,EV1CN,Level 1 charging ports for electric vehicles,US,United States,3104,Number
2023,EV1CN,Level 1 charging ports for electric vehicles,UT,Utah,27,Number
2023,EV1CN,Level 1 charging ports for electric vehicles,VA,Virginia,226,Number
2023,EV1CN,Level 1 charging ports for electric vehicles,VT,Vermont,21,Number
2023,EV1CN,Level 1 charging ports for electric vehicles,WA,Washington,165,Number
2023,EV1CN,Level 1 charging ports for electric vehicles,WI,Wisconsin,8,Number
2023,EV1CN,Level 1 charging ports for electric vehicles,WV,West Virginia,18,Number
2023,EV1CN,Level 1 charging ports for electric vehicles,WY,Wyoming,4,Number
2023,EV2CN,Level 2 charging ports for electric vehicles,AK,Alaska,113,Number
2023,ESRPP,Electricity consumed by (sales to ultimate customers in) the residential sector per capita,MO,Missouri,5632,Kilowatthours
2023,ESRCB,Electricity consumed by (sales to ultimate customers in) the residential sector,SD,South Dakota,17899,Billion Btu
2023,ESRCB,Electricity consumed by (sales to ultimate customers in) the residential sector,TN,Tennessee,141088,Billion Btu
2023,ESRCB,Electricity consumed by (sales to ultimate customers in) the residential sector,TX,Texas,575300,Billion Btu
2023,ESRPP,Electricity consumed by (sales to ultimate customers in) the residential sector per capita,NM,New Mexico,3459,Kilowatthours
2023,ESRCD,Electricity price in the residential sector,CT,Connecticut,87.58,Dollars per million Btu
2023,ESRCD,Electricity price in the residential sector,DC,District of Columbia,48.2,Dollars per million Btu
2023,ESRFB,Electricity consumed by refineries,IL,Illinois,11611,Billion Btu
2023,ESRFB,Electricity consumed by refineries,IN,Indiana,5063,Billion Btu
2023,ESRFB,Electricity consumed by refineries,OH,Ohio,6026,Billion Btu
2023,ESRFB,Electricity consumed by refineries,OK,Oklahoma,5411,Billion Btu
2023,ESRFB,Electricity consumed by refineries,OR,Oregon,0,Billion Btu
2023,ESRCD,Electricity price in the residential sector,OR,Oregon,37.32,Dollars per million Btu
2023,ESRCP,Electricity consumed by (sales to ultimate customers in) the residential sector,WY,Wyoming,2948,Million kilowatthours
2023,ESRCV,Electricity expenditures in the residential sector,AK,Alaska,490.1,Million dollars
2023,ESRCB,Electricity consumed by (sales to ultimate customers in) the residential sector,US,United States,4947486,Billion Btu
2023,ESRCP,Electricity consumed by (sales to ultimate customers in) the residential sector,DE,Delaware,4932,Million kilowatthours
2023,ESRCP,Electricity consumed by (sales to ultimate customers in) the residential sector,FL,Florida,135805,Million kilowatthours
2023,ESRCD,Electricity price in the residential sector,DE,Delaware,46.11,Dollars per million Btu
2023,ESRCD,Electricity price in the residential sector,FL,Florida,44.57,Dollars per million Btu
2023,ESRCP,Electricity consumed by (sales to ultimate customers in) the residential sector,MO,Missouri,34965,Million kilowatthours
2023,ESRCP,Electricity consumed by (sales to ultimate customers in) the residential sector,MS,Mississippi,18544,Million kilowatthours
2023,ESRFB,Electricity consumed by refineries,NV,Nevada,3,Billion Btu
2023,ESRFB,Electricity consumed by refineries,NY,New York,0,Billion Btu
2023,ESRCD,Electricity price in the residential sector,MO,Missouri,36.86,Dollars per million Btu
2023,ESRCD,Electricity price in the residential sector,MS,Mississippi,38.76,Dollars per million Btu
2023,ESRCD,Electricity price in the residential sector,MT,Montana,36.75,Dollars per million Btu
2023,ESRCV,Electricity expenditures in the residential sector,AL,Alabama,4593.8,Million dollars
2023,ESRCV,Electricity expenditures in the residential sector,AR,Arkansas,2251.2,Million dollars
2023,ESRFB,Electricity consumed by refineries,SC,South Carolina,0,Billion Btu
2023,ESRFB,Electricity consumed by refineries,SD,South Dakota,0,Billion Btu
2023,ESRFB,Electricity consumed by refineries,TN,Tennessee,1941,Billion Btu
2023,ESRCP,Electricity consumed by (sales to ultimate customers in) the residential sector,GA,Georgia,58412,Million kilowatthours
2023,ESRCP,Electricity consumed by (sales to ultimate customers in) the residential sector,HI,Hawaii,2693,Million kilowatthours
2023,ESRCV,Electricity expenditures in the residential sector,MT,Montana,721.7,Million dollars
2023,ESRCV,Electricity expenditures in the residential sector,NC,North Carolina,7593.1,Million dollars
2023,ESRCV,Electricity expenditures in the residential sector,ND,North Dakota,557.9,Million dollars
2023,ESRCP,Electricity consumed by (sales to ultimate customers in) the residential sector,MT,Montana,5756,Million kilowatthours
2023,ESRCV,Electricity expenditures in the residential sector,US,United States,231992.7,Million dollars
2023,ESRCV,Electricity expenditures in the residential sector,UT,Utah,1268.5,Million dollars
2023,ESRCV,Electricity expenditures in the residential sector,VA,Virginia,6145.5,Million dollars
2023,ESRCP,Electricity consumed by (sales to ultimate customers in) the residential sector,SD,South Dakota,5246,Million kilowatthours
2023,ESRCP,Electricity consumed by (sales to ultimate customers in) the residential sector,TN,Tennessee,41351,Million kilowatthours
2023,ESRFB,Electricity consumed by refineries,HI,Hawaii,143,Billion Btu
2023,ESRFB,Electricity consumed by refineries,IA,Iowa,0,Billion Btu
2023,ESRFB,Electricity consumed by refineries,ID,Idaho,0,Billion Btu
2023,ESRFB,Electricity consumed by refineries,TX,Texas,39081,Billion Btu
2023,ESRCB,Electricity consumed by (sales to ultimate customers in) the residential sector,MI,Michigan,111005,Billion Btu
2023,ESRCB,Electricity consumed by (sales to ultimate customers in) the residential sector,MN,Minnesota,78555,Billion Btu
2023,BDTXP,Biodiesel total end-use consumption,SC,South Carolina,666,Thousand barrels
2023,BDCCP,Biodiesel consumed by the commercial sector,AL,Alabama,0,Thousand barrels
2023,NUGBP,Nuclear generating units net summer capacity in all sectors,SC,South Carolina,6600,Thousand kilowatts
2023,NUGBP,Nuclear generating units net summer capacity in all sectors,SD,South Dakota,0,Thousand kilowatts
2023,NUGBP,Nuclear generating units net summer capacity in all sectors,HI,Hawaii,0,Thousand kilowatts
2023,NUGBP,Nuclear generating units net summer capacity in all sectors,IA,Iowa,0,Thousand kilowatts
2023,NUETV,Nuclear fuel total expenditures,KY,Kentucky,0,Million dollars
2023,NUETV,Nuclear fuel total expenditures,LA,Louisiana,73.4,Million dollars
2023,NUETV,Nuclear fuel total expenditures,MA,Massachusetts,0,Million dollars
2023,NUETV,Nuclear fuel total expenditures,OK,Oklahoma,0,Million dollars
2023,NUETV,Nuclear fuel total expenditures,OR,Oregon,0,Million dollars
2023,NUETV,Nuclear fuel total expenditures,PA,Pennsylvania,505.1,Million dollars
2023,NUGBP,Nuclear generating units net summer capacity in all sectors,ID,Idaho,0,Thousand kilowatts
2023,NUGBP,Nuclear generating units net summer capacity in all sectors,IL,Illinois,11568,Thousand kilowatts
2023,NUGBP,Nuclear generating units net summer capacity in all sectors,IN,Indiana,0,Thousand kilowatts
2023,NUGBP,Nuclear generating units net summer capacity in all sectors,KS,Kansas,1177,Thousand kilowatts
2023,NUGBP,Nuclear generating units net summer capacity in all sectors,KY,Kentucky,0,Thousand kilowatts
2023,NUGBP,Nuclear generating units net summer capacity in all sectors,LA,Louisiana,2137,Thousand kilowatts
2023,NUGBP,Nuclear generating units net summer capacity in all sectors,MA,Massachusetts,0,Thousand kilowatts
2023,NUGBP,Nuclear generating units net summer capacity in all sectors,MD,Maryland,1745,Thousand kilowatts
2023,NUGBP,Nuclear generating units net summer capacity in all sectors,ME,Maine,0,Thousand kilowatts
2023,NUETV,Nuclear fuel total expenditures,AL,Alabama,312.3,Million dollars
2023,NUETV,Nuclear fuel total expenditures,AR,Arkansas,72.9,Million dollars
2023,PAGBP,Petroleum generating units net summer capacity in all sectors,PA,Pennsylvania,1340,Thousand kilowatts
2023,PAGBP,Petroleum generating units net summer capacity in all sectors,RI,Rhode Island,7,Thousand kilowatts
2023,PAGBP,Petroleum generating units net summer capacity in all sectors,SC,South Carolina,217,Thousand kilowatts
2023,PAGBP,Petroleum generating units net summer capacity in all sectors,SD,South Dakota,214,Thousand kilowatts
2023,PAGBP,Petroleum generating units net summer capacity in all sectors,TN,Tennessee,470,Thousand kilowatts
2023,PAGBP,Petroleum generating units net summer capacity in all sectors,TX,Texas,705,Thousand kilowatts
2023,PAGBP,Petroleum generating units net summer capacity in all sectors,CA,California,415,Thousand kilowatts
2023,PAGBP,Petroleum generating units net summer capacity in all sectors,CO,Colorado,178,Thousand kilowatts
2023,PAGBP,Petroleum generating units net summer capacity in all sectors,CT,Connecticut,2209,Thousand kilowatts
2023,PAGBP,Petroleum generating units net summer capacity in all sectors,DC,District of Columbia,0,Thousand kilowatts
2023,PAGBP,Petroleum generating units net summer capacity in all sectors,DE,Delaware,111,Thousand kilowatts
2023,PAGBP,Petroleum generating units net summer capacity in all sectors,FL,Florida,1611,Thousand kilowatts
2023,PAGBP,Petroleum generating units net summer capacity in all sectors,GA,Georgia,1191,Thousand kilowatts
2023,PAGBP,Petroleum generating units net summer capacity in all sectors,HI,Hawaii,1980,Thousand kilowatts
2023,PAGBP,Petroleum generating units net summer capacity in all sectors,US,United States,29441,Thousand kilowatts
2023,PAGBP,Petroleum generating units net summer capacity in all sectors,UT,Utah,28,Thousand kilowatts
2023,PAGBP,Petroleum generating units net summer capacity in all sectors,VA,Virginia,737,Thousand kilowatts
2023,PAGBP,Petroleum generating units net summer capacity in all sectors,VT,Vermont,126,Thousand kilowatts
2023,PAGBP,Petroleum generating units net summer capacity in all sectors,WA,Washington,17,Thousand kilowatts
2023,PAGBP,Petroleum generating units net summer capacity in all sectors,WI,Wisconsin,636,Thousand kilowatts
2023,PAGBP,Petroleum generating units net summer capacity in all sectors,WV,West Virginia,11,Thousand kilowatts
2023,PAGBP,Petroleum generating units net summer capacity in all sectors,WY,Wyoming,6,Thousand kilowatts
2023,PAGBP,Petroleum generating units net summer capacity in all sectors,IA,Iowa,837,Thousand kilowatts
2023,PAGBP,Petroleum generating units net summer capacity in all sectors,ID,Idaho,5,Thousand kilowatts
2023,PAGBP,Petroleum generating units net summer capacity in all sectors,IL,Illinois,660,Thousand kilowatts
2023,EVPUP,Electric vehicle charging locations with public ports only,NY,New York,4090,Number
2023,EVPUP,Electric vehicle charging locations with public ports only,OH,Ohio,1539,Number
2023,EVPUP,Electric vehicle charging locations with public ports only,OK,Oklahoma,329,Number
2023,EVPUP,Electric vehicle charging locations with public ports only,OR,Oregon,1206,Number
2023,EVPUP,Electric vehicle charging locations with public ports only,PA,Pennsylvania,1687,Number
2023,EVPUP,Electric vehicle charging locations with public ports only,RI,Rhode Island,304,Number
2023,EVPUP,Electric vehicle charging locations with public ports only,SC,South Carolina,498,Number
2023,EVPUP,Electric vehicle charging locations with public ports only,SD,South Dakota,92,Number
2023,EVPUP,Electric vehicle charging locations with public ports only,TN,Tennessee,824,Number
2023,EVPUP,Electric vehicle charging locations with public ports only,TX,Texas,3189,Number
2023,EVPUP,Electric vehicle charging locations with public ports only,US,United States,63069,Number
2023,EV0CN,Legacy charging ports for electric vehicles,NJ,New Jersey,0,Number
2023,EV0CN,Legacy charging ports for electric vehicles,NM,New Mexico,0,Number
2023,EV0CN,Legacy charging ports for electric vehicles,NV,Nevada,0,Number
2023,EV0CN,Legacy charging ports for electric vehicles,NY,New York,0,Number
2023,EV0CN,Legacy charging ports for electric vehicles,OH,Ohio,0,Number
2023,EV0CN,Legacy charging ports for electric vehicles,OK,Oklahoma,0,Number
2023,EV0CN,Legacy charging ports for electric vehicles,OR,Oregon,0,Number
2023,EV0CN,Legacy charging ports for electric vehicles,PA,Pennsylvania,0,Number
2023,EV0CN,Legacy charging ports for electric vehicles,RI,Rhode Island,0,Number
2023,EV0CN,Legacy charging ports for electric vehicles,SC,South Carolina,0,Number
2023,EV0CN,Legacy charging ports for electric vehicles,SD,South Dakota,0,Number
2023,EVNNP,Electric vehicle charging locations with both networked and non-networked ports,CT,Connecticut,128,Number
2023,EVNNP,Electric vehicle charging locations with both networked and non-networked ports,DC,District of Columbia,4,Number
2023,EVNNP,Electric vehicle charging locations with both networked and non-networked ports,DE,Delaware,1,Number
2023,EVNNP,Electric vehicle charging locations with both networked and non-networked ports,FL,Florida,19,Number
2023,EVNNP,Electric vehicle charging locations with both networked and non-networked ports,GA,Georgia,10,Number
2023,EVNNP,Electric vehicle charging locations with both networked and non-networked ports,HI,Hawaii,1,Number
2023,EVNNP,Electric vehicle charging locations with both networked and non-networked ports,IA,Iowa,1,Number
2023,EVNNP,Electric vehicle charging locations with both networked and non-networked ports,ID,Idaho,3,Number
2023,EVNNP,Electric vehicle charging locations with both networked and non-networked ports,IL,Illinois,8,Number
2023,EVNNP,Electric vehicle charging locations with both networked and non-networked ports,IN,Indiana,14,Number
2023,EVNNP,Electric vehicle charging locations with both networked and non-networked ports,KS,Kansas,2,Number
2023,EVNNP,Electric vehicle charging locations with both networked and non-networked ports,KY,Kentucky,1,Number
2023,EVNNP,Electric vehicle charging locations with both networked and non-networked ports,LA,Louisiana,4,Number
2023,EVNNP,Electric vehicle charging locations with both networked and non-networked ports,MA,Massachusetts,7,Number
2023,EVNNP,Electric vehicle charging locations with both networked and non-networked ports,MD,Maryland,8,Number
2023,BDTXP,Biodiesel total end-use consumption,SD,South Dakota,194,Thousand barrels
2023,NUETV,Nuclear fuel total expenditures,MD,Maryland,92.2,Million dollars
2023,NUETV,Nuclear fuel total expenditures,ME,Maine,0,Million dollars
2023,NUETV,Nuclear fuel total expenditures,RI,Rhode Island,0,Million dollars
2023,NUETV,Nuclear fuel total expenditures,SC,South Carolina,321.5,Million dollars
2023,NUGBP,Nuclear generating units net summer capacity in all sectors,MI,Michigan,3318,Thousand kilowatts
2023,NUGBP,Nuclear generating units net summer capacity in all sectors,MN,Minnesota,1657,Thousand kilowatts
2023,NUGBP,Nuclear generating units net summer capacity in all sectors,MO,Missouri,1190,Thousand kilowatts
2023,NUGBP,Nuclear generating units net summer capacity in all sectors,MS,Mississippi,1383,Thousand kilowatts
2023,NUGBP,Nuclear generating units net summer capacity in all sectors,MT,Montana,0,Thousand kilowatts
2023,NUGBP,Nuclear generating units net summer capacity in all sectors,NC,North Carolina,5150,Thousand kilowatts
2023,NUGBP,Nuclear generating units net summer capacity in all sectors,ND,North Dakota,0,Thousand kilowatts
2023,NUETV,Nuclear fuel total expenditures,AZ,Arizona,211.7,Million dollars
2023,NUETV,Nuclear fuel total expenditures,CA,California,106.3,Million dollars
2023,NUETV,Nuclear fuel total expenditures,MI,Michigan,158.7,Million dollars
2023,NUETV,Nuclear fuel total expenditures,MN,Minnesota,96.4,Million dollars
2023,NUETV,Nuclear fuel total expenditures,MO,Missouri,67.5,Million dollars
2023,NUETV,Nuclear fuel total expenditures,SD,South Dakota,0,Million dollars
2023,NUETV,Nuclear fuel total expenditures,TN,Tennessee,233.3,Million dollars
2023,NUETV,Nuclear fuel total expenditures,TX,Texas,250.2,Million dollars
2023,NUGBP,Nuclear generating units net summer capacity in all sectors,NE,Nebraska,769,Thousand kilowatts
2023,NUGBP,Nuclear generating units net summer capacity in all sectors,NH,New Hampshire,1246,Thousand kilowatts
2023,NUGBP,Nuclear generating units net summer capacity in all sectors,NJ,New Jersey,3457,Thousand kilowatts
2023,NUGBP,Nuclear generating units net summer capacity in all sectors,NM,New Mexico,0,Thousand kilowatts
2023,NUGBP,Nuclear generating units net summer capacity in all sectors,NV,Nevada,0,Thousand kilowatts
2023,NUGBP,Nuclear generating units net summer capacity in all sectors,NY,New York,3305,Thousand kilowatts
2023,NUGBP,Nuclear generating units net summer capacity in all sectors,OH,Ohio,2134,Thousand kilowatts
2023,NUGBP,Nuclear generating units net summer capacity in all sectors,OK,Oklahoma,0,Thousand kilowatts
2023,NUGBP,Nuclear generating units net summer capacity in all sectors,OR,Oregon,0,Thousand kilowatts
2023,NUETB,"Nuclear energy consumed for electricity generation, total",US,United States,8098974,Billion Btu
2023,NUETB,"Nuclear energy consumed for electricity generation, total",UT,Utah,0,Billion Btu
2023,NUETB,"Nuclear energy consumed for electricity generation, total",AR,Arkansas,156492,Billion Btu
2023,NUETD,"Nuclear fuel average price, all sectors",CA,California,.57,Dollars per million Btu
2023,NUETD,"Nuclear fuel average price, all sectors",CO,Colorado,0,Dollars per million Btu
2023,NUETD,"Nuclear fuel average price, all sectors",CT,Connecticut,.59,Dollars per million Btu
2023,NUETD,"Nuclear fuel average price, all sectors",DC,District of Columbia,0,Dollars per million Btu
2023,NUETD,"Nuclear fuel average price, all sectors",DE,Delaware,0,Dollars per million Btu
2023,NUETP,Nuclear electricity total net generation,MO,Missouri,9180,Million kilowatthours
2023,NUETP,Nuclear electricity total net generation,MS,Mississippi,11750,Million kilowatthours
2023,NUETP,Nuclear electricity total net generation,MT,Montana,0,Million kilowatthours
2023,NUETP,Nuclear electricity total net generation,NC,North Carolina,42336,Million kilowatthours
2023,NUEGP,Nuclear electricity net generation in the electric power sector,FL,Florida,29940,Million kilowatthours
2023,NUEGP,Nuclear electricity net generation in the electric power sector,GA,Georgia,37377,Million kilowatthours
2023,NUEGP,Nuclear electricity net generation in the electric power sector,HI,Hawaii,0,Million kilowatthours
2023,NUEGP,Nuclear electricity net generation in the electric power sector,IA,Iowa,0,Million kilowatthours
2023,NUEGP,Nuclear electricity net generation in the electric power sector,ID,Idaho,0,Million kilowatthours
2023,BDSUP,Biodiesel product supplied,AL,Alabama,472,Thousand barrels
2023,BDSUP,Biodiesel product supplied,AR,Arkansas,346,Thousand barrels
2023,BDSUP,Biodiesel product supplied,AZ,Arizona,52,Thousand barrels
2023,BDSUP,Biodiesel product supplied,CA,California,4028,Thousand barrels
2023,BDSUP,Biodiesel product supplied,CO,Colorado,67,Thousand barrels
2023,BDSUP,Biodiesel product supplied,CT,Connecticut,609,Thousand barrels
2023,BDSUP,Biodiesel product supplied,DC,District of Columbia,8,Thousand barrels
2023,BDTXP,Biodiesel total end-use consumption,WA,Washington,346,Thousand barrels
2023,EVNNP,Electric vehicle charging locations with both networked and non-networked ports,ME,Maine,3,Number
2023,EVNNP,Electric vehicle charging locations with both networked and non-networked ports,MI,Michigan,12,Number
2023,EVNNP,Electric vehicle charging locations with both networked and non-networked ports,MN,Minnesota,4,Number
2023,EVCHP,Total electric vehicle charging locations,AZ,Arizona,1255,Number
2023,EVCHP,Total electric vehicle charging locations,CA,California,17288,Number
2023,EVCHP,Total electric vehicle charging locations,CO,Colorado,2251,Number
2023,EVCHP,Total electric vehicle charging locations,CT,Connecticut,1046,Number
2023,EVCHP,Total electric vehicle charging locations,DC,District of Columbia,400,Number
2023,EVCHP,Total electric vehicle charging locations,DE,Delaware,210,Number
2023,EVCHP,Total electric vehicle charging locations,FL,Florida,3526,Number
2023,EVCHP,Total electric vehicle charging locations,GA,Georgia,1933,Number
2023,EVCHP,Total electric vehicle charging locations,HI,Hawaii,387,Number
2023,EVCHP,Total electric vehicle charging locations,IA,Iowa,386,Number
2023,EVCHP,Total electric vehicle charging locations,ID,Idaho,201,Number
2023,EVCHP,Total electric vehicle charging locations,IL,Illinois,1358,Number
2023,EVCHP,Total electric vehicle charging locations,IN,Indiana,569,Number
2023,EVCHP,Total electric vehicle charging locations,KS,Kansas,469,Number
2023,EVCHP,Total electric vehicle charging locations,KY,Kentucky,335,Number
2023,EVCHP,Total electric vehicle charging locations,LA,Louisiana,264,Number
2023,PAGBP,Petroleum generating units net summer capacity in all sectors,IN,Indiana,96,Thousand kilowatts
2023,PAGBP,Petroleum generating units net summer capacity in all sectors,KS,Kansas,545,Thousand kilowatts
2023,PAGBP,Petroleum generating units net summer capacity in all sectors,KY,Kentucky,12,Thousand kilowatts
2023,PAGBP,Petroleum generating units net summer capacity in all sectors,LA,Louisiana,877,Thousand kilowatts
2023,PAGBP,Petroleum generating units net summer capacity in all sectors,MA,Massachusetts,2277,Thousand kilowatts
2023,PHVHP,Electricity consumed for plug-in hybrid electric vehicle (PHEV) use,UT,Utah,23,Million kilowatthours
2023,PHVHP,Electricity consumed for plug-in hybrid electric vehicle (PHEV) use,VA,Virginia,45,Million kilowatthours
2023,PHVHP,Electricity consumed for plug-in hybrid electric vehicle (PHEV) use,VT,Vermont,9,Million kilowatthours
2023,PHVHP,Electricity consumed for plug-in hybrid electric vehicle (PHEV) use,WA,Washington,70,Million kilowatthours
2023,PHVHP,Electricity consumed for plug-in hybrid electric vehicle (PHEV) use,WI,Wisconsin,23,Million kilowatthours
2023,PHVHP,Electricity consumed for plug-in hybrid electric vehicle (PHEV) use,WV,West Virginia,3,Million kilowatthours
2023,PHVHP,Electricity consumed for plug-in hybrid electric vehicle (PHEV) use,WY,Wyoming,2,Million kilowatthours
2023,PHVHN,Plug-in hybrid electric vehicle (PHEV) light-duty stocks,AK,Alaska,.8,Thousands of registered vehicles
2023,PHVHN,Plug-in hybrid electric vehicle (PHEV) light-duty stocks,AL,Alabama,5.1,Thousands of registered vehicles
2023,PHVHN,Plug-in hybrid electric vehicle (PHEV) light-duty stocks,AR,Arkansas,2.8,Thousands of registered vehicles
2023,PHVHN,Plug-in hybrid electric vehicle (PHEV) light-duty stocks,AZ,Arizona,22.5,Thousands of registered vehicles
2023,PHVHN,Plug-in hybrid electric vehicle (PHEV) light-duty stocks,CA,California,361.7,Thousands of registered vehicles
2023,PHVHN,Plug-in hybrid electric vehicle (PHEV) light-duty stocks,CO,Colorado,33,Thousands of registered vehicles
2023,PHVHN,Plug-in hybrid electric vehicle (PHEV) light-duty stocks,CT,Connecticut,16.2,Thousands of registered vehicles
2023,PHVHN,Plug-in hybrid electric vehicle (PHEV) light-duty stocks,DC,District of Columbia,3.3,Thousands of registered vehicles
2023,PHVHN,Plug-in hybrid electric vehicle (PHEV) light-duty stocks,DE,Delaware,3.3,Thousands of registered vehicles
2023,BDTXP,Biodiesel total end-use consumption,KY,Kentucky,738,Thousand barrels
2023,BDTXB,Biodiesel total end-use consumption,OR,Oregon,10158,Billion Btu
2023,BDSUP,Biodiesel product supplied,DE,Delaware,36,Thousand barrels
2023,BDSUP,Biodiesel product supplied,FL,Florida,1008,Thousand barrels
2023,BDSUP,Biodiesel product supplied,GA,Georgia,669,Thousand barrels
2023,BDSUP,Biodiesel product supplied,HI,Hawaii,233,Thousand barrels
2023,BDSUP,Biodiesel product supplied,IA,Iowa,1020,Thousand barrels
2023,BDSUP,Biodiesel product supplied,ID,Idaho,43,Thousand barrels
2023,BDSUP,Biodiesel product supplied,IL,Illinois,1970,Thousand barrels
2023,BDSUP,Biodiesel product supplied,IN,Indiana,655,Thousand barrels
2023,BDSUP,Biodiesel product supplied,KS,Kansas,369,Thousand barrels
2023,BDSUP,Biodiesel product supplied,KY,Kentucky,464,Thousand barrels
2023,BDSUP,Biodiesel product supplied,LA,Louisiana,564,Thousand barrels
2023,BDRIP,Biodiesel total refinery and blender net inputs,OK,Oklahoma,307,Thousand barrels
2023,BDRIP,Biodiesel total refinery and blender net inputs,OR,Oregon,703,Thousand barrels
2023,BDTXP,Biodiesel total end-use consumption,WI,Wisconsin,694,Thousand barrels
2023,BDRIP,Biodiesel total refinery and blender net inputs,PA,Pennsylvania,451,Thousand barrels
2023,BDRIP,Biodiesel total refinery and blender net inputs,RI,Rhode Island,108,Thousand barrels
2023,BDRIP,Biodiesel total refinery and blender net inputs,SC,South Carolina,247,Thousand barrels
2023,NTCAS,Natural gas turbine generating units capacity factor,NY,New York,16.8,Percent
2023,NTCAS,Natural gas turbine generating units capacity factor,OH,Ohio,14.9,Percent
2023,NTCAS,Natural gas turbine generating units capacity factor,OK,Oklahoma,11.9,Percent
2023,NTCAS,Natural gas turbine generating units capacity factor,OR,Oregon,17.4,Percent
2023,NTCAS,Natural gas turbine generating units capacity factor,PA,Pennsylvania,24.1,Percent
2023,NTCAS,Natural gas turbine generating units capacity factor,RI,Rhode Island,68.6,Percent
2023,NTCAS,Natural gas turbine generating units capacity factor,SC,South Carolina,12.3,Percent
2023,NTCAS,Natural gas turbine generating units capacity factor,SD,South Dakota,11.6,Percent
2023,BDTXP,Biodiesel total end-use consumption,WV,West Virginia,369,Thousand barrels
2023,NTCAS,Natural gas turbine generating units capacity factor,TN,Tennessee,4.7,Percent
2023,NTCAS,Natural gas turbine generating units capacity factor,TX,Texas,31.1,Percent
2023,NTCAS,Natural gas turbine generating units capacity factor,US,United States,12.9,Percent
2023,NTCAS,Natural gas turbine generating units capacity factor,UT,Utah,28.7,Percent
2023,NTCAS,Natural gas turbine generating units capacity factor,VA,Virginia,8.6,Percent
2023,NTCAS,Natural gas turbine generating units capacity factor,VT,Vermont,0,Percent
2023,NTCAS,Natural gas turbine generating units capacity factor,WA,Washington,40.5,Percent
2023,NTCAS,Natural gas turbine generating units capacity factor,WI,Wisconsin,9.2,Percent
2023,NTCAS,Natural gas turbine generating units capacity factor,WV,West Virginia,31.4,Percent
2023,NTCAS,Natural gas turbine generating units capacity factor,WY,Wyoming,45.7,Percent
2023,NTCAS,Natural gas turbine generating units capacity factor,AK,Alaska,4.4,Percent
2023,NTCAS,Natural gas turbine generating units capacity factor,AL,Alabama,5.9,Percent
2023,NTCAS,Natural gas turbine generating units capacity factor,AR,Arkansas,7.7,Percent
2023,NTCAS,Natural gas turbine generating units capacity factor,AZ,Arizona,8.8,Percent
2023,NTCAS,Natural gas turbine generating units capacity factor,CA,California,9.4,Percent
2023,NTCAS,Natural gas turbine generating units capacity factor,CO,Colorado,10.8,Percent
2023,NTCAS,Natural gas turbine generating units capacity factor,CT,Connecticut,15,Percent
2023,NTCAS,Natural gas turbine generating units capacity factor,DC,District of Columbia,49.3,Percent
2023,NTCAS,Natural gas turbine generating units capacity factor,DE,Delaware,37.1,Percent
2023,NTCAS,Natural gas turbine generating units capacity factor,FL,Florida,7.1,Percent
2023,OJGBP,Other gases generating units net summer capacity in all sectors,KY,Kentucky,0,Thousand kilowatts
2023,OJGBP,Other gases generating units net summer capacity in all sectors,LA,Louisiana,168,Thousand kilowatts
2023,OJGBP,Other gases generating units net summer capacity in all sectors,MA,Massachusetts,0,Thousand kilowatts
2023,OJGBP,Other gases generating units net summer capacity in all sectors,MD,Maryland,0,Thousand kilowatts
2023,OJGBP,Other gases generating units net summer capacity in all sectors,ME,Maine,0,Thousand kilowatts
2023,OJGBP,Other gases generating units net summer capacity in all sectors,MI,Michigan,250,Thousand kilowatts
2023,OJGBP,Other gases generating units net summer capacity in all sectors,MN,Minnesota,0,Thousand kilowatts
2023,OJGBP,Other gases generating units net summer capacity in all sectors,MO,Missouri,0,Thousand kilowatts
2023,OJGBP,Other gases generating units net summer capacity in all sectors,MS,Mississippi,0,Thousand kilowatts
2023,OJGBP,Other gases generating units net summer capacity in all sectors,MT,Montana,2,Thousand kilowatts
2023,OJGBP,Other gases generating units net summer capacity in all sectors,NC,North Carolina,0,Thousand kilowatts
2023,OJGBP,Other gases generating units net summer capacity in all sectors,ND,North Dakota,8,Thousand kilowatts
2023,OJGBP,Other gases generating units net summer capacity in all sectors,NE,Nebraska,0,Thousand kilowatts
2023,OJGBP,Other gases generating units net summer capacity in all sectors,NH,New Hampshire,0,Thousand kilowatts
2023,OJGBP,Other gases generating units net summer capacity in all sectors,NJ,New Jersey,29,Thousand kilowatts
2023,OJGBP,Other gases generating units net summer capacity in all sectors,NM,New Mexico,0,Thousand kilowatts
2023,OJGBP,Other gases generating units net summer capacity in all sectors,NV,Nevada,0,Thousand kilowatts
2023,NYCAS,Natural gas conventional steam generating units capacity factor,CT,Connecticut,4.9,Percent
2023,NYCAS,Natural gas conventional steam generating units capacity factor,RI,Rhode Island,27,Percent
2023,NYCAS,Natural gas conventional steam generating units capacity factor,SC,South Carolina,32.7,Percent
2023,NYCAS,Natural gas conventional steam generating units capacity factor,SD,South Dakota,53.4,Percent
2023,NYCAS,Natural gas conventional steam generating units capacity factor,TN,Tennessee,47.8,Percent
2023,NYCAS,Natural gas conventional steam generating units capacity factor,TX,Texas,20.2,Percent
2023,NYCAS,Natural gas conventional steam generating units capacity factor,US,United States,17.4,Percent
2023,NYCAS,Natural gas conventional steam generating units capacity factor,UT,Utah,11.4,Percent
2023,NYCAS,Natural gas conventional steam generating units capacity factor,VA,Virginia,5.1,Percent
2023,NYCAS,Natural gas conventional steam generating units capacity factor,VT,Vermont,0,Percent
2023,NYCAS,Natural gas conventional steam generating units capacity factor,WA,Washington,31.9,Percent
2023,NYCAS,Natural gas conventional steam generating units capacity factor,WI,Wisconsin,20.6,Percent
2023,NYCAS,Natural gas conventional steam generating units capacity factor,WV,West Virginia,66,Percent
2023,NYCAS,Natural gas conventional steam generating units capacity factor,WY,Wyoming,40.7,Percent
2023,OJGBP,Other gases generating units net summer capacity in all sectors,AK,Alaska,0,Thousand kilowatts
2023,OJGBP,Other gases generating units net summer capacity in all sectors,NY,New York,0,Thousand kilowatts
2023,OJGBP,Other gases generating units net summer capacity in all sectors,OH,Ohio,211,Thousand kilowatts
2023,OJGBP,Other gases generating units net summer capacity in all sectors,OK,Oklahoma,0,Thousand kilowatts
2023,OJGBP,Other gases generating units net summer capacity in all sectors,OR,Oregon,0,Thousand kilowatts
2023,OJGBP,Other gases generating units net summer capacity in all sectors,PA,Pennsylvania,86,Thousand kilowatts
2023,OJGBP,Other gases generating units net summer capacity in all sectors,RI,Rhode Island,0,Thousand kilowatts
2023,OJGBP,Other gases generating units net summer capacity in all sectors,SC,South Carolina,0,Thousand kilowatts
2023,OJGBP,Other gases generating units net summer capacity in all sectors,SD,South Dakota,0,Thousand kilowatts
2023,OJGBP,Other gases generating units net summer capacity in all sectors,TN,Tennessee,0,Thousand kilowatts
2023,BDTXP,Biodiesel total end-use consumption,IN,Indiana,1042,Thousand barrels
2023,OJGBP,Other gases generating units net summer capacity in all sectors,TX,Texas,177,Thousand kilowatts
2023,OJGBP,Other gases generating units net summer capacity in all sectors,US,United States,1867,Thousand kilowatts
2023,OJGBP,Other gases generating units net summer capacity in all sectors,UT,Utah,0,Thousand kilowatts
2023,OJGBP,Other gases generating units net summer capacity in all sectors,VA,Virginia,0,Thousand kilowatts
2023,OJGBP,Other gases generating units net summer capacity in all sectors,VT,Vermont,0,Thousand kilowatts
2023,OJGBP,Other gases generating units net summer capacity in all sectors,WA,Washington,0,Thousand kilowatts
2023,OJGBP,Other gases generating units net summer capacity in all sectors,WI,Wisconsin,0,Thousand kilowatts
2023,OJGBP,Other gases generating units net summer capacity in all sectors,WV,West Virginia,0,Thousand kilowatts
2023,EV2CN,Level 2 charging ports for electric vehicles,OR,Oregon,2629,Number
2023,EV2CN,Level 2 charging ports for electric vehicles,PA,Pennsylvania,3822,Number
2023,EV2CN,Level 2 charging ports for electric vehicles,RI,Rhode Island,727,Number
2023,EV2CN,Level 2 charging ports for electric vehicles,SC,South Carolina,1122,Number
2023,EV2CN,Level 2 charging ports for electric vehicles,SD,South Dakota,137,Number
2023,EV2CN,Level 2 charging ports for electric vehicles,TN,Tennessee,1895,Number
2023,EVNTP,Electric vehicle charging locations with networked ports only,KY,Kentucky,220,Number
2023,EVNTP,Electric vehicle charging locations with networked ports only,LA,Louisiana,191,Number
2023,EVNTP,Electric vehicle charging locations with networked ports only,MA,Massachusetts,2921,Number
2023,EVNTP,Electric vehicle charging locations with networked ports only,MD,Maryland,1558,Number
2023,EVNTP,Electric vehicle charging locations with networked ports only,ME,Maine,312,Number
2023,EVNTP,Electric vehicle charging locations with networked ports only,MI,Michigan,1085,Number
2023,EVNTP,Electric vehicle charging locations with networked ports only,MN,Minnesota,668,Number
2023,EVNTP,Electric vehicle charging locations with networked ports only,MO,Missouri,999,Number
2023,EVNTP,Electric vehicle charging locations with networked ports only,MS,Mississippi,96,Number
2023,EVNTP,Electric vehicle charging locations with networked ports only,MT,Montana,93,Number
2023,EVNTP,Electric vehicle charging locations with networked ports only,NC,North Carolina,1360,Number
2023,EVNTP,Electric vehicle charging locations with networked ports only,ND,North Dakota,59,Number
2023,EVNTP,Electric vehicle charging locations with networked ports only,NE,Nebraska,256,Number
2023,EVNTP,Electric vehicle charging locations with networked ports only,NH,New Hampshire,175,Number
2023,EVNTP,Electric vehicle charging locations with networked ports only,NJ,New Jersey,1211,Number
2023,EVNTP,Electric vehicle charging locations with networked ports only,NM,New Mexico,228,Number
2023,EVNTP,Electric vehicle charging locations with networked ports only,NV,Nevada,553,Number
2023,EVCHN,Total charging ports for electric vehicles,NC,North Carolina,4522,Number
2023,EVCHN,Total charging ports for electric vehicles,ND,North Dakota,210,Number
2023,EVCHN,Total charging ports for electric vehicles,NE,Nebraska,590,Number
2023,EVCHN,Total charging ports for electric vehicles,NH,New Hampshire,650,Number
2023,EVCHN,Total charging ports for electric vehicles,NJ,New Jersey,4172,Number
2023,EVCHN,Total charging ports for electric vehicles,NM,New Mexico,723,Number
2023,EVCHN,Total charging ports for electric vehicles,NV,Nevada,2351,Number
2023,BDTXP,Biodiesel total end-use consumption,ND,North Dakota,264,Thousand barrels
2023,EVCHN,Total charging ports for electric vehicles,NY,New York,16547,Number
2023,EVPUP,Electric vehicle charging locations with public ports only,NC,North Carolina,1519,Number
2023,EVPUP,Electric vehicle charging locations with public ports only,ND,North Dakota,94,Number
2023,EVPUP,Electric vehicle charging locations with public ports only,NE,Nebraska,258,Number
2023,EVPUP,Electric vehicle charging locations with public ports only,NH,New Hampshire,219,Number
2023,EVPUP,Electric vehicle charging locations with public ports only,NJ,New Jersey,1261,Number
2023,EVPUP,Electric vehicle charging locations with public ports only,NM,New Mexico,271,Number
2023,EVPUP,Electric vehicle charging locations with public ports only,NV,Nevada,586,Number
2023,OJGBP,Other gases generating units net summer capacity in all sectors,AL,Alabama,0,Thousand kilowatts
2023,OJGBP,Other gases generating units net summer capacity in all sectors,AR,Arkansas,0,Thousand kilowatts
2023,OJGBP,Other gases generating units net summer capacity in all sectors,AZ,Arizona,0,Thousand kilowatts
2023,OJGBP,Other gases generating units net summer capacity in all sectors,CA,California,213,Thousand kilowatts
2023,OJGBP,Other gases generating units net summer capacity in all sectors,CO,Colorado,3,Thousand kilowatts
2023,OJGBP,Other gases generating units net summer capacity in all sectors,CT,Connecticut,0,Thousand kilowatts
2023,OJGBP,Other gases generating units net summer capacity in all sectors,DC,District of Columbia,0,Thousand kilowatts
2023,OJGBP,Other gases generating units net summer capacity in all sectors,DE,Delaware,135,Thousand kilowatts
2023,OJGBP,Other gases generating units net summer capacity in all sectors,FL,Florida,0,Thousand kilowatts
2023,OJGBP,Other gases generating units net summer capacity in all sectors,GA,Georgia,0,Thousand kilowatts
2023,OJGBP,Other gases generating units net summer capacity in all sectors,HI,Hawaii,0,Thousand kilowatts
2023,OJGBP,Other gases generating units net summer capacity in all sectors,IA,Iowa,0,Thousand kilowatts
2023,OJGBP,Other gases generating units net summer capacity in all sectors,ID,Idaho,0,Thousand kilowatts
2023,OJGBP,Other gases generating units net summer capacity in all sectors,IL,Illinois,37,Thousand kilowatts
2023,OJGBP,Other gases generating units net summer capacity in all sectors,IN,Indiana,545,Thousand kilowatts
2023,OJGBP,Other gases generating units net summer capacity in all sectors,KS,Kansas,0,Thousand kilowatts
2023,NYCAS,Natural gas conventional steam generating units capacity factor,DC,District of Columbia,0,Percent
2023,NYCAS,Natural gas conventional steam generating units capacity factor,DE,Delaware,3.8,Percent
2023,NYCAS,Natural gas conventional steam generating units capacity factor,FL,Florida,14.3,Percent
2023,NYCAS,Natural gas conventional steam generating units capacity factor,GA,Georgia,36.4,Percent
2023,NYCAS,Natural gas conventional steam generating units capacity factor,HI,Hawaii,0,Percent
2023,NYCAS,Natural gas conventional steam generating units capacity factor,IA,Iowa,12.6,Percent
2023,NYCAS,Natural gas conventional steam generating units capacity factor,ID,Idaho,58.7,Percent
2023,NYCAS,Natural gas conventional steam generating units capacity factor,IL,Illinois,14.9,Percent
2023,NYCAS,Natural gas conventional steam generating units capacity factor,IN,Indiana,45.5,Percent
2023,NYCAS,Natural gas conventional steam generating units capacity factor,KS,Kansas,3.4,Percent
2023,NYCAS,Natural gas conventional steam generating units capacity factor,KY,Kentucky,28.3,Percent
2023,NYCAS,Natural gas conventional steam generating units capacity factor,LA,Louisiana,16.1,Percent
2023,NYCAS,Natural gas conventional steam generating units capacity factor,MA,Massachusetts,29.4,Percent
2023,NYCAS,Natural gas conventional steam generating units capacity factor,MD,Maryland,7.1,Percent
2023,NYCAS,Natural gas conventional steam generating units capacity factor,ME,Maine,4.9,Percent
2023,NYCAS,Natural gas conventional steam generating units capacity factor,MI,Michigan,6.7,Percent
2023,OJGBP,Other gases generating units net summer capacity in all sectors,WY,Wyoming,3,Thousand kilowatts
2023,NYCAS,Natural gas conventional steam generating units capacity factor,MN,Minnesota,16.5,Percent
2023,NYCAS,Natural gas conventional steam generating units capacity factor,MO,Missouri,10.8,Percent
2023,NYCAS,Natural gas conventional steam generating units capacity factor,MS,Mississippi,25.8,Percent
2023,NYCAS,Natural gas conventional steam generating units capacity factor,MT,Montana,0,Percent
2023,NYCAS,Natural gas conventional steam generating units capacity factor,NC,North Carolina,41.3,Percent
2023,NYCAS,Natural gas conventional steam generating units capacity factor,ND,North Dakota,15.6,Percent
2023,NYCAS,Natural gas conventional steam generating units capacity factor,NE,Nebraska,6,Percent
2023,NYCAS,Natural gas conventional steam generating units capacity factor,NH,New Hampshire,0,Percent
2023,NYCAS,Natural gas conventional steam generating units capacity factor,NJ,New Jersey,22.4,Percent
2023,NYCAS,Natural gas conventional steam generating units capacity factor,NM,New Mexico,34,Percent
2023,NYCAS,Natural gas conventional steam generating units capacity factor,NV,Nevada,15.6,Percent
2023,NYCAS,Natural gas conventional steam generating units capacity factor,NY,New York,11.5,Percent
2023,NYCAS,Natural gas conventional steam generating units capacity factor,OH,Ohio,31.9,Percent
2023,NYCAS,Natural gas conventional steam generating units capacity factor,OK,Oklahoma,15.8,Percent
2023,NYCAS,Natural gas conventional steam generating units capacity factor,OR,Oregon,0,Percent
2023,NYCAS,Natural gas conventional steam generating units capacity factor,PA,Pennsylvania,13.1,Percent
2023,BDTXP,Biodiesel total end-use consumption,NE,Nebraska,479,Thousand barrels
2023,NYCAS,Natural gas conventional steam generating units capacity factor,AK,Alaska,0,Percent
2023,NYCAS,Natural gas conventional steam generating units capacity factor,AL,Alabama,22.3,Percent
2023,NYCAS,Natural gas conventional steam generating units capacity factor,AR,Arkansas,3.1,Percent
2023,NYCAS,Natural gas conventional steam generating units capacity factor,AZ,Arizona,20.4,Percent
2023,NYCAS,Natural gas conventional steam generating units capacity factor,CA,California,4.5,Percent
2023,NYCAS,Natural gas conventional steam generating units capacity factor,CO,Colorado,20.4,Percent
2023,OTGBP,Other generating units net summer capacity in all sectors,NY,New York,20,Thousand kilowatts
2023,OTGBP,Other generating units net summer capacity in all sectors,OH,Ohio,0,Thousand kilowatts
2023,OTGBP,Other generating units net summer capacity in all sectors,OK,Oklahoma,0,Thousand kilowatts
2023,OTGBP,Other generating units net summer capacity in all sectors,OR,Oregon,0,Thousand kilowatts
2023,OTGBP,Other generating units net summer capacity in all sectors,PA,Pennsylvania,20,Thousand kilowatts
2023,OTGBP,Other generating units net summer capacity in all sectors,RI,Rhode Island,0,Thousand kilowatts
2023,OTGBP,Other generating units net summer capacity in all sectors,SC,South Carolina,0,Thousand kilowatts
2023,OTGBP,Other generating units net summer capacity in all sectors,SD,South Dakota,0,Thousand kilowatts
2023,OTGBP,Other generating units net summer capacity in all sectors,TN,Tennessee,0,Thousand kilowatts
2023,OTGBP,Other generating units net summer capacity in all sectors,TX,Texas,224,Thousand kilowatts
2023,OTGBP,Other generating units net summer capacity in all sectors,US,United States,1456,Thousand kilowatts
2023,OTGBP,Other generating units net summer capacity in all sectors,UT,Utah,40,Thousand kilowatts
2023,OTGBP,Other generating units net summer capacity in all sectors,VA,Virginia,0,Thousand kilowatts
2023,OTGBP,Other generating units net summer capacity in all sectors,VT,Vermont,0,Thousand kilowatts
2023,OTGBP,Other generating units net summer capacity in all sectors,WA,Washington,0,Thousand kilowatts
2023,OTGBP,Other generating units net summer capacity in all sectors,WI,Wisconsin,0,Thousand kilowatts
2023,OTGBP,Other generating units net summer capacity in all sectors,WV,West Virginia,0,Thousand kilowatts
2023,OTGBP,Other generating units net summer capacity in all sectors,AK,Alaska,3,Thousand kilowatts
2023,BDTXP,Biodiesel total end-use consumption,KS,Kansas,586,Thousand barrels
2023,BDCCP,Biodiesel consumed by the commercial sector,IL,Illinois,0,Thousand barrels
2023,BDCCP,Biodiesel consumed by the commercial sector,AR,Arkansas,0,Thousand barrels
2023,BDCCP,Biodiesel consumed by the commercial sector,ID,Idaho,0,Thousand barrels
2023,BDTXP,Biodiesel total end-use consumption,NY,New York,2509,Thousand barrels
2023,BDCCP,Biodiesel consumed by the commercial sector,MA,Massachusetts,0,Thousand barrels
2023,BDCCB,Biodiesel consumed by the commercial sector,RI,Rhode Island,204,Billion Btu
2023,BDTXP,Biodiesel total end-use consumption,VT,Vermont,48,Thousand barrels
2023,BDCCP,Biodiesel consumed by the commercial sector,NH,New Hampshire,0,Thousand barrels
2023,BDCCP,Biodiesel consumed by the commercial sector,NM,New Mexico,0,Thousand barrels
2023,BDSUB,Biodiesel product supplied,SC,South Carolina,2247,Billion Btu
2023,BDSUB,Biodiesel product supplied,SD,South Dakota,654,Billion Btu
2023,BDSUB,Biodiesel product supplied,TN,Tennessee,3117,Billion Btu
2023,BDSUB,Biodiesel product supplied,TX,Texas,17180,Billion Btu
2023,BDSUB,Biodiesel product supplied,US,United States,155275,Billion Btu
2023,BDSUB,Biodiesel product supplied,UT,Utah,311,Billion Btu
2023,BDSUB,Biodiesel product supplied,VA,Virginia,2928,Billion Btu
2023,BDSUB,Biodiesel product supplied,VT,Vermont,162,Billion Btu
2023,BDTXP,Biodiesel total end-use consumption,CA,California,6402,Thousand barrels
2023,BDTXB,Biodiesel total end-use consumption,OH,Ohio,6745,Billion Btu
2023,BDSUB,Biodiesel product supplied,WA,Washington,1168,Billion Btu
2023,BDSUB,Biodiesel product supplied,WI,Wisconsin,2340,Billion Btu
2023,BDSUB,Biodiesel product supplied,WV,West Virginia,1245,Billion Btu
2023,BDSUB,Biodiesel product supplied,WY,Wyoming,210,Billion Btu
2023,BDSUP,Biodiesel product supplied,AK,Alaska,0,Thousand barrels
2023,BDSUB,Biodiesel product supplied,IL,Illinois,10557,Billion Btu
2023,BDSUB,Biodiesel product supplied,IN,Indiana,3513,Billion Btu
2023,BDSUB,Biodiesel product supplied,KS,Kansas,1976,Billion Btu
2023,BDSUB,Biodiesel product supplied,KY,Kentucky,2488,Billion Btu
2023,BDSUB,Biodiesel product supplied,LA,Louisiana,3022,Billion Btu
2023,BDSUB,Biodiesel product supplied,MA,Massachusetts,1177,Billion Btu
2023,BDSUB,Biodiesel product supplied,MD,Maryland,1247,Billion Btu
2023,BDSUB,Biodiesel product supplied,ME,Maine,531,Billion Btu
2023,BDSUB,Biodiesel product supplied,MI,Michigan,2509,Billion Btu
2023,BDSUB,Biodiesel product supplied,MN,Minnesota,9821,Billion Btu
2023,BDSUB,Biodiesel product supplied,MO,Missouri,2705,Billion Btu
2023,BDSUB,Biodiesel product supplied,MS,Mississippi,2006,Billion Btu
2023,BDSUB,Biodiesel product supplied,MT,Montana,13,Billion Btu
2023,BDSUB,Biodiesel product supplied,NC,North Carolina,3062,Billion Btu
2023,BDSUB,Biodiesel product supplied,ND,North Dakota,891,Billion Btu
2023,BDTXP,Biodiesel total end-use consumption,AL,Alabama,751,Thousand barrels
2023,BDTXP,Biodiesel total end-use consumption,IL,Illinois,3131,Thousand barrels
2023,BDSUB,Biodiesel product supplied,NE,Nebraska,1614,Billion Btu
2023,BDSUB,Biodiesel product supplied,NH,New Hampshire,319,Billion Btu
2023,BDSUB,Biodiesel product supplied,NJ,New Jersey,2134,Billion Btu
2023,BDSUB,Biodiesel product supplied,NM,New Mexico,1093,Billion Btu
2023,BDSUB,Biodiesel product supplied,NV,Nevada,34,Billion Btu
2023,BDSUB,Biodiesel product supplied,NY,New York,8460,Billion Btu
2023,BDSUB,Biodiesel product supplied,OH,Ohio,4244,Billion Btu
2023,BDSUB,Biodiesel product supplied,OK,Oklahoma,2796,Billion Btu
2023,BDSUB,Biodiesel product supplied,OR,Oregon,6392,Billion Btu
2023,BDSUB,Biodiesel product supplied,PA,Pennsylvania,4098,Billion Btu
2023,BDSUB,Biodiesel product supplied,RI,Rhode Island,979,Billion Btu
2023,BDTCB,Biodiesel total consumption,MO,Missouri,4298,Billion Btu
2023,BDTCB,Biodiesel total consumption,MS,Mississippi,3187,Billion Btu
2023,BDTCB,Biodiesel total consumption,MT,Montana,21,Billion Btu
2023,BDTCB,Biodiesel total consumption,AK,Alaska,0,Billion Btu
2023,BDTCB,Biodiesel total consumption,AL,Alabama,4022,Billion Btu
2023,BDTXB,Biodiesel total end-use consumption,NH,New Hampshire,507,Billion Btu
2023,BDTXB,Biodiesel total end-use consumption,DC,District of Columbia,72,Billion Btu
2023,OTGBP,Other generating units net summer capacity in all sectors,AL,Alabama,0,Thousand kilowatts
2023,OTGBP,Other generating units net summer capacity in all sectors,AR,Arkansas,0,Thousand kilowatts
2023,OTGBP,Other generating units net summer capacity in all sectors,AZ,Arizona,0,Thousand kilowatts
2023,OTGBP,Other generating units net summer capacity in all sectors,CA,California,94,Thousand kilowatts
2023,OTGBP,Other generating units net summer capacity in all sectors,CO,Colorado,9,Thousand kilowatts
2023,OTGBP,Other generating units net summer capacity in all sectors,CT,Connecticut,0,Thousand kilowatts
2023,OTGBP,Other generating units net summer capacity in all sectors,DC,District of Columbia,0,Thousand kilowatts
2023,OTGBP,Other generating units net summer capacity in all sectors,DE,Delaware,0,Thousand kilowatts
2023,OTGBP,Other generating units net summer capacity in all sectors,FL,Florida,313,Thousand kilowatts
2023,OTGBP,Other generating units net summer capacity in all sectors,GA,Georgia,0,Thousand kilowatts
2023,OTGBP,Other generating units net summer capacity in all sectors,HI,Hawaii,28,Thousand kilowatts
2023,OTGBP,Other generating units net summer capacity in all sectors,IA,Iowa,0,Thousand kilowatts
2023,OTGBP,Other generating units net summer capacity in all sectors,WY,Wyoming,13,Thousand kilowatts
2023,OTGBP,Other generating units net summer capacity in all sectors,ID,Idaho,15,Thousand kilowatts
2023,OTGBP,Other generating units net summer capacity in all sectors,IL,Illinois,78,Thousand kilowatts
2023,OTGBP,Other generating units net summer capacity in all sectors,IN,Indiana,88,Thousand kilowatts
2023,OTGBP,Other generating units net summer capacity in all sectors,KS,Kansas,1,Thousand kilowatts
2023,OTGBP,Other generating units net summer capacity in all sectors,KY,Kentucky,0,Thousand kilowatts
2023,OTGBP,Other generating units net summer capacity in all sectors,LA,Louisiana,359,Thousand kilowatts
2023,OTGBP,Other generating units net summer capacity in all sectors,MA,Massachusetts,0,Thousand kilowatts
2023,OTGBP,Other generating units net summer capacity in all sectors,MD,Maryland,0,Thousand kilowatts
2023,OTGBP,Other generating units net summer capacity in all sectors,ME,Maine,22,Thousand kilowatts
2023,OTGBP,Other generating units net summer capacity in all sectors,MI,Michigan,4,Thousand kilowatts
2023,OTGBP,Other generating units net summer capacity in all sectors,MN,Minnesota,6,Thousand kilowatts
2023,OTGBP,Other generating units net summer capacity in all sectors,MO,Missouri,0,Thousand kilowatts
2023,OTGBP,Other generating units net summer capacity in all sectors,MS,Mississippi,1,Thousand kilowatts
2023,OTGBP,Other generating units net summer capacity in all sectors,MT,Montana,40,Thousand kilowatts
2023,OTGBP,Other generating units net summer capacity in all sectors,NC,North Carolina,54,Thousand kilowatts
2023,OTGBP,Other generating units net summer capacity in all sectors,ND,North Dakota,5,Thousand kilowatts
2023,OTGBP,Other generating units net summer capacity in all sectors,NE,Nebraska,0,Thousand kilowatts
2023,OTGBP,Other generating units net summer capacity in all sectors,NH,New Hampshire,0,Thousand kilowatts
2023,OTGBP,Other generating units net summer capacity in all sectors,NJ,New Jersey,11,Thousand kilowatts
2023,OTGBP,Other generating units net summer capacity in all sectors,NM,New Mexico,1,Thousand kilowatts
2023,OTGBP,Other generating units net summer capacity in all sectors,NV,Nevada,7,Thousand kilowatts
2023,PACAS,Petroleum generating units capacity factor,OH,Ohio,20.8,Percent
2023,PACAS,Petroleum generating units capacity factor,OK,Oklahoma,.5,Percent
2023,PACAS,Petroleum generating units capacity factor,OR,Oregon,.3,Percent
2023,BDCCP,Biodiesel consumed by the commercial sector,IN,Indiana,0,Thousand barrels
2023,BDCCP,Biodiesel consumed by the commercial sector,ME,Maine,0,Thousand barrels
2023,BDEIB,Biodiesel consumed by the electric power sector,IN,Indiana,0,Billion Btu
2023,BDEIP,Biodiesel consumed by the electric power sector,NM,New Mexico,0,Thousand barrels
2023,PACAS,Petroleum generating units capacity factor,PA,Pennsylvania,.1,Percent
2023,PACAS,Petroleum generating units capacity factor,RI,Rhode Island,.1,Percent
2023,PACAS,Petroleum generating units capacity factor,SC,South Carolina,.1,Percent
2023,PACAS,Petroleum generating units capacity factor,SD,South Dakota,1.4,Percent
2023,PACAS,Petroleum generating units capacity factor,TN,Tennessee,0,Percent
2023,PACAS,Petroleum generating units capacity factor,TX,Texas,3.9,Percent
2023,PACAS,Petroleum generating units capacity factor,US,United States,4.1,Percent
2023,PACAS,Petroleum generating units capacity factor,UT,Utah,.3,Percent
2023,PACAS,Petroleum generating units capacity factor,VA,Virginia,.7,Percent
2023,PACAS,Petroleum generating units capacity factor,VT,Vermont,.2,Percent
2023,PACAS,Petroleum generating units capacity factor,WA,Washington,.2,Percent
2023,PACAS,Petroleum generating units capacity factor,WI,Wisconsin,2.2,Percent
2023,PACAS,Petroleum generating units capacity factor,WV,West Virginia,0,Percent
2023,PACAS,Petroleum generating units capacity factor,AK,Alaska,8.6,Percent
2023,PACAS,Petroleum generating units capacity factor,AL,Alabama,.1,Percent
2023,PACAS,Petroleum generating units capacity factor,AR,Arkansas,0,Percent
2023,PACAS,Petroleum generating units capacity factor,WY,Wyoming,1,Percent
2023,PACAS,Petroleum generating units capacity factor,AZ,Arizona,4,Percent
2023,PACAS,Petroleum generating units capacity factor,CA,California,1,Percent
2023,PACAS,Petroleum generating units capacity factor,CO,Colorado,.8,Percent
2023,PACAS,Petroleum generating units capacity factor,CT,Connecticut,.4,Percent
2023,PACAS,Petroleum generating units capacity factor,DC,District of Columbia,0,Percent
2023,PACAS,Petroleum generating units capacity factor,DE,Delaware,.1,Percent
2023,PACAS,Petroleum generating units capacity factor,FL,Florida,1.8,Percent
2023,PACAS,Petroleum generating units capacity factor,GA,Georgia,.7,Percent
2023,PACAS,Petroleum generating units capacity factor,HI,Hawaii,35.1,Percent
2023,PACAS,Petroleum generating units capacity factor,IA,Iowa,.2,Percent
2023,PACAS,Petroleum generating units capacity factor,ID,Idaho,.1,Percent
2023,PACAS,Petroleum generating units capacity factor,IL,Illinois,.1,Percent
2023,PACAS,Petroleum generating units capacity factor,IN,Indiana,4.9,Percent
2023,PACAS,Petroleum generating units capacity factor,KS,Kansas,.7,Percent
2023,PACAS,Petroleum generating units capacity factor,KY,Kentucky,.3,Percent
2023,PACAS,Petroleum generating units capacity factor,LA,Louisiana,17.6,Percent
2023,PACAS,Petroleum generating units capacity factor,MA,Massachusetts,.5,Percent
2023,PACAS,Petroleum generating units capacity factor,MD,Maryland,1.2,Percent
2023,PACAS,Petroleum generating units capacity factor,ME,Maine,.6,Percent
2023,PACAS,Petroleum generating units capacity factor,MI,Michigan,4.5,Percent
2023,PACAS,Petroleum generating units capacity factor,MN,Minnesota,.6,Percent
2023,PACAS,Petroleum generating units capacity factor,MO,Missouri,.6,Percent
2023,PACAS,Petroleum generating units capacity factor,MS,Mississippi,.5,Percent
2023,PACAS,Petroleum generating units capacity factor,MT,Montana,107.7,Percent
2023,PACAS,Petroleum generating units capacity factor,NC,North Carolina,.1,Percent
2023,PACAS,Petroleum generating units capacity factor,ND,North Dakota,.2,Percent
2023,PACAS,Petroleum generating units capacity factor,NE,Nebraska,.8,Percent
2023,PACAS,Petroleum generating units capacity factor,NH,New Hampshire,1.5,Percent
2023,PACAS,Petroleum generating units capacity factor,NJ,New Jersey,.5,Percent
2023,PACAS,Petroleum generating units capacity factor,NM,New Mexico,.2,Percent
2023,PACAS,Petroleum generating units capacity factor,NV,Nevada,0,Percent
2023,PACAS,Petroleum generating units capacity factor,NY,New York,.5,Percent
2023,PAGBP,Petroleum generating units net summer capacity in all sectors,MD,Maryland,1656,Thousand kilowatts
2023,PAGBP,Petroleum generating units net summer capacity in all sectors,ME,Maine,845,Thousand kilowatts
2023,PAGBP,Petroleum generating units net summer capacity in all sectors,MI,Michigan,480,Thousand kilowatts
2023,PAGBP,Petroleum generating units net summer capacity in all sectors,MN,Minnesota,772,Thousand kilowatts
2023,PAGBP,Petroleum generating units net summer capacity in all sectors,MO,Missouri,1086,Thousand kilowatts
2023,PAGBP,Petroleum generating units net summer capacity in all sectors,MS,Mississippi,9,Thousand kilowatts
2023,PAGBP,Petroleum generating units net summer capacity in all sectors,MT,Montana,52,Thousand kilowatts
2023,PAGBP,Petroleum generating units net summer capacity in all sectors,NC,North Carolina,491,Thousand kilowatts
2023,PAGBP,Petroleum generating units net summer capacity in all sectors,ND,North Dakota,58,Thousand kilowatts
2023,PAGBP,Petroleum generating units net summer capacity in all sectors,NE,Nebraska,364,Thousand kilowatts
2023,PAGBP,Petroleum generating units net summer capacity in all sectors,NH,New Hampshire,494,Thousand kilowatts
2023,PAGBP,Petroleum generating units net summer capacity in all sectors,NJ,New Jersey,302,Thousand kilowatts
2023,PAGBP,Petroleum generating units net summer capacity in all sectors,NM,New Mexico,46,Thousand kilowatts
2023,PAGBP,Petroleum generating units net summer capacity in all sectors,NV,Nevada,6,Thousand kilowatts
2023,PAGBP,Petroleum generating units net summer capacity in all sectors,NY,New York,3482,Thousand kilowatts
2023,PAGBP,Petroleum generating units net summer capacity in all sectors,OH,Ohio,649,Thousand kilowatts
2023,PAGBP,Petroleum generating units net summer capacity in all sectors,AK,Alaska,751,Thousand kilowatts
2023,PAGBP,Petroleum generating units net summer capacity in all sectors,AL,Alabama,43,Thousand kilowatts
2023,PAGBP,Petroleum generating units net summer capacity in all sectors,AR,Arkansas,9,Thousand kilowatts
2023,PAGBP,Petroleum generating units net summer capacity in all sectors,AZ,Arizona,269,Thousand kilowatts
2023,PAGBP,Petroleum generating units net summer capacity in all sectors,OK,Oklahoma,54,Thousand kilowatts
2023,PAGBP,Petroleum generating units net summer capacity in all sectors,OR,Oregon,7,Thousand kilowatts
2023,BDCCP,Biodiesel consumed by the commercial sector,KS,Kansas,0,Thousand barrels
2023,BDXUB,Biodiesel product supplied portion to the end-use sectors,US,United States,154395,Billion Btu
2023,BDXUB,Biodiesel product supplied portion to the end-use sectors,UT,Utah,311,Billion Btu
2023,BDXUB,Biodiesel product supplied portion to the end-use sectors,VA,Virginia,2927,Billion Btu
2023,BDXUB,Biodiesel product supplied portion to the end-use sectors,VT,Vermont,162,Billion Btu
2023,BDXUB,Biodiesel product supplied portion to the end-use sectors,WA,Washington,1168,Billion Btu
2023,BDXUB,Biodiesel product supplied portion to the end-use sectors,WI,Wisconsin,2340,Billion Btu
2023,BDXUB,Biodiesel product supplied portion to the end-use sectors,WV,West Virginia,1245,Billion Btu
2023,BDXUB,Biodiesel product supplied portion to the end-use sectors,WY,Wyoming,210,Billion Btu
2023,BDXUP,Biodiesel product supplied portion to the end-use sectors,AK,Alaska,0,Thousand barrels
2023,BDEIP,Biodiesel consumed by the electric power sector,NV,Nevada,0,Thousand barrels
2023,NNACE,"Natural gas, excluding supplemental gaseous fuels, CO2 emissions for the transportation sector",DC,District of Columbia,0,Million metric tons CO2
2023,CLTCE,Coal CO2 emissions for all sectors,MO,Missouri,42.4,Million metric tons CO2  
2023,PMACE,"Total petroleum, excluding biofuels, CO2 emissions for the transportation sector",IN,Indiana,37.7,Million metric tons CO2
2023,CDTPR,Per capita energy-related CO2 emissions,IL,Illinois,13.2,Metric tons CO2
2023,CDEGR,Carbon intensity of the economy (CO2 emissions divided by real GDP),ID,Idaho,222.3,Metric tons CO2 per million chained (2017) dollars
2023,CDTPR,Per capita energy-related CO2 emissions,OR,Oregon,9.1,Metric tons CO2
2023,FFEIE,Fossil fuel CO2 emissions for the electric power sector,NE,Nebraska,18.4,Million metric tons CO2
2023,CLTCE,Coal CO2 emissions for all sectors,PA,Pennsylvania,28.9,Million metric tons CO2  
2023,CLCCE,Coal CO2 emissions for the commercial sector,WI,Wisconsin,0,Million metric tons CO2
2023,CLACE,Coal CO2 emissions for the transportation sector (through 1977),GA,Georgia,0,Million metric tons CO2
2023,PMICE,"Total petroleum, excluding biofuels, CO2 emissions for the industrial sector",AZ,Arizona,3,Million metric tons CO2
2023,FFRCE,Fossil fuel CO2 emissions for the residential sector,ND,North Dakota,1.2,Million metric tons CO2
2023,CLRCE,Coal CO2 emissions for the residential sector (through 2008),WY,Wyoming,0,Million metric tons CO2
2023,CLACE,Coal CO2 emissions for the transportation sector (through 1977),KS,Kansas,0,Million metric tons CO2
2023,FFEIE,Fossil fuel CO2 emissions for the electric power sector,AK,Alaska,2.9,Million metric tons CO2
2023,PMACE,"Total petroleum, excluding biofuels, CO2 emissions for the transportation sector",UT,Utah,18.8,Million metric tons CO2
2023,CLICE,Coal CO2 emissions for the industrial sector,KY,Kentucky,1.7,Million metric tons CO2
2023,TEACE,Total energy CO2 emissions for the transportation sector,WI,Wisconsin,29.5,Million metric tons CO2
2023,PMCCE,"Total petroleum, excluding biofuels, CO2 emissions for the commercial sector",NV,Nevada,.6,Million metric tons CO2
2023,FFICE,Fossil fuel CO2 emissions for the industrial sector,TX,Texas,235.8,Million metric tons CO2
2023,CLRCE,Coal CO2 emissions for the residential sector (through 2008),ID,Idaho,0,Million metric tons CO2
2023,TEICE,Total energy CO2 emissions for the industrial sector,PA,Pennsylvania,48.8,Million metric tons CO2
2023,TEEIE,Total energy CO2 emissions for the electric power sector,TX,Texas,185.3,Million metric tons CO2
2023,CLICE,Coal CO2 emissions for the industrial sector,GA,Georgia,.4,Million metric tons CO2
2023,FFEIE,Fossil fuel CO2 emissions for the electric power sector,CO,Colorado,27,Million metric tons CO2
2023,PMEIE,"Total petroleum, excluding biofuels, CO2 emissions for the electric power sector",NJ,New Jersey,0,Million metric tons CO2
2023,NNACE,"Natural gas, excluding supplemental gaseous fuels, CO2 emissions for the transportation sector",ID,Idaho,.4,Million metric tons CO2
2023,NNCCE,"Natural gas, excluding supplemental gaseous fuels, CO2 emissions for the commercial sector",MS,Mississippi,1.1,Million metric tons CO2
2023,FFICE,Fossil fuel CO2 emissions for the industrial sector,SC,South Carolina,7.3,Million metric tons CO2
2023,PMACE,"Total petroleum, excluding biofuels, CO2 emissions for the transportation sector",MT,Montana,7.8,Million metric tons CO2
2023,FFRCE,Fossil fuel CO2 emissions for the residential sector,DE,Delaware,.9,Million metric tons CO2
2023,FFACE,Fossil fuel CO2 emissions for the transportation sector,AZ,Arizona,37.7,Million metric tons CO2
2023,CLCCE,Coal CO2 emissions for the commercial sector,CA,California,0,Million metric tons CO2
2023,FFICE,Fossil fuel CO2 emissions for the industrial sector,NC,North Carolina,9.4,Million metric tons CO2
2023,PMICE,"Total petroleum, excluding biofuels, CO2 emissions for the industrial sector",CA,California,22.7,Million metric tons CO2
2023,FFACE,Fossil fuel CO2 emissions for the transportation sector,AK,Alaska,14.7,Million metric tons CO2
2023,FFICE,Fossil fuel CO2 emissions for the industrial sector,OR,Oregon,4.5,Million metric tons CO2
2023,CLTCE,Coal CO2 emissions for all sectors,MS,Mississippi,4.8,Million metric tons CO2  
2023,PMRCE,"Total petroleum, excluding biofuels, CO2 emissions for the residential sector",NV,Nevada,.2,Million metric tons CO2
2023,CLTCE,Coal CO2 emissions for all sectors,AL,Alabama,21.5,Million metric tons CO2  
2023,NNRCE,"Natural gas, excluding supplemental gaseous fuels, CO2 emissions for the residential sector",NC,North Carolina,3.5,Million metric tons CO2
2023,CLCCE,Coal CO2 emissions for the commercial sector,MN,Minnesota,0,Million metric tons CO2
2023,FFICE,Fossil fuel CO2 emissions for the industrial sector,DE,Delaware,3.6,Million metric tons CO2
2023,FFACE,Fossil fuel CO2 emissions for the transportation sector,CO,Colorado,30.5,Million metric tons CO2
2023,NNICE,"Natural gas, excluding supplemental gaseous fuels, CO2 emissions for the industrial sector",WI,Wisconsin,7.2,Million metric tons CO2
2023,CLRCE,Coal CO2 emissions for the residential sector (through 2008),NH,New Hampshire,0,Million metric tons CO2
2023,NNCCE,"Natural gas, excluding supplemental gaseous fuels, CO2 emissions for the commercial sector",VA,Virginia,3.8,Million metric tons CO2
2023,TETCE,Total energy CO2 emissions for all sectors,AL,Alabama,101,Million metric tons CO2
2023,CDTPR,Per capita energy-related CO2 emissions,IA,Iowa,21.1,Metric tons CO2
2023,PMCCE,"Total petroleum, excluding biofuels, CO2 emissions for the commercial sector",HI,Hawaii,.4,Million metric tons CO2
2023,FFTCE,Fossil fuel CO2 emissions for all sectors,OH,Ohio,184.2,Million metric tons CO2
2023,CLEIE,Coal CO2 emissions for the electric power sector,RI,Rhode Island,0,Million metric tons CO2
2023,PMICE,"Total petroleum, excluding biofuels, CO2 emissions for the industrial sector",RI,Rhode Island,.1,Million metric tons CO2
2023,TEICE,Total energy CO2 emissions for the industrial sector,AR,Arkansas,8.4,Million metric tons CO2
2023,TECCE,Total energy CO2 emissions for the commercial sector,MN,Minnesota,7.1,Million metric tons CO2
2023,CLRCE,Coal CO2 emissions for the residential sector (through 2008),MI,Michigan,0,Million metric tons CO2
2023,TEICE,Total energy CO2 emissions for the industrial sector,OR,Oregon,4.5,Million metric tons CO2
2023,NNTCE,"Natural gas, excluding supplemental gaseous fuels, CO2 emissions for all sectors",US,United States,1755.2,Million metric tons CO2
2023,CLCCE,Coal CO2 emissions for the commercial sector,CO,Colorado,0,Million metric tons CO2
2023,CDTPR,Per capita energy-related CO2 emissions,CT,Connecticut,9.9,Metric tons CO2
2023,BDEIK,Factor for converting biodiesel consumed by the electric power sector from physical units to Btu,KY,Kentucky,0,Million Btu per barrel
2023,BDCCB,Biodiesel consumed by the commercial sector,MD,Maryland,0,Billion Btu
2023,BDEIB,Biodiesel consumed by the electric power sector,DC,District of Columbia,0,Billion Btu
2023,BDEIK,Factor for converting biodiesel consumed by the electric power sector from physical units to Btu,IN,Indiana,0,Million Btu per barrel
2023,BDCBB,Biodiesel refinery and blender net inputs portion to the commercial sector,ME,Maine,0,Billion Btu
2023,BDTCP,Biodiesel total consumption,MO,Missouri,802,Thousand barrels
2023,BDTCP,Biodiesel total consumption,MS,Mississippi,595,Thousand barrels
2023,BDTCP,Biodiesel total consumption,MT,Montana,4,Thousand barrels
2023,BDRIB,Biodiesel total refinery and blender net inputs,TN,Tennessee,1837,Billion Btu
2023,BDCCP,Biodiesel consumed by the commercial sector,AZ,Arizona,0,Thousand barrels
2023,BDCCB,Biodiesel consumed by the commercial sector,LA,Louisiana,0,Billion Btu
2023,BDEIB,Biodiesel consumed by the electric power sector,WY,Wyoming,0,Billion Btu
2023,BDCCB,Biodiesel consumed by the commercial sector,MA,Massachusetts,0,Billion Btu
2023,BDEIK,Factor for converting biodiesel consumed by the electric power sector from physical units to Btu,AK,Alaska,0,Million Btu per barrel
2023,BDTXP,Biodiesel total end-use consumption,MI,Michigan,744,Thousand barrels
2023,BDCCP,Biodiesel consumed by the commercial sector,MD,Maryland,0,Thousand barrels
2023,EVCHP,Total electric vehicle charging locations,MD,Maryland,1836,Number
2023,EVCHP,Total electric vehicle charging locations,ME,Maine,492,Number
2023,EVCHP,Total electric vehicle charging locations,MI,Michigan,1499,Number
2023,EVCHP,Total electric vehicle charging locations,MN,Minnesota,798,Number
2023,EVCHP,Total electric vehicle charging locations,MO,Missouri,1079,Number
2023,EVCHP,Total electric vehicle charging locations,MS,Mississippi,154,Number
2023,EVCHP,Total electric vehicle charging locations,MT,Montana,130,Number
2023,EVCHP,Total electric vehicle charging locations,NC,North Carolina,1633,Number
2023,EVCHP,Total electric vehicle charging locations,ND,North Dakota,97,Number
2023,SHCAS,Solar thermal generating units capacity factor,WA,Washington,0,Percent
2023,SHCAS,Solar thermal generating units capacity factor,WI,Wisconsin,0,Percent
2023,SHCAS,Solar thermal generating units capacity factor,WV,West Virginia,0,Percent
2023,SHCAS,Solar thermal generating units capacity factor,WY,Wyoming,0,Percent
2023,SHCAS,Solar thermal generating units capacity factor,DC,District of Columbia,0,Percent
2023,SHCAS,Solar thermal generating units capacity factor,DE,Delaware,0,Percent
2023,SHCAS,Solar thermal generating units capacity factor,FL,Florida,0,Percent
2023,BDTXB,Biodiesel total end-use consumption,NJ,New Jersey,3392,Billion Btu
2023,BDTXP,Biodiesel total end-use consumption,HI,Hawaii,106,Thousand barrels
2023,BDRIP,Biodiesel total refinery and blender net inputs,SD,South Dakota,72,Thousand barrels
2023,BDRIP,Biodiesel total refinery and blender net inputs,TN,Tennessee,343,Thousand barrels
2023,BDRIP,Biodiesel total refinery and blender net inputs,TX,Texas,1889,Thousand barrels
2023,BDTCB,Biodiesel total consumption,NC,North Carolina,4866,Billion Btu
2023,SHCAS,Solar thermal generating units capacity factor,GA,Georgia,0,Percent
2023,SHCAS,Solar thermal generating units capacity factor,HI,Hawaii,0,Percent
2023,SHCAS,Solar thermal generating units capacity factor,IA,Iowa,0,Percent
2023,SHCAS,Solar thermal generating units capacity factor,ID,Idaho,0,Percent
2023,SHCAS,Solar thermal generating units capacity factor,IL,Illinois,0,Percent
2023,SHCAS,Solar thermal generating units capacity factor,IN,Indiana,0,Percent
2023,SHCAS,Solar thermal generating units capacity factor,KS,Kansas,0,Percent
2023,SHCAS,Solar thermal generating units capacity factor,KY,Kentucky,0,Percent
2023,SHCAS,Solar thermal generating units capacity factor,LA,Louisiana,0,Percent
2023,SHCAS,Solar thermal generating units capacity factor,MA,Massachusetts,0,Percent
2023,SHCAS,Solar thermal generating units capacity factor,MD,Maryland,0,Percent
2023,SHCAS,Solar thermal generating units capacity factor,ME,Maine,0,Percent
2023,SHCAS,Solar thermal generating units capacity factor,MI,Michigan,0,Percent
2023,SHCAS,Solar thermal generating units capacity factor,MN,Minnesota,0,Percent
2023,SHCAS,Solar thermal generating units capacity factor,MO,Missouri,0,Percent
2023,SHCAS,Solar thermal generating units capacity factor,MS,Mississippi,0,Percent
2023,SHCAS,Solar thermal generating units capacity factor,MT,Montana,0,Percent
2023,SHCAS,Solar thermal generating units capacity factor,NC,North Carolina,0,Percent
2023,SHCAS,Solar thermal generating units capacity factor,ND,North Dakota,0,Percent
2023,SHCAS,Solar thermal generating units capacity factor,NE,Nebraska,0,Percent
2023,SHCAS,Solar thermal generating units capacity factor,NH,New Hampshire,0,Percent
2023,SHCAS,Solar thermal generating units capacity factor,NJ,New Jersey,0,Percent
2023,SHCAS,Solar thermal generating units capacity factor,NM,New Mexico,0,Percent
2023,SHCAS,Solar thermal generating units capacity factor,NV,Nevada,11.1,Percent
2023,SHCAS,Solar thermal generating units capacity factor,NY,New York,0,Percent
2023,SHCAS,Solar thermal generating units capacity factor,OH,Ohio,0,Percent
2023,SHCAS,Solar thermal generating units capacity factor,OK,Oklahoma,0,Percent
2023,SHCAS,Solar thermal generating units capacity factor,OR,Oregon,0,Percent
2023,SHCAS,Solar thermal generating units capacity factor,PA,Pennsylvania,0,Percent
2023,SHCAS,Solar thermal generating units capacity factor,RI,Rhode Island,0,Percent
2023,SHCAS,Solar thermal generating units capacity factor,SC,South Carolina,0,Percent
2023,SOGBP,Solar generating units net summer capacity in all sectors,AK,Alaska,8,Thousand kilowatts
2023,SOGBP,Solar generating units net summer capacity in all sectors,AL,Alabama,601,Thousand kilowatts
2023,SOGBP,Solar generating units net summer capacity in all sectors,AR,Arkansas,821,Thousand kilowatts
2023,SOGBP,Solar generating units net summer capacity in all sectors,AZ,Arizona,3647,Thousand kilowatts
2023,SOGBP,Solar generating units net summer capacity in all sectors,CA,California,19775,Thousand kilowatts
2023,SOGBP,Solar generating units net summer capacity in all sectors,CO,Colorado,2173,Thousand kilowatts
2023,SOGBP,Solar generating units net summer capacity in all sectors,CT,Connecticut,287,Thousand kilowatts
2023,SOGBP,Solar generating units net summer capacity in all sectors,DC,District of Columbia,20,Thousand kilowatts
2023,SOGBP,Solar generating units net summer capacity in all sectors,DE,Delaware,89,Thousand kilowatts
2023,SOGBP,Solar generating units net summer capacity in all sectors,FL,Florida,7802,Thousand kilowatts
2023,SOGBP,Solar generating units net summer capacity in all sectors,GA,Georgia,4123,Thousand kilowatts
2023,SOGBP,Solar generating units net summer capacity in all sectors,HI,Hawaii,392,Thousand kilowatts
2023,SOGBP,Solar generating units net summer capacity in all sectors,IA,Iowa,262,Thousand kilowatts
2023,SOGBP,Solar generating units net summer capacity in all sectors,ID,Idaho,402,Thousand kilowatts
2023,SOGBP,Solar generating units net summer capacity in all sectors,IL,Illinois,1249,Thousand kilowatts
2023,SOGBP,Solar generating units net summer capacity in all sectors,IN,Indiana,1289,Thousand kilowatts
2023,SOGBP,Solar generating units net summer capacity in all sectors,KS,Kansas,40,Thousand kilowatts
2023,SOGBP,Solar generating units net summer capacity in all sectors,KY,Kentucky,82,Thousand kilowatts
2023,SOGBP,Solar generating units net summer capacity in all sectors,LA,Louisiana,345,Thousand kilowatts
2023,SOGBP,Solar generating units net summer capacity in all sectors,MA,Massachusetts,1339,Thousand kilowatts
2023,SOGBP,Solar generating units net summer capacity in all sectors,MD,Maryland,584,Thousand kilowatts
2023,SOGBP,Solar generating units net summer capacity in all sectors,ME,Maine,481,Thousand kilowatts
2023,SOGBP,Solar generating units net summer capacity in all sectors,MI,Michigan,975,Thousand kilowatts
2023,SOGBP,Solar generating units net summer capacity in all sectors,MN,Minnesota,1291,Thousand kilowatts
2023,SOGBP,Solar generating units net summer capacity in all sectors,MO,Missouri,101,Thousand kilowatts
2023,SOGBP,Solar generating units net summer capacity in all sectors,MS,Mississippi,426,Thousand kilowatts
2023,SOGBP,Solar generating units net summer capacity in all sectors,MT,Montana,177,Thousand kilowatts
2023,SOGBP,Solar generating units net summer capacity in all sectors,NC,North Carolina,6598,Thousand kilowatts
2023,SOGBP,Solar generating units net summer capacity in all sectors,ND,North Dakota,0,Thousand kilowatts
2023,SOGBP,Solar generating units net summer capacity in all sectors,NE,Nebraska,41,Thousand kilowatts
2023,SOGBP,Solar generating units net summer capacity in all sectors,NH,New Hampshire,2,Thousand kilowatts
2023,SOGBP,Solar generating units net summer capacity in all sectors,NJ,New Jersey,1168,Thousand kilowatts
2023,SOGBP,Solar generating units net summer capacity in all sectors,NM,New Mexico,1132,Thousand kilowatts
2023,SOGBP,Solar generating units net summer capacity in all sectors,NV,Nevada,4033,Thousand kilowatts
2023,SOGBP,Solar generating units net summer capacity in all sectors,NY,New York,1720,Thousand kilowatts
2023,SOGBP,Solar generating units net summer capacity in all sectors,OH,Ohio,1808,Thousand kilowatts
2023,BDTXP,Biodiesel total end-use consumption,MS,Mississippi,595,Thousand barrels
2023,BDTXP,Biodiesel total end-use consumption,WY,Wyoming,62,Thousand barrels
2023,BDXUB,Biodiesel product supplied portion to the end-use sectors,AK,Alaska,0,Billion Btu
2023,BDXUB,Biodiesel product supplied portion to the end-use sectors,AL,Alabama,2531,Billion Btu
2023,BDXUB,Biodiesel product supplied portion to the end-use sectors,AR,Arkansas,1854,Billion Btu
2023,BDRCP,Biodiesel consumed by the residential sector,MO,Missouri,0,Thousand barrels
2023,BDSUP,Biodiesel product supplied,VT,Vermont,30,Thousand barrels
2023,BDSUP,Biodiesel product supplied,WA,Washington,218,Thousand barrels
2023,BDSUP,Biodiesel product supplied,WI,Wisconsin,437,Thousand barrels
2023,BDSUP,Biodiesel product supplied,WV,West Virginia,232,Thousand barrels
2023,BDSUP,Biodiesel product supplied,WY,Wyoming,39,Thousand barrels
2023,BDXUP,Biodiesel product supplied portion to the end-use sectors,AL,Alabama,472,Thousand barrels
2023,BDXUP,Biodiesel product supplied portion to the end-use sectors,AR,Arkansas,346,Thousand barrels
2023,BDXUP,Biodiesel product supplied portion to the end-use sectors,AZ,Arizona,52,Thousand barrels
2023,BDXUP,Biodiesel product supplied portion to the end-use sectors,CA,California,4028,Thousand barrels
2023,BDXUP,Biodiesel product supplied portion to the end-use sectors,CO,Colorado,67,Thousand barrels
2023,SOGBP,Solar generating units net summer capacity in all sectors,OK,Oklahoma,48,Thousand kilowatts
2023,SOGBP,Solar generating units net summer capacity in all sectors,OR,Oregon,1011,Thousand kilowatts
2023,SOGBP,Solar generating units net summer capacity in all sectors,PA,Pennsylvania,690,Thousand kilowatts
2023,SOGBP,Solar generating units net summer capacity in all sectors,RI,Rhode Island,385,Thousand kilowatts
2023,SOGBP,Solar generating units net summer capacity in all sectors,SC,South Carolina,1558,Thousand kilowatts
2023,SOGBP,Solar generating units net summer capacity in all sectors,SD,South Dakota,81,Thousand kilowatts
2023,SOGBP,Solar generating units net summer capacity in all sectors,TN,Tennessee,584,Thousand kilowatts
2023,SOGBP,Solar generating units net summer capacity in all sectors,TX,Texas,15006,Thousand kilowatts
2023,SOGBP,Solar generating units net summer capacity in all sectors,US,United States,92008,Thousand kilowatts
2023,SOGBP,Solar generating units net summer capacity in all sectors,UT,Utah,1631,Thousand kilowatts
2023,SOGBP,Solar generating units net summer capacity in all sectors,VA,Virginia,3659,Thousand kilowatts
2023,SOGBP,Solar generating units net summer capacity in all sectors,VT,Vermont,146,Thousand kilowatts
2023,SOGBP,Solar generating units net summer capacity in all sectors,WA,Washington,188,Thousand kilowatts
2023,SOGBP,Solar generating units net summer capacity in all sectors,WI,Wisconsin,1648,Thousand kilowatts
2023,SOGBP,Solar generating units net summer capacity in all sectors,WV,West Virginia,0,Thousand kilowatts
2023,SOGBP,Solar generating units net summer capacity in all sectors,WY,Wyoming,92,Thousand kilowatts
2023,SPCAS,Solar photovoltaic generating units capacity factor,IL,Illinois,22.9,Percent
2023,SPCAS,Solar photovoltaic generating units capacity factor,IN,Indiana,19.7,Percent
2023,SPCAS,Solar photovoltaic generating units capacity factor,KS,Kansas,24,Percent
2023,SPCAS,Solar photovoltaic generating units capacity factor,KY,Kentucky,22.3,Percent
2023,SPCAS,Solar photovoltaic generating units capacity factor,LA,Louisiana,23.6,Percent
2023,SPCAS,Solar photovoltaic generating units capacity factor,MA,Massachusetts,17.3,Percent
2023,SPCAS,Solar photovoltaic generating units capacity factor,MD,Maryland,19.4,Percent
2023,SPCAS,Solar photovoltaic generating units capacity factor,ME,Maine,15.2,Percent
2023,SPCAS,Solar photovoltaic generating units capacity factor,MI,Michigan,19.5,Percent
2023,SPCAS,Solar photovoltaic generating units capacity factor,MN,Minnesota,20,Percent
2023,SPCAS,Solar photovoltaic generating units capacity factor,MO,Missouri,19.8,Percent
2023,SPCAS,Solar photovoltaic generating units capacity factor,MS,Mississippi,21.5,Percent
2023,SPCAS,Solar photovoltaic generating units capacity factor,MT,Montana,21.6,Percent
2023,SPCAS,Solar photovoltaic generating units capacity factor,NC,North Carolina,20.9,Percent
2023,SPCAS,Solar photovoltaic generating units capacity factor,ND,North Dakota,0,Percent
2023,SPCAS,Solar photovoltaic generating units capacity factor,NE,Nebraska,22.3,Percent
2023,SPCAS,Solar photovoltaic generating units capacity factor,NH,New Hampshire,15.7,Percent
2023,SPCAS,Solar photovoltaic generating units capacity factor,NJ,New Jersey,15.6,Percent
2023,SPCAS,Solar photovoltaic generating units capacity factor,VT,Vermont,15.6,Percent
2023,SPCAS,Solar photovoltaic generating units capacity factor,NM,New Mexico,27.4,Percent
2023,SPCAS,Solar photovoltaic generating units capacity factor,NV,Nevada,28.2,Percent
2023,SPCAS,Solar photovoltaic generating units capacity factor,NY,New York,16.4,Percent
2023,SPCAS,Solar photovoltaic generating units capacity factor,OH,Ohio,19.2,Percent
2023,SPCAS,Solar photovoltaic generating units capacity factor,OK,Oklahoma,18.9,Percent
2023,SPCAS,Solar photovoltaic generating units capacity factor,OR,Oregon,23.5,Percent
2023,SPCAS,Solar photovoltaic generating units capacity factor,PA,Pennsylvania,17,Percent
2023,SPCAS,Solar photovoltaic generating units capacity factor,RI,Rhode Island,16.4,Percent
2023,SPCAS,Solar photovoltaic generating units capacity factor,SC,South Carolina,21.3,Percent
2023,SPCAS,Solar photovoltaic generating units capacity factor,SD,South Dakota,16.2,Percent
2023,SPCAS,Solar photovoltaic generating units capacity factor,TN,Tennessee,22.3,Percent
2023,SPCAS,Solar photovoltaic generating units capacity factor,TX,Texas,24.4,Percent
2023,SPCAS,Solar photovoltaic generating units capacity factor,US,United States,23.2,Percent
2023,SPCAS,Solar photovoltaic generating units capacity factor,UT,Utah,28,Percent
2023,SPCAS,Solar photovoltaic generating units capacity factor,VA,Virginia,20.3,Percent
2023,SPCAS,Solar photovoltaic generating units capacity factor,AK,Alaska,.2,Percent
2023,SPCAS,Solar photovoltaic generating units capacity factor,AL,Alabama,23.6,Percent
2023,SPCAS,Solar photovoltaic generating units capacity factor,AR,Arkansas,20.3,Percent
2023,SPCAS,Solar photovoltaic generating units capacity factor,AZ,Arizona,27.2,Percent
2023,SPCAS,Solar photovoltaic generating units capacity factor,CA,California,25.6,Percent
2023,SPCAS,Solar photovoltaic generating units capacity factor,CO,Colorado,24.7,Percent
2023,SPCAS,Solar photovoltaic generating units capacity factor,CT,Connecticut,16.8,Percent
2023,SPCAS,Solar photovoltaic generating units capacity factor,DC,District of Columbia,14.9,Percent
2023,SPCAS,Solar photovoltaic generating units capacity factor,DE,Delaware,19.8,Percent
2023,SPCAS,Solar photovoltaic generating units capacity factor,FL,Florida,22,Percent
2023,SPCAS,Solar photovoltaic generating units capacity factor,GA,Georgia,22.8,Percent
2023,SPCAS,Solar photovoltaic generating units capacity factor,HI,Hawaii,19.4,Percent
2023,SPCAS,Solar photovoltaic generating units capacity factor,IA,Iowa,22.7,Percent
2023,SPCAS,Solar photovoltaic generating units capacity factor,ID,Idaho,25.2,Percent
2023,SPCAS,Solar photovoltaic generating units capacity factor,WA,Washington,22.1,Percent
2023,SPCAS,Solar photovoltaic generating units capacity factor,WI,Wisconsin,17.6,Percent
2023,SPCAS,Solar photovoltaic generating units capacity factor,WV,West Virginia,0,Percent
2023,SPCAS,Solar photovoltaic generating units capacity factor,WY,Wyoming,21.6,Percent
2023,BDTCK,Factor for converting biodiesel total consumption from physical units to Btu,VA,Virginia,5.359,Million Btu per barrel
2023,BDTXB,Biodiesel total end-use consumption,NV,Nevada,54,Billion Btu
2023,BDXUB,Biodiesel product supplied portion to the end-use sectors,AZ,Arizona,280,Billion Btu
2023,BDXUB,Biodiesel product supplied portion to the end-use sectors,CA,California,21588,Billion Btu
2023,BDXUB,Biodiesel product supplied portion to the end-use sectors,CO,Colorado,361,Billion Btu
2023,BDXUB,Biodiesel product supplied portion to the end-use sectors,CT,Connecticut,3264,Billion Btu
2023,BDXUB,Biodiesel product supplied portion to the end-use sectors,DC,District of Columbia,45,Billion Btu
2023,BDXUB,Biodiesel product supplied portion to the end-use sectors,DE,Delaware,194,Billion Btu
2023,BDXUB,Biodiesel product supplied portion to the end-use sectors,FL,Florida,5404,Billion Btu
2023,BDXUB,Biodiesel product supplied portion to the end-use sectors,GA,Georgia,3579,Billion Btu
2023,BDXUB,Biodiesel product supplied portion to the end-use sectors,HI,Hawaii,357,Billion Btu
2023,WDGBP,Wood generating units net summer capacity in all sectors,DC,District of Columbia,0,Thousand kilowatts
2023,WDGBP,Wood generating units net summer capacity in all sectors,DE,Delaware,0,Thousand kilowatts
2023,WDGBP,Wood generating units net summer capacity in all sectors,AK,Alaska,0,Thousand kilowatts
2023,WDGBP,Wood generating units net summer capacity in all sectors,AL,Alabama,610,Thousand kilowatts
2023,WDGBP,Wood generating units net summer capacity in all sectors,AR,Arkansas,217,Thousand kilowatts
2023,WDGBP,Wood generating units net summer capacity in all sectors,AZ,Arizona,25,Thousand kilowatts
2023,WDGBP,Wood generating units net summer capacity in all sectors,CA,California,643,Thousand kilowatts
2023,WDGBP,Wood generating units net summer capacity in all sectors,CO,Colorado,13,Thousand kilowatts
2023,WDGBP,Wood generating units net summer capacity in all sectors,CT,Connecticut,38,Thousand kilowatts
2023,WDGBP,Wood generating units net summer capacity in all sectors,TN,Tennessee,136,Thousand kilowatts
2023,WDGBP,Wood generating units net summer capacity in all sectors,TX,Texas,309,Thousand kilowatts
2023,WDGBP,Wood generating units net summer capacity in all sectors,US,United States,7693,Thousand kilowatts
2023,WDGBP,Wood generating units net summer capacity in all sectors,UT,Utah,0,Thousand kilowatts
2023,WDGBP,Wood generating units net summer capacity in all sectors,VA,Virginia,497,Thousand kilowatts
2023,WDGBP,Wood generating units net summer capacity in all sectors,VT,Vermont,73,Thousand kilowatts
2023,WDGBP,Wood generating units net summer capacity in all sectors,WA,Washington,238,Thousand kilowatts
2023,WDGBP,Wood generating units net summer capacity in all sectors,WI,Wisconsin,252,Thousand kilowatts
2023,WDGBP,Wood generating units net summer capacity in all sectors,WV,West Virginia,0,Thousand kilowatts
2023,WDGBP,Wood generating units net summer capacity in all sectors,WY,Wyoming,0,Thousand kilowatts
2023,WDGBP,Wood generating units net summer capacity in all sectors,FL,Florida,370,Thousand kilowatts
2023,WDGBP,Wood generating units net summer capacity in all sectors,GA,Georgia,1011,Thousand kilowatts
2023,WDGBP,Wood generating units net summer capacity in all sectors,HI,Hawaii,8,Thousand kilowatts
2023,WDGBP,Wood generating units net summer capacity in all sectors,IA,Iowa,0,Thousand kilowatts
2023,WDGBP,Wood generating units net summer capacity in all sectors,ID,Idaho,66,Thousand kilowatts
2023,WDGBP,Wood generating units net summer capacity in all sectors,IL,Illinois,0,Thousand kilowatts
2023,WDGBP,Wood generating units net summer capacity in all sectors,IN,Indiana,0,Thousand kilowatts
2023,WDGBP,Wood generating units net summer capacity in all sectors,KS,Kansas,0,Thousand kilowatts
2023,WDGBP,Wood generating units net summer capacity in all sectors,KY,Kentucky,52,Thousand kilowatts
2023,WDGBP,Wood generating units net summer capacity in all sectors,LA,Louisiana,408,Thousand kilowatts
2023,WDGBP,Wood generating units net summer capacity in all sectors,MA,Massachusetts,15,Thousand kilowatts
2023,WDGBP,Wood generating units net summer capacity in all sectors,MD,Maryland,3,Thousand kilowatts
2023,WDGBP,Wood generating units net summer capacity in all sectors,ME,Maine,450,Thousand kilowatts
2023,WDGBP,Wood generating units net summer capacity in all sectors,MI,Michigan,323,Thousand kilowatts
2023,WDGBP,Wood generating units net summer capacity in all sectors,MN,Minnesota,206,Thousand kilowatts
2023,WDGBP,Wood generating units net summer capacity in all sectors,MO,Missouri,0,Thousand kilowatts
2023,WDGBP,Wood generating units net summer capacity in all sectors,MS,Mississippi,301,Thousand kilowatts
2023,WDGBP,Wood generating units net summer capacity in all sectors,MT,Montana,3,Thousand kilowatts
2023,WDGBP,Wood generating units net summer capacity in all sectors,NC,North Carolina,307,Thousand kilowatts
2023,WDGBP,Wood generating units net summer capacity in all sectors,ND,North Dakota,0,Thousand kilowatts
2023,WDGBP,Wood generating units net summer capacity in all sectors,NE,Nebraska,0,Thousand kilowatts
2023,WDGBP,Wood generating units net summer capacity in all sectors,NH,New Hampshire,195,Thousand kilowatts
2023,WDGBP,Wood generating units net summer capacity in all sectors,NJ,New Jersey,0,Thousand kilowatts
2023,WDGBP,Wood generating units net summer capacity in all sectors,NM,New Mexico,0,Thousand kilowatts
2023,WDGBP,Wood generating units net summer capacity in all sectors,NV,Nevada,0,Thousand kilowatts
2023,WDGBP,Wood generating units net summer capacity in all sectors,NY,New York,78,Thousand kilowatts
2023,WDGBP,Wood generating units net summer capacity in all sectors,OH,Ohio,41,Thousand kilowatts
2023,WDGBP,Wood generating units net summer capacity in all sectors,OK,Oklahoma,58,Thousand kilowatts
2023,WDGBP,Wood generating units net summer capacity in all sectors,OR,Oregon,242,Thousand kilowatts
2023,WDGBP,Wood generating units net summer capacity in all sectors,PA,Pennsylvania,80,Thousand kilowatts
2023,WDGBP,Wood generating units net summer capacity in all sectors,RI,Rhode Island,0,Thousand kilowatts
2023,WDGBP,Wood generating units net summer capacity in all sectors,SC,South Carolina,423,Thousand kilowatts
2023,WDGBP,Wood generating units net summer capacity in all sectors,SD,South Dakota,5,Thousand kilowatts
2023,WSGBP,Waste generating units net summer capacity in all sectors,CT,Connecticut,102,Thousand kilowatts
2023,WSGBP,Waste generating units net summer capacity in all sectors,DC,District of Columbia,12,Thousand kilowatts
2023,WSGBP,Waste generating units net summer capacity in all sectors,AK,Alaska,7,Thousand kilowatts
2023,WSGBP,Waste generating units net summer capacity in all sectors,AL,Alabama,6,Thousand kilowatts
2023,WSGBP,Waste generating units net summer capacity in all sectors,AR,Arkansas,7,Thousand kilowatts
2023,WSGBP,Waste generating units net summer capacity in all sectors,AZ,Arizona,3,Thousand kilowatts
2023,WSGBP,Waste generating units net summer capacity in all sectors,CA,California,476,Thousand kilowatts
2023,WSGBP,Waste generating units net summer capacity in all sectors,CO,Colorado,16,Thousand kilowatts
2023,WSGBP,Waste generating units net summer capacity in all sectors,SD,South Dakota,0,Thousand kilowatts
2023,BDTCK,Factor for converting biodiesel total consumption from physical units to Btu,VT,Vermont,5.359,Million Btu per barrel
2023,PHVHN,Plug-in hybrid electric vehicle (PHEV) light-duty stocks,FL,Florida,50.5,Thousands of registered vehicles
2023,PHVHN,Plug-in hybrid electric vehicle (PHEV) light-duty stocks,GA,Georgia,20,Thousands of registered vehicles
2023,PHVHN,Plug-in hybrid electric vehicle (PHEV) light-duty stocks,HI,Hawaii,6.4,Thousands of registered vehicles
2023,PHVHN,Plug-in hybrid electric vehicle (PHEV) light-duty stocks,IA,Iowa,5.4,Thousands of registered vehicles
2023,PHVHN,Plug-in hybrid electric vehicle (PHEV) light-duty stocks,ID,Idaho,4.1,Thousands of registered vehicles
2023,PHVHN,Plug-in hybrid electric vehicle (PHEV) light-duty stocks,IL,Illinois,29.4,Thousands of registered vehicles
2023,PHVHN,Plug-in hybrid electric vehicle (PHEV) light-duty stocks,IN,Indiana,11.4,Thousands of registered vehicles
2023,BDXUB,Biodiesel product supplied portion to the end-use sectors,IA,Iowa,5467,Billion Btu
2023,BDXUB,Biodiesel product supplied portion to the end-use sectors,ID,Idaho,228,Billion Btu
2023,BDXUB,Biodiesel product supplied portion to the end-use sectors,IL,Illinois,10557,Billion Btu
2023,BDXUB,Biodiesel product supplied portion to the end-use sectors,IN,Indiana,3513,Billion Btu
2023,BDXUB,Biodiesel product supplied portion to the end-use sectors,KS,Kansas,1976,Billion Btu
2023,WSGBP,Waste generating units net summer capacity in all sectors,TN,Tennessee,9,Thousand kilowatts
2023,WSGBP,Waste generating units net summer capacity in all sectors,TX,Texas,44,Thousand kilowatts
2023,WSGBP,Waste generating units net summer capacity in all sectors,US,United States,4133,Thousand kilowatts
2023,WSGBP,Waste generating units net summer capacity in all sectors,UT,Utah,16,Thousand kilowatts
2023,WSGBP,Waste generating units net summer capacity in all sectors,VA,Virginia,299,Thousand kilowatts
2023,WSGBP,Waste generating units net summer capacity in all sectors,VT,Vermont,8,Thousand kilowatts
2023,BDTXP,Biodiesel total end-use consumption,TN,Tennessee,924,Thousand barrels
2023,BDXUP,Biodiesel product supplied portion to the end-use sectors,NH,New Hampshire,60,Thousand barrels
2023,BDXUP,Biodiesel product supplied portion to the end-use sectors,NJ,New Jersey,398,Thousand barrels
2023,BDXUP,Biodiesel product supplied portion to the end-use sectors,NM,New Mexico,204,Thousand barrels
2023,BDXUP,Biodiesel product supplied portion to the end-use sectors,NV,Nevada,6,Thousand barrels
2023,BDXUP,Biodiesel product supplied portion to the end-use sectors,NY,New York,1579,Thousand barrels
2023,BDXUP,Biodiesel product supplied portion to the end-use sectors,OH,Ohio,792,Thousand barrels
2023,BDXUP,Biodiesel product supplied portion to the end-use sectors,OK,Oklahoma,522,Thousand barrels
2023,BDXUP,Biodiesel product supplied portion to the end-use sectors,OR,Oregon,1193,Thousand barrels
2023,BDXUP,Biodiesel product supplied portion to the end-use sectors,PA,Pennsylvania,765,Thousand barrels
2023,BDXUP,Biodiesel product supplied portion to the end-use sectors,RI,Rhode Island,183,Thousand barrels
2023,PHVHN,Plug-in hybrid electric vehicle (PHEV) light-duty stocks,KS,Kansas,4.9,Thousands of registered vehicles
2023,PHVHN,Plug-in hybrid electric vehicle (PHEV) light-duty stocks,KY,Kentucky,4.9,Thousands of registered vehicles
2023,PHVHN,Plug-in hybrid electric vehicle (PHEV) light-duty stocks,LA,Louisiana,3.5,Thousands of registered vehicles
2023,PHVHN,Plug-in hybrid electric vehicle (PHEV) light-duty stocks,MA,Massachusetts,38.6,Thousands of registered vehicles
2023,PHVHN,Plug-in hybrid electric vehicle (PHEV) light-duty stocks,MD,Maryland,27.6,Thousands of registered vehicles
2023,PHVHN,Plug-in hybrid electric vehicle (PHEV) light-duty stocks,ME,Maine,6.7,Thousands of registered vehicles
2023,PHVHN,Plug-in hybrid electric vehicle (PHEV) light-duty stocks,MI,Michigan,25.6,Thousands of registered vehicles
2023,PHVHN,Plug-in hybrid electric vehicle (PHEV) light-duty stocks,MN,Minnesota,14.2,Thousands of registered vehicles
2023,PHVHN,Plug-in hybrid electric vehicle (PHEV) light-duty stocks,MO,Missouri,12.2,Thousands of registered vehicles
2023,PHVHN,Plug-in hybrid electric vehicle (PHEV) light-duty stocks,MS,Mississippi,1.8,Thousands of registered vehicles
2023,PHVHN,Plug-in hybrid electric vehicle (PHEV) light-duty stocks,MT,Montana,2.2,Thousands of registered vehicles
2023,PHVHN,Plug-in hybrid electric vehicle (PHEV) light-duty stocks,NC,North Carolina,20.9,Thousands of registered vehicles
2023,PHVHN,Plug-in hybrid electric vehicle (PHEV) light-duty stocks,ND,North Dakota,.7,Thousands of registered vehicles
2023,PHVHN,Plug-in hybrid electric vehicle (PHEV) light-duty stocks,NE,Nebraska,3.3,Thousands of registered vehicles
2023,PHVHN,Plug-in hybrid electric vehicle (PHEV) light-duty stocks,NH,New Hampshire,5.8,Thousands of registered vehicles
2023,PHVHN,Plug-in hybrid electric vehicle (PHEV) light-duty stocks,NJ,New Jersey,36,Thousands of registered vehicles
2023,PHVHN,Plug-in hybrid electric vehicle (PHEV) light-duty stocks,NM,New Mexico,4.3,Thousands of registered vehicles
2023,PHVHN,Plug-in hybrid electric vehicle (PHEV) light-duty stocks,NV,Nevada,9.3,Thousands of registered vehicles
2023,PHVHN,Plug-in hybrid electric vehicle (PHEV) light-duty stocks,NY,New York,81.3,Thousands of registered vehicles
2023,PHVHN,Plug-in hybrid electric vehicle (PHEV) light-duty stocks,OH,Ohio,21.1,Thousands of registered vehicles
2023,PHVHN,Plug-in hybrid electric vehicle (PHEV) light-duty stocks,OK,Oklahoma,29.1,Thousands of registered vehicles
2023,PHVHN,Plug-in hybrid electric vehicle (PHEV) light-duty stocks,OR,Oregon,25.4,Thousands of registered vehicles
2023,PHVHN,Plug-in hybrid electric vehicle (PHEV) light-duty stocks,PA,Pennsylvania,34.3,Thousands of registered vehicles
2023,PHVHN,Plug-in hybrid electric vehicle (PHEV) light-duty stocks,RI,Rhode Island,4.5,Thousands of registered vehicles
2023,PHVHN,Plug-in hybrid electric vehicle (PHEV) light-duty stocks,SC,South Carolina,7.9,Thousands of registered vehicles
2023,PHVHN,Plug-in hybrid electric vehicle (PHEV) light-duty stocks,SD,South Dakota,1.1,Thousands of registered vehicles
2023,PHVHN,Plug-in hybrid electric vehicle (PHEV) light-duty stocks,TN,Tennessee,9.7,Thousands of registered vehicles
2023,PHVHN,Plug-in hybrid electric vehicle (PHEV) light-duty stocks,TX,Texas,48.7,Thousands of registered vehicles
2023,PHVHN,Plug-in hybrid electric vehicle (PHEV) light-duty stocks,US,United States,1151.2,Thousands of registered vehicles
2023,PHVHN,Plug-in hybrid electric vehicle (PHEV) light-duty stocks,UT,Utah,11.4,Thousands of registered vehicles
2023,PHVHN,Plug-in hybrid electric vehicle (PHEV) light-duty stocks,VA,Virginia,23.6,Thousands of registered vehicles
2023,PHVHN,Plug-in hybrid electric vehicle (PHEV) light-duty stocks,VT,Vermont,5,Thousands of registered vehicles
2023,PHVHN,Plug-in hybrid electric vehicle (PHEV) light-duty stocks,WA,Washington,36.3,Thousands of registered vehicles
2023,PHVHN,Plug-in hybrid electric vehicle (PHEV) light-duty stocks,WI,Wisconsin,11,Thousands of registered vehicles
2023,PHVHN,Plug-in hybrid electric vehicle (PHEV) light-duty stocks,WV,West Virginia,1.6,Thousands of registered vehicles
2023,PHVHN,Plug-in hybrid electric vehicle (PHEV) light-duty stocks,WY,Wyoming,.7,Thousands of registered vehicles
2023,PHVHP,Electricity consumed for plug-in hybrid electric vehicle (PHEV) use,AK,Alaska,2,Million kilowatthours
2023,PHVHP,Electricity consumed for plug-in hybrid electric vehicle (PHEV) use,AL,Alabama,10,Million kilowatthours
2023,PHVHP,Electricity consumed for plug-in hybrid electric vehicle (PHEV) use,AR,Arkansas,5,Million kilowatthours
2023,PHVHP,Electricity consumed for plug-in hybrid electric vehicle (PHEV) use,AZ,Arizona,45,Million kilowatthours
2023,PHVHP,Electricity consumed for plug-in hybrid electric vehicle (PHEV) use,CA,California,670,Million kilowatthours
2023,PHVHP,Electricity consumed for plug-in hybrid electric vehicle (PHEV) use,CO,Colorado,61,Million kilowatthours
2023,PHVHP,Electricity consumed for plug-in hybrid electric vehicle (PHEV) use,CT,Connecticut,29,Million kilowatthours
2023,PHVHP,Electricity consumed for plug-in hybrid electric vehicle (PHEV) use,DC,District of Columbia,6,Million kilowatthours
2023,PHVHP,Electricity consumed for plug-in hybrid electric vehicle (PHEV) use,DE,Delaware,6,Million kilowatthours
2023,PHVHP,Electricity consumed for plug-in hybrid electric vehicle (PHEV) use,FL,Florida,96,Million kilowatthours
2023,PHVHP,Electricity consumed for plug-in hybrid electric vehicle (PHEV) use,GA,Georgia,36,Million kilowatthours
2023,PHVHP,Electricity consumed for plug-in hybrid electric vehicle (PHEV) use,HI,Hawaii,11,Million kilowatthours
2023,PHVHP,Electricity consumed for plug-in hybrid electric vehicle (PHEV) use,IA,Iowa,12,Million kilowatthours
2023,PHVHP,Electricity consumed for plug-in hybrid electric vehicle (PHEV) use,ID,Idaho,9,Million kilowatthours
2023,PHVHP,Electricity consumed for plug-in hybrid electric vehicle (PHEV) use,IL,Illinois,64,Million kilowatthours
2023,PHVHP,Electricity consumed for plug-in hybrid electric vehicle (PHEV) use,IN,Indiana,23,Million kilowatthours
2023,PHVHP,Electricity consumed for plug-in hybrid electric vehicle (PHEV) use,KS,Kansas,10,Million kilowatthours
2023,PHVHP,Electricity consumed for plug-in hybrid electric vehicle (PHEV) use,KY,Kentucky,10,Million kilowatthours
2023,PHVHP,Electricity consumed for plug-in hybrid electric vehicle (PHEV) use,LA,Louisiana,6,Million kilowatthours
2023,BDTXP,Biodiesel total end-use consumption,MO,Missouri,802,Thousand barrels
2023,BDXUP,Biodiesel product supplied portion to the end-use sectors,CT,Connecticut,609,Thousand barrels
2023,BDXUP,Biodiesel product supplied portion to the end-use sectors,DC,District of Columbia,8,Thousand barrels
2023,BDXUP,Biodiesel product supplied portion to the end-use sectors,DE,Delaware,36,Thousand barrels
2023,BDXUP,Biodiesel product supplied portion to the end-use sectors,FL,Florida,1008,Thousand barrels
2023,BDXUP,Biodiesel product supplied portion to the end-use sectors,GA,Georgia,668,Thousand barrels
2023,BDXUP,Biodiesel product supplied portion to the end-use sectors,HI,Hawaii,67,Thousand barrels
2023,BDXUP,Biodiesel product supplied portion to the end-use sectors,IA,Iowa,1020,Thousand barrels
2023,BDXUP,Biodiesel product supplied portion to the end-use sectors,ID,Idaho,43,Thousand barrels
2023,BDXUP,Biodiesel product supplied portion to the end-use sectors,IL,Illinois,1970,Thousand barrels
2023,BDXUP,Biodiesel product supplied portion to the end-use sectors,IN,Indiana,655,Thousand barrels
2023,BDXUP,Biodiesel product supplied portion to the end-use sectors,KS,Kansas,369,Thousand barrels
2023,BDXUP,Biodiesel product supplied portion to the end-use sectors,KY,Kentucky,464,Thousand barrels
2023,BDTXP,Biodiesel total end-use consumption,CO,Colorado,107,Thousand barrels
2023,BDCBB,Biodiesel refinery and blender net inputs portion to the commercial sector,MI,Michigan,0,Billion Btu
2023,BDCBB,Biodiesel refinery and blender net inputs portion to the commercial sector,MN,Minnesota,0,Billion Btu
2023,PHVHP,Electricity consumed for plug-in hybrid electric vehicle (PHEV) use,MA,Massachusetts,71,Million kilowatthours
2023,PHVHP,Electricity consumed for plug-in hybrid electric vehicle (PHEV) use,MD,Maryland,48,Million kilowatthours
2023,PHVHP,Electricity consumed for plug-in hybrid electric vehicle (PHEV) use,ME,Maine,13,Million kilowatthours
2023,PHVHP,Electricity consumed for plug-in hybrid electric vehicle (PHEV) use,MI,Michigan,59,Million kilowatthours
2023,PHVHP,Electricity consumed for plug-in hybrid electric vehicle (PHEV) use,MN,Minnesota,31,Million kilowatthours
2023,PHVHP,Electricity consumed for plug-in hybrid electric vehicle (PHEV) use,MO,Missouri,29,Million kilowatthours
2023,PHVHP,Electricity consumed for plug-in hybrid electric vehicle (PHEV) use,MS,Mississippi,4,Million kilowatthours
2023,PHVHP,Electricity consumed for plug-in hybrid electric vehicle (PHEV) use,MT,Montana,5,Million kilowatthours
2023,PHVHP,Electricity consumed for plug-in hybrid electric vehicle (PHEV) use,NC,North Carolina,41,Million kilowatthours
2023,PHVHP,Electricity consumed for plug-in hybrid electric vehicle (PHEV) use,ND,North Dakota,2,Million kilowatthours
2023,PHVHP,Electricity consumed for plug-in hybrid electric vehicle (PHEV) use,NE,Nebraska,8,Million kilowatthours
2023,PHVHP,Electricity consumed for plug-in hybrid electric vehicle (PHEV) use,NH,New Hampshire,11,Million kilowatthours
2023,PHVHP,Electricity consumed for plug-in hybrid electric vehicle (PHEV) use,NJ,New Jersey,60,Million kilowatthours
2023,PHVHP,Electricity consumed for plug-in hybrid electric vehicle (PHEV) use,NM,New Mexico,9,Million kilowatthours
2023,PHVHP,Electricity consumed for plug-in hybrid electric vehicle (PHEV) use,NV,Nevada,19,Million kilowatthours
2023,PHVHP,Electricity consumed for plug-in hybrid electric vehicle (PHEV) use,NY,New York,133,Million kilowatthours
2023,PHVHP,Electricity consumed for plug-in hybrid electric vehicle (PHEV) use,OH,Ohio,44,Million kilowatthours
2023,PHVHP,Electricity consumed for plug-in hybrid electric vehicle (PHEV) use,OK,Oklahoma,35,Million kilowatthours
2023,PHVHP,Electricity consumed for plug-in hybrid electric vehicle (PHEV) use,OR,Oregon,49,Million kilowatthours
2023,PHVHP,Electricity consumed for plug-in hybrid electric vehicle (PHEV) use,PA,Pennsylvania,58,Million kilowatthours
2023,PHVHP,Electricity consumed for plug-in hybrid electric vehicle (PHEV) use,RI,Rhode Island,8,Million kilowatthours
2023,PHVHP,Electricity consumed for plug-in hybrid electric vehicle (PHEV) use,SC,South Carolina,15,Million kilowatthours
2023,PHVHP,Electricity consumed for plug-in hybrid electric vehicle (PHEV) use,SD,South Dakota,3,Million kilowatthours
2023,PHVHP,Electricity consumed for plug-in hybrid electric vehicle (PHEV) use,TN,Tennessee,21,Million kilowatthours
2023,PHVHP,Electricity consumed for plug-in hybrid electric vehicle (PHEV) use,TX,Texas,91,Million kilowatthours
2023,PHVHP,Electricity consumed for plug-in hybrid electric vehicle (PHEV) use,US,United States,2151,Million kilowatthours
2023,REGBP,Renewable energy total generating units net summer capacity in all sectors,KY,Kentucky,1290,Thousand kilowatts
2023,REGBP,Renewable energy total generating units net summer capacity in all sectors,LA,Louisiana,959,Thousand kilowatts
2023,REGBP,Renewable energy total generating units net summer capacity in all sectors,MA,Massachusetts,1981,Thousand kilowatts
2023,REGBP,Renewable energy total generating units net summer capacity in all sectors,MD,Maryland,1429,Thousand kilowatts
2023,REGBP,Renewable energy total generating units net summer capacity in all sectors,ME,Maine,2725,Thousand kilowatts
2023,REGBP,Renewable energy total generating units net summer capacity in all sectors,MI,Michigan,5305,Thousand kilowatts
2023,REGBP,Renewable energy total generating units net summer capacity in all sectors,MN,Minnesota,6749,Thousand kilowatts
2023,REGBP,Renewable energy total generating units net summer capacity in all sectors,MO,Missouri,3038,Thousand kilowatts
2023,REGBP,Renewable energy total generating units net summer capacity in all sectors,MS,Mississippi,728,Thousand kilowatts
2023,REGBP,Renewable energy total generating units net summer capacity in all sectors,MT,Montana,4590,Thousand kilowatts
2023,REGBP,Renewable energy total generating units net summer capacity in all sectors,NC,North Carolina,9197,Thousand kilowatts
2023,REGBP,Renewable energy total generating units net summer capacity in all sectors,ND,North Dakota,4840,Thousand kilowatts
2023,REGBP,Renewable energy total generating units net summer capacity in all sectors,NE,Nebraska,3854,Thousand kilowatts
2023,REGBP,Renewable energy total generating units net summer capacity in all sectors,NH,New Hampshire,947,Thousand kilowatts
2023,REGBP,Renewable energy total generating units net summer capacity in all sectors,NJ,New Jersey,1376,Thousand kilowatts
2023,REGBP,Renewable energy total generating units net summer capacity in all sectors,NM,New Mexico,5635,Thousand kilowatts
2023,REGBP,Renewable energy total generating units net summer capacity in all sectors,NV,Nevada,5903,Thousand kilowatts
2023,REGBP,Renewable energy total generating units net summer capacity in all sectors,NY,New York,9482,Thousand kilowatts
2023,REGBP,Renewable energy total generating units net summer capacity in all sectors,OH,Ohio,3090,Thousand kilowatts
2023,REGBP,Renewable energy total generating units net summer capacity in all sectors,OK,Oklahoma,13210,Thousand kilowatts
2023,REGBP,Renewable energy total generating units net summer capacity in all sectors,OR,Oregon,13665,Thousand kilowatts
2023,REGBP,Renewable energy total generating units net summer capacity in all sectors,PA,Pennsylvania,3595,Thousand kilowatts
2023,REGBP,Renewable energy total generating units net summer capacity in all sectors,RI,Rhode Island,505,Thousand kilowatts
2023,REGBP,Renewable energy total generating units net summer capacity in all sectors,SC,South Carolina,3317,Thousand kilowatts
2023,REGBP,Renewable energy total generating units net summer capacity in all sectors,SD,South Dakota,4849,Thousand kilowatts
2023,REGBP,Renewable energy total generating units net summer capacity in all sectors,WI,Wisconsin,3216,Thousand kilowatts
2023,REGBP,Renewable energy total generating units net summer capacity in all sectors,WV,West Virginia,1199,Thousand kilowatts
2023,BDCCB,Biodiesel consumed by the commercial sector,MI,Michigan,0,Billion Btu
2023,REGBP,Renewable energy total generating units net summer capacity in all sectors,WY,Wyoming,3505,Thousand kilowatts
2023,REGBP,Renewable energy total generating units net summer capacity in all sectors,TN,Tennessee,3366,Thousand kilowatts
2023,REGBP,Renewable energy total generating units net summer capacity in all sectors,TX,Texas,56402,Thousand kilowatts
2023,REGBP,Renewable energy total generating units net summer capacity in all sectors,US,United States,333960,Thousand kilowatts
2023,REGBP,Renewable energy total generating units net summer capacity in all sectors,UT,Utah,2367,Thousand kilowatts
2023,REGBP,Renewable energy total generating units net summer capacity in all sectors,VA,Virginia,5333,Thousand kilowatts
2023,REGBP,Renewable energy total generating units net summer capacity in all sectors,VT,Vermont,709,Thousand kilowatts
2023,REGBP,Renewable energy total generating units net summer capacity in all sectors,WA,Washington,25350,Thousand kilowatts
2023,REGBP,Renewable energy total generating units net summer capacity in all sectors,AK,Alaska,550,Thousand kilowatts
2023,REGBP,Renewable energy total generating units net summer capacity in all sectors,AL,Alabama,4510,Thousand kilowatts
2023,REGBP,Renewable energy total generating units net summer capacity in all sectors,AR,Arkansas,2310,Thousand kilowatts
2023,REGBP,Renewable energy total generating units net summer capacity in all sectors,AZ,Arizona,7252,Thousand kilowatts
2023,REGBP,Renewable energy total generating units net summer capacity in all sectors,CA,California,39289,Thousand kilowatts
2023,REGBP,Renewable energy total generating units net summer capacity in all sectors,CO,Colorado,8229,Thousand kilowatts
2023,REGBP,Renewable energy total generating units net summer capacity in all sectors,CT,Connecticut,551,Thousand kilowatts
2023,REGBP,Renewable energy total generating units net summer capacity in all sectors,DC,District of Columbia,32,Thousand kilowatts
2023,REGBP,Renewable energy total generating units net summer capacity in all sectors,DE,Delaware,106,Thousand kilowatts
2023,REGBP,Renewable energy total generating units net summer capacity in all sectors,FL,Florida,8847,Thousand kilowatts
2023,REGBP,Renewable energy total generating units net summer capacity in all sectors,GA,Georgia,7175,Thousand kilowatts
2023,REGBP,Renewable energy total generating units net summer capacity in all sectors,HI,Hawaii,855,Thousand kilowatts
2023,REGBP,Renewable energy total generating units net summer capacity in all sectors,IA,Iowa,13296,Thousand kilowatts
2023,REGBP,Renewable energy total generating units net summer capacity in all sectors,ID,Idaho,4096,Thousand kilowatts
2023,REGBP,Renewable energy total generating units net summer capacity in all sectors,IL,Illinois,9211,Thousand kilowatts
2023,REGBP,Renewable energy total generating units net summer capacity in all sectors,IN,Indiana,4849,Thousand kilowatts
2023,REGBP,Renewable energy total generating units net summer capacity in all sectors,KS,Kansas,9099,Thousand kilowatts
2023,SHCAS,Solar thermal generating units capacity factor,AK,Alaska,0,Percent
2023,SHCAS,Solar thermal generating units capacity factor,AL,Alabama,0,Percent
2023,SHCAS,Solar thermal generating units capacity factor,AR,Arkansas,0,Percent
2023,SHCAS,Solar thermal generating units capacity factor,AZ,Arizona,29.9,Percent
2023,SHCAS,Solar thermal generating units capacity factor,CA,California,21.8,Percent
2023,SHCAS,Solar thermal generating units capacity factor,CO,Colorado,0,Percent
2023,SHCAS,Solar thermal generating units capacity factor,CT,Connecticut,0,Percent
2023,SHCAS,Solar thermal generating units capacity factor,SD,South Dakota,0,Percent
2023,SHCAS,Solar thermal generating units capacity factor,TN,Tennessee,0,Percent
2023,SHCAS,Solar thermal generating units capacity factor,TX,Texas,0,Percent
2023,SHCAS,Solar thermal generating units capacity factor,US,United States,22.1,Percent
2023,SHCAS,Solar thermal generating units capacity factor,UT,Utah,0,Percent
2023,SHCAS,Solar thermal generating units capacity factor,VA,Virginia,0,Percent
2023,SHCAS,Solar thermal generating units capacity factor,VT,Vermont,0,Percent
2023,EVCHP,Total electric vehicle charging locations,MA,Massachusetts,3153,Number
2023,EVNTP,Electric vehicle charging locations with networked ports only,NY,New York,3956,Number
2023,EVNTP,Electric vehicle charging locations with networked ports only,OH,Ohio,1306,Number
2023,EVNTP,Electric vehicle charging locations with networked ports only,OK,Oklahoma,282,Number
2023,EVNTP,Electric vehicle charging locations with networked ports only,OR,Oregon,1098,Number
2023,EVNTP,Electric vehicle charging locations with networked ports only,PA,Pennsylvania,1530,Number
2023,EVNTP,Electric vehicle charging locations with networked ports only,RI,Rhode Island,297,Number
2023,EVNTP,Electric vehicle charging locations with networked ports only,SC,South Carolina,370,Number
2023,EVNTP,Electric vehicle charging locations with networked ports only,SD,South Dakota,85,Number
2023,EVNTP,Electric vehicle charging locations with networked ports only,TN,Tennessee,758,Number
2023,EVNTP,Electric vehicle charging locations with networked ports only,TX,Texas,3100,Number
2023,EVNTP,Electric vehicle charging locations with networked ports only,US,United States,58606,Number
2023,EVCHN,Total charging ports for electric vehicles,VT,Vermont,1080,Number
2023,EVCHN,Total charging ports for electric vehicles,WA,Washington,6781,Number
2023,EVCHN,Total charging ports for electric vehicles,WI,Wisconsin,1533,Number
2023,BDCBB,Biodiesel refinery and blender net inputs portion to the commercial sector,OK,Oklahoma,0,Billion Btu
2023,BDCBB,Biodiesel refinery and blender net inputs portion to the commercial sector,OR,Oregon,0,Billion Btu
2023,EVCHN,Total charging ports for electric vehicles,WV,West Virginia,480,Number
2023,EVCHN,Total charging ports for electric vehicles,WY,Wyoming,265,Number
2023,EVCHP,Total electric vehicle charging locations,AK,Alaska,69,Number
2023,EVCHP,Total electric vehicle charging locations,AL,Alabama,435,Number
2023,EVCHP,Total electric vehicle charging locations,AR,Arkansas,355,Number
2023,EVPVP,Electric vehicle charging locations with private ports only,CA,California,806,Number
2023,EVPVP,Electric vehicle charging locations with private ports only,CO,Colorado,98,Number
2023,EVPVP,Electric vehicle charging locations with private ports only,CT,Connecticut,100,Number
2023,EVPVP,Electric vehicle charging locations with private ports only,DC,District of Columbia,41,Number
2023,EVPVP,Electric vehicle charging locations with private ports only,DE,Delaware,12,Number
2023,EVPVP,Electric vehicle charging locations with private ports only,FL,Florida,146,Number
2023,EVPVP,Electric vehicle charging locations with private ports only,GA,Georgia,50,Number
2023,EVPVP,Electric vehicle charging locations with private ports only,HI,Hawaii,15,Number
2023,EVPVP,Electric vehicle charging locations with private ports only,IA,Iowa,15,Number
2023,EVPVP,Electric vehicle charging locations with private ports only,ID,Idaho,30,Number
2023,EVPVP,Electric vehicle charging locations with private ports only,IL,Illinois,65,Number
2023,EVPVP,Electric vehicle charging locations with private ports only,IN,Indiana,38,Number
2023,EVPVP,Electric vehicle charging locations with private ports only,KS,Kansas,17,Number
2023,EVPVP,Electric vehicle charging locations with private ports only,KY,Kentucky,14,Number
2023,EVPVP,Electric vehicle charging locations with private ports only,LA,Louisiana,24,Number
2023,EVPVP,Electric vehicle charging locations with private ports only,MA,Massachusetts,134,Number
2023,EVPVP,Electric vehicle charging locations with private ports only,MD,Maryland,106,Number
2023,EVPVP,Electric vehicle charging locations with private ports only,ME,Maine,16,Number
2023,EVNNP,Electric vehicle charging locations with both networked and non-networked ports,MO,Missouri,4,Number
2023,EVNNP,Electric vehicle charging locations with both networked and non-networked ports,MS,Mississippi,0,Number
2023,EVNNP,Electric vehicle charging locations with both networked and non-networked ports,MT,Montana,3,Number
2023,EVNNP,Electric vehicle charging locations with both networked and non-networked ports,NC,North Carolina,12,Number
2023,EVNNP,Electric vehicle charging locations with both networked and non-networked ports,ND,North Dakota,0,Number
2023,EVNNP,Electric vehicle charging locations with both networked and non-networked ports,NE,Nebraska,0,Number
2023,EVNNP,Electric vehicle charging locations with both networked and non-networked ports,NH,New Hampshire,3,Number
2023,EVNNP,Electric vehicle charging locations with both networked and non-networked ports,NJ,New Jersey,7,Number
2023,EVNNP,Electric vehicle charging locations with both networked and non-networked ports,NM,New Mexico,0,Number
2023,EVNNP,Electric vehicle charging locations with both networked and non-networked ports,NV,Nevada,4,Number
2023,EVNNP,Electric vehicle charging locations with both networked and non-networked ports,NY,New York,23,Number
2023,BDCBB,Biodiesel refinery and blender net inputs portion to the commercial sector,PA,Pennsylvania,0,Billion Btu
2023,BDEIK,Factor for converting biodiesel consumed by the electric power sector from physical units to Btu,RI,Rhode Island,0,Million Btu per barrel
2023,BDCCP,Biodiesel consumed by the commercial sector,NV,Nevada,0,Thousand barrels
2023,BDCCP,Biodiesel consumed by the commercial sector,AK,Alaska,0,Thousand barrels
2023,BDCCB,Biodiesel consumed by the commercial sector,CA,California,0,Billion Btu
2023,TEICE,Total energy CO2 emissions for the industrial sector,MT,Montana,4.4,Million metric tons CO2
2023,TECCE,Total energy CO2 emissions for the commercial sector,TN,Tennessee,3.9,Million metric tons CO2
2023,TECCE,Total energy CO2 emissions for the commercial sector,PA,Pennsylvania,11.4,Million metric tons CO2
2023,FFACE,Fossil fuel CO2 emissions for the transportation sector,KS,Kansas,18.5,Million metric tons CO2
2023,NNCCE,"Natural gas, excluding supplemental gaseous fuels, CO2 emissions for the commercial sector",OH,Ohio,9.4,Million metric tons CO2
2023,CLRCE,Coal CO2 emissions for the residential sector (through 2008),RI,Rhode Island,0,Million metric tons CO2
2023,TERCE,Total energy CO2 emissions for the residential sector,FL,Florida,1.4,Million metric tons CO2
2023,FFRCE,Fossil fuel CO2 emissions for the residential sector,WY,Wyoming,1,Million metric tons CO2
2023,TETCE,Total energy CO2 emissions for all sectors,LA,Louisiana,183.8,Million metric tons CO2
2023,FFCCE,Fossil fuel CO2 emissions for the commercial sector,AK,Alaska,2.3,Million metric tons CO2
2023,FFTCE,Fossil fuel CO2 emissions for all sectors,RI,Rhode Island,11.1,Million metric tons CO2
2023,CLACE,Coal CO2 emissions for the transportation sector (through 1977),OR,Oregon,0,Million metric tons CO2
2023,FFTCE,Fossil fuel CO2 emissions for all sectors,NV,Nevada,39.3,Million metric tons CO2
2023,CDTPR,Per capita energy-related CO2 emissions,AZ,Arizona,11.1,Metric tons CO2
2023,CLICE,Coal CO2 emissions for the industrial sector,US,United States,85.4,Million metric tons CO2
2023,FFICE,Fossil fuel CO2 emissions for the industrial sector,ME,Maine,1.4,Million metric tons CO2
2023,CLEIE,Coal CO2 emissions for the electric power sector,OK,Oklahoma,5.8,Million metric tons CO2
2023,NNRCE,"Natural gas, excluding supplemental gaseous fuels, CO2 emissions for the residential sector",GA,Georgia,6.6,Million metric tons CO2
2023,PMTCE,"Total petroleum, excluding biofuels, CO2 emissions for all sectors",NH,New Hampshire,10.2,Million metric tons CO2  
2023,CLEIE,Coal CO2 emissions for the electric power sector,OH,Ohio,30.4,Million metric tons CO2
2023,PMACE,"Total petroleum, excluding biofuels, CO2 emissions for the transportation sector",KY,Kentucky,32.2,Million metric tons CO2
2023,CDTPR,Per capita energy-related CO2 emissions,MO,Missouri,16.4,Metric tons CO2
2023,NNICE,"Natural gas, excluding supplemental gaseous fuels, CO2 emissions for the industrial sector",AK,Alaska,19.5,Million metric tons CO2
2023,CLEIE,Coal CO2 emissions for the electric power sector,MD,Maryland,2.1,Million metric tons CO2
2023,NNRCE,"Natural gas, excluding supplemental gaseous fuels, CO2 emissions for the residential sector",ME,Maine,.2,Million metric tons CO2
2023,NNEIE,"Natural gas, excluding supplemental gaseous fuels, CO2 emissions for the electric power sector",UT,Utah,4.8,Million metric tons CO2
2023,FFICE,Fossil fuel CO2 emissions for the industrial sector,WA,Washington,10.9,Million metric tons CO2
2023,FFTCE,Fossil fuel CO2 emissions for all sectors,US,United States,4785.6,Million metric tons CO2
2023,PMRCE,"Total petroleum, excluding biofuels, CO2 emissions for the residential sector",ND,North Dakota,.5,Million metric tons CO2
2023,FFEIE,Fossil fuel CO2 emissions for the electric power sector,ND,North Dakota,26.1,Million metric tons CO2
2023,CLICE,Coal CO2 emissions for the industrial sector,PA,Pennsylvania,14.3,Million metric tons CO2
2023,FFTCE,Fossil fuel CO2 emissions for all sectors,NE,Nebraska,45.6,Million metric tons CO2
2023,PMTCE,"Total petroleum, excluding biofuels, CO2 emissions for all sectors",KY,Kentucky,39.4,Million metric tons CO2  
2023,TEEIE,Total energy CO2 emissions for the electric power sector,IA,Iowa,19.3,Million metric tons CO2
2023,TEICE,Total energy CO2 emissions for the industrial sector,GA,Georgia,12,Million metric tons CO2
2023,NNRCE,"Natural gas, excluding supplemental gaseous fuels, CO2 emissions for the residential sector",TX,Texas,10.8,Million metric tons CO2
2023,TETCE,Total energy CO2 emissions for all sectors,SC,South Carolina,68.8,Million metric tons CO2
2023,TERCE,Total energy CO2 emissions for the residential sector,RI,Rhode Island,2,Million metric tons CO2
2023,TEEIE,Total energy CO2 emissions for the electric power sector,WA,Washington,12.4,Million metric tons CO2
2023,FFCCE,Fossil fuel CO2 emissions for the commercial sector,SC,South Carolina,2.2,Million metric tons CO2
2023,CLEIE,Coal CO2 emissions for the electric power sector,WV,West Virginia,44.7,Million metric tons CO2
2023,NNACE,"Natural gas, excluding supplemental gaseous fuels, CO2 emissions for the transportation sector",OK,Oklahoma,2.6,Million metric tons CO2
2023,NNTCE,"Natural gas, excluding supplemental gaseous fuels, CO2 emissions for all sectors",DE,Delaware,4.4,Million metric tons CO2
2023,ESICD,Electricity price in the industrial sector,NC,North Carolina,20.94,Dollars per million Btu
2023,ESICD,Electricity price in the industrial sector,ND,North Dakota,21.6,Dollars per million Btu
2023,ESICP,Electricity consumed by (sales to ultimate customers in) the industrial sector,RI,Rhode Island,629,Million kilowatthours
2023,ESICP,Electricity consumed by (sales to ultimate customers in) the industrial sector,SC,South Carolina,25110,Million kilowatthours
2023,ESICP,Electricity consumed by (sales to ultimate customers in) the industrial sector,SD,South Dakota,3227,Million kilowatthours
2023,ESICV,Electricity expenditures in the industrial sector,NY,New York,1042.2,Million dollars
2023,ESISB,Electricity sales to the industrial sector excluding refinery use,VA,Virginia,51781,Billion Btu
2023,ESISB,Electricity sales to the industrial sector excluding refinery use,VT,Vermont,4381,Billion Btu
2023,ESISB,Electricity sales to the industrial sector excluding refinery use,WA,Washington,63083,Billion Btu
2023,ESISB,Electricity sales to the industrial sector excluding refinery use,WI,Wisconsin,78616,Billion Btu
2023,ESICP,Electricity consumed by (sales to ultimate customers in) the industrial sector,NY,New York,15174,Million kilowatthours
2023,ESICV,Electricity expenditures in the industrial sector,WA,Washington,1173.5,Million dollars
2023,ESICV,Electricity expenditures in the industrial sector,WI,Wisconsin,1999.1,Million dollars
2023,ESICV,Electricity expenditures in the industrial sector,WV,West Virginia,1058.2,Million dollars
2023,ESICV,Electricity expenditures in the industrial sector,WY,Wyoming,583.5,Million dollars
2023,ESICV,Electricity expenditures in the industrial sector,IN,Indiana,3276.2,Million dollars
2023,ESISB,Electricity sales to the industrial sector excluding refinery use,ND,North Dakota,41136,Billion Btu
2023,ESISB,Electricity sales to the industrial sector excluding refinery use,NE,Nebraska,39716,Billion Btu
2023,ESISB,Electricity sales to the industrial sector excluding refinery use,NH,New Hampshire,6571,Billion Btu
2023,ESISB,Electricity sales to the industrial sector excluding refinery use,NJ,New Jersey,18499,Billion Btu
2023,ESICP,Electricity consumed by (sales to ultimate customers in) the industrial sector,TN,Tennessee,22601,Million kilowatthours
2023,ESISB,Electricity sales to the industrial sector excluding refinery use,AL,Alabama,105510,Billion Btu
2023,ESISB,Electricity sales to the industrial sector excluding refinery use,AR,Arkansas,62627,Billion Btu
2023,ESISB,Electricity sales to the industrial sector excluding refinery use,AZ,Arizona,48780,Billion Btu
2023,ESISB,Electricity sales to the industrial sector excluding refinery use,WV,West Virginia,49886,Billion Btu
2023,ESICD,Electricity price in the industrial sector,AL,Alabama,20.82,Dollars per million Btu
2023,EVCHN,Total charging ports for electric vehicles,VA,Virginia,5167,Number
2023,EV0CN,Legacy charging ports for electric vehicles,TN,Tennessee,0,Number
2023,EV0CN,Legacy charging ports for electric vehicles,TX,Texas,0,Number
2023,EV0CN,Legacy charging ports for electric vehicles,US,United States,29,Number
2023,EV0CN,Legacy charging ports for electric vehicles,UT,Utah,0,Number
2023,EV0CN,Legacy charging ports for electric vehicles,VA,Virginia,0,Number
2023,EV0CN,Legacy charging ports for electric vehicles,VT,Vermont,0,Number
2023,EV0CN,Legacy charging ports for electric vehicles,WA,Washington,0,Number
2023,EV0CN,Legacy charging ports for electric vehicles,WI,Wisconsin,0,Number
2023,EV0CN,Legacy charging ports for electric vehicles,WV,West Virginia,0,Number
2023,EV0CN,Legacy charging ports for electric vehicles,WY,Wyoming,0,Number
2023,EV1CN,Level 1 charging ports for electric vehicles,AK,Alaska,3,Number
2023,EV1CN,Level 1 charging ports for electric vehicles,AL,Alabama,39,Number
2023,EV1CN,Level 1 charging ports for electric vehicles,AR,Arkansas,3,Number
2023,EV1CN,Level 1 charging ports for electric vehicles,AZ,Arizona,11,Number
2023,EV1CN,Level 1 charging ports for electric vehicles,CA,California,723,Number
2023,EV1CN,Level 1 charging ports for electric vehicles,CO,Colorado,90,Number
2023,EV1CN,Level 1 charging ports for electric vehicles,CT,Connecticut,74,Number
2023,EV1CN,Level 1 charging ports for electric vehicles,DC,District of Columbia,27,Number
2023,ESTXV,Electricity total end-use expenditures,OK,Oklahoma,6316,Million dollars
2023,ESTXV,Electricity total end-use expenditures,OR,Oregon,5981.5,Million dollars
2023,ESTXV,Electricity total end-use expenditures,PA,Pennsylvania,17401.3,Million dollars
2023,EV2CR,Level 2 charging ports per location,DC,District of Columbia,3.17,Number
2023,EV2CR,Level 2 charging ports per location,DE,Delaware,2.38,Number
2023,EV2CR,Level 2 charging ports per location,FL,Florida,2.6,Number
2023,EV2CR,Level 2 charging ports per location,GA,Georgia,2.68,Number
2023,EV2CR,Level 2 charging ports per location,HI,Hawaii,2.59,Number
2023,EV2CR,Level 2 charging ports per location,IA,Iowa,2.08,Number
2023,EV2CR,Level 2 charging ports per location,ID,Idaho,2.46,Number
2023,EV2CR,Level 2 charging ports per location,IL,Illinois,2.6,Number
2023,EV2CR,Level 2 charging ports per location,IN,Indiana,2.38,Number
2023,EV2CR,Level 2 charging ports per location,KS,Kansas,2.42,Number
2023,EV2CR,Level 2 charging ports per location,KY,Kentucky,2.31,Number
2023,EVNTP,Electric vehicle charging locations with networked ports only,UT,Utah,834,Number
2023,EVNTP,Electric vehicle charging locations with networked ports only,VA,Virginia,1353,Number
2023,EVNTP,Electric vehicle charging locations with networked ports only,VT,Vermont,318,Number
2023,EVNTP,Electric vehicle charging locations with networked ports only,WA,Washington,2066,Number
2023,EVNTP,Electric vehicle charging locations with networked ports only,WI,Wisconsin,535,Number
2023,EVNTP,Electric vehicle charging locations with networked ports only,WV,West Virginia,94,Number
2023,EVNTP,Electric vehicle charging locations with networked ports only,WY,Wyoming,74,Number
2023,EVPPP,Electric vehicle charging locations with both public and private ports,AK,Alaska,1,Number
2023,EVPPP,Electric vehicle charging locations with both public and private ports,AL,Alabama,21,Number
2023,EVPPP,Electric vehicle charging locations with both public and private ports,AR,Arkansas,9,Number
2023,EVPPP,Electric vehicle charging locations with both public and private ports,AZ,Arizona,18,Number
2023,EVPPP,Electric vehicle charging locations with both public and private ports,CA,California,145,Number
2023,EVPPP,Electric vehicle charging locations with both public and private ports,CO,Colorado,21,Number
2023,EVPPP,Electric vehicle charging locations with both public and private ports,CT,Connecticut,23,Number
2023,EVPPP,Electric vehicle charging locations with both public and private ports,DC,District of Columbia,3,Number
2023,EVPPP,Electric vehicle charging locations with both public and private ports,DE,Delaware,6,Number
2023,EVPPP,Electric vehicle charging locations with both public and private ports,FL,Florida,68,Number
2023,EVPPP,Electric vehicle charging locations with both public and private ports,GA,Georgia,36,Number
2023,EVPVP,Electric vehicle charging locations with private ports only,MI,Michigan,67,Number
2023,EVPVP,Electric vehicle charging locations with private ports only,MN,Minnesota,32,Number
2023,EVPVP,Electric vehicle charging locations with private ports only,MO,Missouri,34,Number
2023,EVPVP,Electric vehicle charging locations with private ports only,MS,Mississippi,12,Number
2023,EVPVP,Electric vehicle charging locations with private ports only,MT,Montana,3,Number
2023,EVPVP,Electric vehicle charging locations with private ports only,NC,North Carolina,74,Number
2023,EVPVP,Electric vehicle charging locations with private ports only,ND,North Dakota,1,Number
2023,BDXUP,Biodiesel product supplied portion to the end-use sectors,LA,Louisiana,564,Thousand barrels
2023,BDXUP,Biodiesel product supplied portion to the end-use sectors,MA,Massachusetts,220,Thousand barrels
2023,BDXUP,Biodiesel product supplied portion to the end-use sectors,MD,Maryland,233,Thousand barrels
2023,BDXUP,Biodiesel product supplied portion to the end-use sectors,ME,Maine,99,Thousand barrels
2023,BDXUP,Biodiesel product supplied portion to the end-use sectors,MI,Michigan,468,Thousand barrels
2023,BDXUP,Biodiesel product supplied portion to the end-use sectors,MN,Minnesota,1833,Thousand barrels
2023,BDXUP,Biodiesel product supplied portion to the end-use sectors,MO,Missouri,505,Thousand barrels
2023,BDTXB,Biodiesel total end-use consumption,US,United States,245373,Billion Btu
2023,BDXUB,Biodiesel product supplied portion to the end-use sectors,KY,Kentucky,2488,Billion Btu
2023,EVPVP,Electric vehicle charging locations with private ports only,NE,Nebraska,2,Number
2023,EVPVP,Electric vehicle charging locations with private ports only,NH,New Hampshire,24,Number
2023,EVPVP,Electric vehicle charging locations with private ports only,NJ,New Jersey,77,Number
2023,EVPVP,Electric vehicle charging locations with private ports only,NM,New Mexico,10,Number
2023,ESRCP,Electricity consumed by (sales to ultimate customers in) the residential sector,VT,Vermont,2176,Million kilowatthours
2023,ESRCP,Electricity consumed by (sales to ultimate customers in) the residential sector,WA,Washington,38940,Million kilowatthours
2023,EV1CN,Level 1 charging ports for electric vehicles,DE,Delaware,5,Number
2023,EV1CN,Level 1 charging ports for electric vehicles,FL,Florida,364,Number
2023,EV1CN,Level 1 charging ports for electric vehicles,GA,Georgia,230,Number
2023,EV1CN,Level 1 charging ports for electric vehicles,HI,Hawaii,26,Number
2023,EV1CN,Level 1 charging ports for electric vehicles,IA,Iowa,4,Number
2023,EV1CN,Level 1 charging ports for electric vehicles,ID,Idaho,10,Number
2023,EV1CN,Level 1 charging ports for electric vehicles,IL,Illinois,52,Number
2023,EV1CN,Level 1 charging ports for electric vehicles,IN,Indiana,8,Number
2023,EV1CN,Level 1 charging ports for electric vehicles,KS,Kansas,14,Number
2023,EV1CN,Level 1 charging ports for electric vehicles,KY,Kentucky,24,Number
2023,EVNNP,Electric vehicle charging locations with both networked and non-networked ports,OH,Ohio,11,Number
2023,EVNNP,Electric vehicle charging locations with both networked and non-networked ports,OK,Oklahoma,7,Number
2023,EVNNP,Electric vehicle charging locations with both networked and non-networked ports,OR,Oregon,8,Number
2023,EVNNP,Electric vehicle charging locations with both networked and non-networked ports,PA,Pennsylvania,15,Number
2023,EVNNP,Electric vehicle charging locations with both networked and non-networked ports,RI,Rhode Island,0,Number
2023,EVNNP,Electric vehicle charging locations with both networked and non-networked ports,SC,South Carolina,7,Number
2023,EVNNP,Electric vehicle charging locations with both networked and non-networked ports,SD,South Dakota,1,Number
2023,EVNNP,Electric vehicle charging locations with both networked and non-networked ports,TN,Tennessee,1,Number
2023,ESACD,Electricity price in the transportation sector,ID,Idaho,0,Dollars per million Btu
2023,ESACP,Electricity consumed by (sales to ultimate customers in) the transportation sector,MT,Montana,0,Million kilowatthours
2023,ESACP,Electricity consumed by (sales to ultimate customers in) the transportation sector,NC,North Carolina,13,Million kilowatthours
2023,ESACP,Electricity consumed by (sales to ultimate customers in) the transportation sector,ND,North Dakota,0,Million kilowatthours
2023,ESACB,Electricity consumed by (sales to ultimate customers in) the transportation sector,ID,Idaho,0,Billion Btu
2023,ESACD,Electricity price in the transportation sector,NE,Nebraska,0,Dollars per million Btu
2023,ESACD,Electricity price in the transportation sector,NH,New Hampshire,0,Dollars per million Btu
2023,ESACD,Electricity price in the transportation sector,NJ,New Jersey,35.83,Dollars per million Btu
2023,ESACB,Electricity consumed by (sales to ultimate customers in) the transportation sector,VA,Virginia,818,Billion Btu
2023,ESACP,Electricity consumed by (sales to ultimate customers in) the transportation sector,FL,Florida,71,Million kilowatthours
2023,ESACP,Electricity consumed by (sales to ultimate customers in) the transportation sector,GA,Georgia,144,Million kilowatthours
2023,ESACP,Electricity consumed by (sales to ultimate customers in) the transportation sector,HI,Hawaii,0,Million kilowatthours
2023,ESACB,Electricity consumed by (sales to ultimate customers in) the transportation sector,ME,Maine,0,Billion Btu
2023,ESACD,Electricity price in the transportation sector,NV,Nevada,37.38,Dollars per million Btu
2023,ESACD,Electricity price in the transportation sector,NY,New York,46,Dollars per million Btu
2023,ESACD,Electricity price in the transportation sector,OH,Ohio,17.31,Dollars per million Btu
2023,ESACD,Electricity price in the transportation sector,OK,Oklahoma,0,Dollars per million Btu
2023,ESACP,Electricity consumed by (sales to ultimate customers in) the transportation sector,NE,Nebraska,0,Million kilowatthours
2023,ESACP,Electricity consumed by (sales to ultimate customers in) the transportation sector,IA,Iowa,0,Million kilowatthours
2023,ESACD,Electricity price in the transportation sector,OR,Oregon,33.45,Dollars per million Btu
2023,ESACB,Electricity consumed by (sales to ultimate customers in) the transportation sector,KY,Kentucky,0,Billion Btu
2023,ELNIB,Net imports of electricity into the United States,UT,Utah,0,Billion Btu
2023,ELNIB,Net imports of electricity into the United States,VA,Virginia,0,Billion Btu
2023,ELNIB,Net imports of electricity into the United States,VT,Vermont,36077,Billion Btu
2023,ESACB,Electricity consumed by (sales to ultimate customers in) the transportation sector,AK,Alaska,0,Billion Btu
2023,ESACD,Electricity price in the transportation sector,IL,Illinois,20.24,Dollars per million Btu
2023,ESACD,Electricity price in the transportation sector,IN,Indiana,37.31,Dollars per million Btu
2023,ESACD,Electricity price in the transportation sector,KS,Kansas,0,Dollars per million Btu
2023,ESACD,Electricity price in the transportation sector,KY,Kentucky,0,Dollars per million Btu
2023,BDXUB,Biodiesel product supplied portion to the end-use sectors,LA,Louisiana,3022,Billion Btu
2023,BDXUB,Biodiesel product supplied portion to the end-use sectors,MA,Massachusetts,1177,Billion Btu
2023,BDXUB,Biodiesel product supplied portion to the end-use sectors,MD,Maryland,1247,Billion Btu
2023,BDXUB,Biodiesel product supplied portion to the end-use sectors,ME,Maine,531,Billion Btu
2023,BDXUB,Biodiesel product supplied portion to the end-use sectors,MI,Michigan,2509,Billion Btu
2023,BDXUB,Biodiesel product supplied portion to the end-use sectors,MN,Minnesota,9821,Billion Btu
2023,BDXUB,Biodiesel product supplied portion to the end-use sectors,MO,Missouri,2705,Billion Btu
2023,BDXUB,Biodiesel product supplied portion to the end-use sectors,MS,Mississippi,2006,Billion Btu
2023,BDXUB,Biodiesel product supplied portion to the end-use sectors,MT,Montana,13,Billion Btu
2023,BDXUB,Biodiesel product supplied portion to the end-use sectors,NC,North Carolina,3062,Billion Btu
2023,BDXUB,Biodiesel product supplied portion to the end-use sectors,ND,North Dakota,891,Billion Btu
2023,BDXUB,Biodiesel product supplied portion to the end-use sectors,NE,Nebraska,1614,Billion Btu
2023,BDXUP,Biodiesel product supplied portion to the end-use sectors,MT,Montana,2,Thousand barrels
2023,BDXUP,Biodiesel product supplied portion to the end-use sectors,NC,North Carolina,571,Thousand barrels
2023,BDXUP,Biodiesel product supplied portion to the end-use sectors,ND,North Dakota,166,Thousand barrels
2023,BDXUP,Biodiesel product supplied portion to the end-use sectors,NE,Nebraska,301,Thousand barrels
2023,ESACD,Electricity price in the transportation sector,NM,New Mexico,0,Dollars per million Btu
2023,ESACP,Electricity consumed by (sales to ultimate customers in) the transportation sector,TN,Tennessee,0,Million kilowatthours
2023,ESACP,Electricity consumed by (sales to ultimate customers in) the transportation sector,TX,Texas,169,Million kilowatthours
2023,ESACP,Electricity consumed by (sales to ultimate customers in) the transportation sector,US,United States,6864,Million kilowatthours
2023,ESACP,Electricity consumed by (sales to ultimate customers in) the transportation sector,UT,Utah,54,Million kilowatthours
2023,ESACB,Electricity consumed by (sales to ultimate customers in) the transportation sector,VT,Vermont,0,Billion Btu
2023,ESACB,Electricity consumed by (sales to ultimate customers in) the transportation sector,WA,Washington,295,Billion Btu
2023,ESACB,Electricity consumed by (sales to ultimate customers in) the transportation sector,WI,Wisconsin,4,Billion Btu
2023,ESACB,Electricity consumed by (sales to ultimate customers in) the transportation sector,MI,Michigan,19,Billion Btu
2023,ESACB,Electricity consumed by (sales to ultimate customers in) the transportation sector,MN,Minnesota,62,Billion Btu
2023,ESACB,Electricity consumed by (sales to ultimate customers in) the transportation sector,MO,Missouri,81,Billion Btu
2023,ESACD,Electricity price in the transportation sector,LA,Louisiana,32.25,Dollars per million Btu
2023,ESACP,Electricity consumed by (sales to ultimate customers in) the transportation sector,NH,New Hampshire,0,Million kilowatthours
2023,ESACP,Electricity consumed by (sales to ultimate customers in) the transportation sector,NJ,New Jersey,375,Million kilowatthours
2023,ESACP,Electricity consumed by (sales to ultimate customers in) the transportation sector,NM,New Mexico,0,Million kilowatthours
2023,ESACB,Electricity consumed by (sales to ultimate customers in) the transportation sector,NY,New York,9257,Billion Btu
2023,ESACD,Electricity price in the transportation sector,WA,Washington,29.8,Dollars per million Btu
2023,ESACD,Electricity price in the transportation sector,WI,Wisconsin,50.43,Dollars per million Btu
2023,ESACD,Electricity price in the transportation sector,WV,West Virginia,0,Dollars per million Btu
2023,ESACD,Electricity price in the transportation sector,WY,Wyoming,0,Dollars per million Btu
2023,ESACB,Electricity consumed by (sales to ultimate customers in) the transportation sector,WV,West Virginia,0,Billion Btu
2023,ESACP,Electricity consumed by (sales to ultimate customers in) the transportation sector,ID,Idaho,0,Million kilowatthours
2023,ESACP,Electricity consumed by (sales to ultimate customers in) the transportation sector,IL,Illinois,415,Million kilowatthours
2023,ESACP,Electricity consumed by (sales to ultimate customers in) the transportation sector,IN,Indiana,11,Million kilowatthours
2023,ESACB,Electricity consumed by (sales to ultimate customers in) the transportation sector,MS,Mississippi,0,Billion Btu
2023,ESACD,Electricity price in the transportation sector,PA,Pennsylvania,29.92,Dollars per million Btu
2023,ESACD,Electricity price in the transportation sector,RI,Rhode Island,50.67,Dollars per million Btu
2023,ESACD,Electricity price in the transportation sector,SC,South Carolina,0,Dollars per million Btu
2023,ESACD,Electricity price in the transportation sector,SD,South Dakota,0,Dollars per million Btu
2023,ESACP,Electricity consumed by (sales to ultimate customers in) the transportation sector,NV,Nevada,7,Million kilowatthours
2023,ESACP,Electricity consumed by (sales to ultimate customers in) the transportation sector,AK,Alaska,0,Million kilowatthours
2023,ESACP,Electricity consumed by (sales to ultimate customers in) the transportation sector,KS,Kansas,0,Million kilowatthours
2023,ESACD,Electricity price in the transportation sector,TN,Tennessee,0,Dollars per million Btu
2023,ESACB,Electricity consumed by (sales to ultimate customers in) the transportation sector,AL,Alabama,0,Billion Btu
2023,ESACB,Electricity consumed by (sales to ultimate customers in) the transportation sector,AR,Arkansas,1,Billion Btu
2023,ESACB,Electricity consumed by (sales to ultimate customers in) the transportation sector,AZ,Arizona,34,Billion Btu
2023,ESACB,Electricity consumed by (sales to ultimate customers in) the transportation sector,CA,California,2475,Billion Btu
2023,ESACB,Electricity consumed by (sales to ultimate customers in) the transportation sector,CO,Colorado,307,Billion Btu
2023,ESACD,Electricity price in the transportation sector,MA,Massachusetts,20.95,Dollars per million Btu
2023,ESACD,Electricity price in the transportation sector,MD,Maryland,32.9,Dollars per million Btu
2023,ESACD,Electricity price in the transportation sector,ME,Maine,0,Dollars per million Btu
2023,ESACB,Electricity consumed by (sales to ultimate customers in) the transportation sector,OH,Ohio,103,Billion Btu
2023,ESACB,Electricity consumed by (sales to ultimate customers in) the transportation sector,OK,Oklahoma,0,Billion Btu
2023,ESACB,Electricity consumed by (sales to ultimate customers in) the transportation sector,OR,Oregon,77,Billion Btu
2023,ESACB,Electricity consumed by (sales to ultimate customers in) the transportation sector,WY,Wyoming,0,Billion Btu
2023,ESACD,Electricity price in the transportation sector,AK,Alaska,0,Dollars per million Btu
2023,ESACD,Electricity price in the transportation sector,AL,Alabama,0,Dollars per million Btu
2023,ESACD,Electricity price in the transportation sector,AR,Arkansas,43.74,Dollars per million Btu
2023,ESACB,Electricity consumed by (sales to ultimate customers in) the transportation sector,MT,Montana,0,Billion Btu
2023,ESACB,Electricity consumed by (sales to ultimate customers in) the transportation sector,NC,North Carolina,43,Billion Btu
2023,ESACB,Electricity consumed by (sales to ultimate customers in) the transportation sector,ND,North Dakota,0,Billion Btu
2023,ESACB,Electricity consumed by (sales to ultimate customers in) the transportation sector,NE,Nebraska,0,Billion Btu
2023,ESACD,Electricity price in the transportation sector,MI,Michigan,40.07,Dollars per million Btu
2023,ESACD,Electricity price in the transportation sector,MN,Minnesota,36.2,Dollars per million Btu
2023,ESACP,Electricity consumed by (sales to ultimate customers in) the transportation sector,NY,New York,2713,Million kilowatthours
2023,BDTCP,Biodiesel total consumption,MD,Maryland,370,Thousand barrels
2023,BDTCP,Biodiesel total consumption,ME,Maine,158,Thousand barrels
2023,BDRIP,Biodiesel total refinery and blender net inputs,NM,New Mexico,120,Thousand barrels
2023,BDEIK,Factor for converting biodiesel consumed by the electric power sector from physical units to Btu,KS,Kansas,0,Million Btu per barrel
2023,BDTXB,Biodiesel total end-use consumption,NM,New Mexico,1737,Billion Btu
2023,ESACP,Electricity consumed by (sales to ultimate customers in) the transportation sector,OH,Ohio,30,Million kilowatthours
2023,ESACP,Electricity consumed by (sales to ultimate customers in) the transportation sector,OK,Oklahoma,0,Million kilowatthours
2023,BDRIP,Biodiesel total refinery and blender net inputs,NV,Nevada,4,Thousand barrels
2023,BDRIP,Biodiesel total refinery and blender net inputs,NY,New York,930,Thousand barrels
2023,BDRIP,Biodiesel total refinery and blender net inputs,OH,Ohio,467,Thousand barrels
2023,BDTCP,Biodiesel total consumption,GA,Georgia,1062,Thousand barrels
2023,BDRIP,Biodiesel total refinery and blender net inputs,NC,North Carolina,337,Thousand barrels
2023,BDRIP,Biodiesel total refinery and blender net inputs,ND,North Dakota,98,Thousand barrels
2023,WSGBP,Waste generating units net summer capacity in all sectors,WA,Washington,37,Thousand kilowatts
2023,WSGBP,Waste generating units net summer capacity in all sectors,WI,Wisconsin,79,Thousand kilowatts
2023,WSGBP,Waste generating units net summer capacity in all sectors,WV,West Virginia,3,Thousand kilowatts
2023,WSGBP,Waste generating units net summer capacity in all sectors,WY,Wyoming,0,Thousand kilowatts
2023,WSGBP,Waste generating units net summer capacity in all sectors,DE,Delaware,14,Thousand kilowatts
2023,WSGBP,Waste generating units net summer capacity in all sectors,FL,Florida,631,Thousand kilowatts
2023,WSGBP,Waste generating units net summer capacity in all sectors,GA,Georgia,56,Thousand kilowatts
2023,WSGBP,Waste generating units net summer capacity in all sectors,HI,Hawaii,146,Thousand kilowatts
2023,WSGBP,Waste generating units net summer capacity in all sectors,IA,Iowa,21,Thousand kilowatts
2023,WSGBP,Waste generating units net summer capacity in all sectors,ID,Idaho,18,Thousand kilowatts
2023,WSGBP,Waste generating units net summer capacity in all sectors,IL,Illinois,55,Thousand kilowatts
2023,WSGBP,Waste generating units net summer capacity in all sectors,IN,Indiana,50,Thousand kilowatts
2023,WSGBP,Waste generating units net summer capacity in all sectors,KS,Kansas,9,Thousand kilowatts
2023,WSGBP,Waste generating units net summer capacity in all sectors,KY,Kentucky,18,Thousand kilowatts
2023,WSGBP,Waste generating units net summer capacity in all sectors,LA,Louisiana,14,Thousand kilowatts
2023,WSGBP,Waste generating units net summer capacity in all sectors,MA,Massachusetts,258,Thousand kilowatts
2023,EVPVP,Electric vehicle charging locations with private ports only,NV,Nevada,25,Number
2023,EVPVP,Electric vehicle charging locations with private ports only,NY,New York,177,Number
2023,EVPVP,Electric vehicle charging locations with private ports only,OH,Ohio,48,Number
2023,EVPVP,Electric vehicle charging locations with private ports only,OK,Oklahoma,21,Number
2023,EVPVP,Electric vehicle charging locations with private ports only,OR,Oregon,68,Number
2023,EVPVP,Electric vehicle charging locations with private ports only,PA,Pennsylvania,47,Number
2023,EVPVP,Electric vehicle charging locations with private ports only,RI,Rhode Island,17,Number
2023,EVPVP,Electric vehicle charging locations with private ports only,SC,South Carolina,42,Number
2023,EVPVP,Electric vehicle charging locations with private ports only,SD,South Dakota,2,Number
2023,EVPVP,Electric vehicle charging locations with private ports only,TN,Tennessee,50,Number
2023,EVPVP,Electric vehicle charging locations with private ports only,TX,Texas,126,Number
2023,EVPVP,Electric vehicle charging locations with private ports only,US,United States,3106,Number
2023,EVPVP,Electric vehicle charging locations with private ports only,UT,Utah,26,Number
2023,EVPVP,Electric vehicle charging locations with private ports only,VA,Virginia,101,Number
2023,EVPVP,Electric vehicle charging locations with private ports only,VT,Vermont,16,Number
2023,EVPVP,Electric vehicle charging locations with private ports only,WA,Washington,105,Number
2023,EVPVP,Electric vehicle charging locations with private ports only,WI,Wisconsin,23,Number
2023,EVPVP,Electric vehicle charging locations with private ports only,WV,West Virginia,12,Number
2023,EVPVP,Electric vehicle charging locations with private ports only,WY,Wyoming,8,Number
2023,EVPUP,Electric vehicle charging locations with public ports only,UT,Utah,890,Number
2023,EVPUP,Electric vehicle charging locations with public ports only,VA,Virginia,1509,Number
2023,EVPUP,Electric vehicle charging locations with public ports only,VT,Vermont,378,Number
2023,EVPUP,Electric vehicle charging locations with public ports only,WA,Washington,2223,Number
2023,EVPUP,Electric vehicle charging locations with public ports only,WI,Wisconsin,571,Number
2023,EVPUP,Electric vehicle charging locations with public ports only,WV,West Virginia,136,Number
2023,EVPUP,Electric vehicle charging locations with public ports only,WY,Wyoming,97,Number
2023,EVPVP,Electric vehicle charging locations with private ports only,AK,Alaska,5,Number
2023,EVPVP,Electric vehicle charging locations with private ports only,AL,Alabama,60,Number
2023,EVPVP,Electric vehicle charging locations with private ports only,AR,Arkansas,14,Number
2023,EVPVP,Electric vehicle charging locations with private ports only,AZ,Arizona,50,Number
2023,FFGBP,Fossil fuel total generating units net summer capacity in all sectors,OR,Oregon,3769,Thousand kilowatts
2023,FFGBP,Fossil fuel total generating units net summer capacity in all sectors,PA,Pennsylvania,34292,Thousand kilowatts
2023,FFGBP,Fossil fuel total generating units net summer capacity in all sectors,RI,Rhode Island,1780,Thousand kilowatts
2023,BDTXP,Biodiesel total end-use consumption,IA,Iowa,1621,Thousand barrels
2023,BDRCP,Biodiesel consumed by the residential sector,KS,Kansas,0,Thousand barrels
2023,FFGBP,Fossil fuel total generating units net summer capacity in all sectors,SC,South Carolina,11526,Thousand kilowatts
2023,FFGBP,Fossil fuel total generating units net summer capacity in all sectors,SD,South Dakota,1949,Thousand kilowatts
2023,FFGBP,Fossil fuel total generating units net summer capacity in all sectors,TN,Tennessee,11419,Thousand kilowatts
2023,FFGBP,Fossil fuel total generating units net summer capacity in all sectors,TX,Texas,89611,Thousand kilowatts
2023,FFGBP,Fossil fuel total generating units net summer capacity in all sectors,US,United States,717285,Thousand kilowatts
2023,FFGBP,Fossil fuel total generating units net summer capacity in all sectors,UT,Utah,7302,Thousand kilowatts
2023,EV2CN,Level 2 charging ports for electric vehicles,TX,Texas,7720,Number
2023,EV2CN,Level 2 charging ports for electric vehicles,US,United States,161534,Number
2023,EV2CN,Level 2 charging ports for electric vehicles,UT,Utah,2080,Number
2023,EV2CN,Level 2 charging ports for electric vehicles,VA,Virginia,3774,Number
2023,EV2CN,Level 2 charging ports for electric vehicles,VT,Vermont,926,Number
2023,EV2CN,Level 2 charging ports for electric vehicles,WA,Washington,5420,Number
2023,EV2CN,Level 2 charging ports for electric vehicles,WI,Wisconsin,1083,Number
2023,EV2CN,Level 2 charging ports for electric vehicles,WV,West Virginia,317,Number
2023,EV2CN,Level 2 charging ports for electric vehicles,WY,Wyoming,145,Number
2023,EV2CR,Level 2 charging ports per location,AK,Alaska,1.98,Number
2023,EV2CR,Level 2 charging ports per location,AL,Alabama,2.5,Number
2023,EV2CR,Level 2 charging ports per location,AR,Arkansas,2.45,Number
2023,EV2CR,Level 2 charging ports per location,AZ,Arizona,2.61,Number
2023,EV2CR,Level 2 charging ports per location,CA,California,2.98,Number
2023,EV2CR,Level 2 charging ports per location,CO,Colorado,2.58,Number
2023,WSGBP,Waste generating units net summer capacity in all sectors,MD,Maryland,137,Thousand kilowatts
2023,WSGBP,Waste generating units net summer capacity in all sectors,ME,Maine,39,Thousand kilowatts
2023,WSGBP,Waste generating units net summer capacity in all sectors,MI,Michigan,168,Thousand kilowatts
2023,WSGBP,Waste generating units net summer capacity in all sectors,MN,Minnesota,111,Thousand kilowatts
2023,WSGBP,Waste generating units net summer capacity in all sectors,MO,Missouri,14,Thousand kilowatts
2023,WSGBP,Waste generating units net summer capacity in all sectors,MS,Mississippi,2,Thousand kilowatts
2023,WSGBP,Waste generating units net summer capacity in all sectors,MT,Montana,3,Thousand kilowatts
2023,WSGBP,Waste generating units net summer capacity in all sectors,NC,North Carolina,74,Thousand kilowatts
2023,WSGBP,Waste generating units net summer capacity in all sectors,ND,North Dakota,10,Thousand kilowatts
2023,WSGBP,Waste generating units net summer capacity in all sectors,NE,Nebraska,16,Thousand kilowatts
2023,WSGBP,Waste generating units net summer capacity in all sectors,NH,New Hampshire,31,Thousand kilowatts
2023,WSGBP,Waste generating units net summer capacity in all sectors,NJ,New Jersey,189,Thousand kilowatts
2023,WSGBP,Waste generating units net summer capacity in all sectors,NM,New Mexico,3,Thousand kilowatts
2023,WSGBP,Waste generating units net summer capacity in all sectors,NV,Nevada,10,Thousand kilowatts
2023,WSGBP,Waste generating units net summer capacity in all sectors,NY,New York,377,Thousand kilowatts
2023,WSGBP,Waste generating units net summer capacity in all sectors,OH,Ohio,37,Thousand kilowatts
2023,WSGBP,Waste generating units net summer capacity in all sectors,OK,Oklahoma,18,Thousand kilowatts
2023,WSGBP,Waste generating units net summer capacity in all sectors,OR,Oregon,53,Thousand kilowatts
2023,WSGBP,Waste generating units net summer capacity in all sectors,PA,Pennsylvania,343,Thousand kilowatts
2023,WSGBP,Waste generating units net summer capacity in all sectors,RI,Rhode Island,40,Thousand kilowatts
2023,WSGBP,Waste generating units net summer capacity in all sectors,SC,South Carolina,43,Thousand kilowatts
2023,WYCAS,Wind generating units capacity factor,WA,Washington,25.5,Percent
2023,WYCAS,Wind generating units capacity factor,WI,Wisconsin,24.6,Percent
2023,WYCAS,Wind generating units capacity factor,WV,West Virginia,27.9,Percent
2023,WYCAS,Wind generating units capacity factor,WY,Wyoming,32.9,Percent
2023,WYGBP,Wind generating units net summer capacity in all sectors,CT,Connecticut,5,Thousand kilowatts
2023,WYGBP,Wind generating units net summer capacity in all sectors,DC,District of Columbia,0,Thousand kilowatts
2023,WYGBP,Wind generating units net summer capacity in all sectors,DE,Delaware,2,Thousand kilowatts
2023,WYGBP,Wind generating units net summer capacity in all sectors,FL,Florida,0,Thousand kilowatts
2023,WYGBP,Wind generating units net summer capacity in all sectors,GA,Georgia,0,Thousand kilowatts
2023,WYGBP,Wind generating units net summer capacity in all sectors,HI,Hawaii,233,Thousand kilowatts
2023,WYGBP,Wind generating units net summer capacity in all sectors,IA,Iowa,12804,Thousand kilowatts
2023,WYGBP,Wind generating units net summer capacity in all sectors,ID,Idaho,968,Thousand kilowatts
2023,WYGBP,Wind generating units net summer capacity in all sectors,IL,Illinois,7874,Thousand kilowatts
2023,WYGBP,Wind generating units net summer capacity in all sectors,IN,Indiana,3439,Thousand kilowatts
2023,WYGBP,Wind generating units net summer capacity in all sectors,KS,Kansas,9043,Thousand kilowatts
2023,WYGBP,Wind generating units net summer capacity in all sectors,KY,Kentucky,0,Thousand kilowatts
2023,WYGBP,Wind generating units net summer capacity in all sectors,LA,Louisiana,0,Thousand kilowatts
2023,BDTXP,Biodiesel total end-use consumption,MT,Montana,4,Thousand barrels
2023,WYGBP,Wind generating units net summer capacity in all sectors,MA,Massachusetts,102,Thousand kilowatts
2023,WYGBP,Wind generating units net summer capacity in all sectors,MD,Maryland,190,Thousand kilowatts
2023,WYGBP,Wind generating units net summer capacity in all sectors,ME,Maine,1030,Thousand kilowatts
2023,WYGBP,Wind generating units net summer capacity in all sectors,MI,Michigan,3575,Thousand kilowatts
2023,WYGBP,Wind generating units net summer capacity in all sectors,RI,Rhode Island,77,Thousand kilowatts
2023,WYGBP,Wind generating units net summer capacity in all sectors,SC,South Carolina,0,Thousand kilowatts
2023,WYGBP,Wind generating units net summer capacity in all sectors,SD,South Dakota,3165,Thousand kilowatts
2023,WYGBP,Wind generating units net summer capacity in all sectors,TN,Tennessee,29,Thousand kilowatts
2023,WYGBP,Wind generating units net summer capacity in all sectors,TX,Texas,40327,Thousand kilowatts
2023,WYGBP,Wind generating units net summer capacity in all sectors,US,United States,147445,Thousand kilowatts
2023,WYGBP,Wind generating units net summer capacity in all sectors,UT,Utah,390,Thousand kilowatts
2023,WYGBP,Wind generating units net summer capacity in all sectors,VA,Virginia,12,Thousand kilowatts
2023,WYCAS,Wind generating units capacity factor,NM,New Mexico,38.6,Percent
2023,WYCAS,Wind generating units capacity factor,NV,Nevada,22.2,Percent
2023,WYCAS,Wind generating units capacity factor,NY,New York,21.5,Percent
2023,WYCAS,Wind generating units capacity factor,OH,Ohio,29.3,Percent
2023,WYCAS,Wind generating units capacity factor,OK,Oklahoma,34.5,Percent
2023,WYCAS,Wind generating units capacity factor,OR,Oregon,25.7,Percent
2023,WYCAS,Wind generating units capacity factor,PA,Pennsylvania,25,Percent
2023,WYCAS,Wind generating units capacity factor,RI,Rhode Island,24.9,Percent
2023,WYCAS,Wind generating units capacity factor,SC,South Carolina,0,Percent
2023,WYCAS,Wind generating units capacity factor,SD,South Dakota,37.9,Percent
2023,WYGBP,Wind generating units net summer capacity in all sectors,VT,Vermont,150,Thousand kilowatts
2023,WYGBP,Wind generating units net summer capacity in all sectors,WA,Washington,3375,Thousand kilowatts
2023,WYGBP,Wind generating units net summer capacity in all sectors,WI,Wisconsin,826,Thousand kilowatts
2023,WYGBP,Wind generating units net summer capacity in all sectors,WV,West Virginia,855,Thousand kilowatts
2023,WYGBP,Wind generating units net summer capacity in all sectors,WY,Wyoming,3106,Thousand kilowatts
2023,WYCAS,Wind generating units capacity factor,TN,Tennessee,6.4,Percent
2023,WYCAS,Wind generating units capacity factor,TX,Texas,33.8,Percent
2023,WYCAS,Wind generating units capacity factor,US,United States,33.2,Percent
2023,WYCAS,Wind generating units capacity factor,UT,Utah,20,Percent
2023,WYCAS,Wind generating units capacity factor,VA,Virginia,44.7,Percent
2023,WYCAS,Wind generating units capacity factor,VT,Vermont,25.8,Percent
2023,WYCAS,Wind generating units capacity factor,KS,Kansas,36.9,Percent
2023,WYCAS,Wind generating units capacity factor,KY,Kentucky,0,Percent
2023,WYCAS,Wind generating units capacity factor,LA,Louisiana,0,Percent
2023,WYCAS,Wind generating units capacity factor,MA,Massachusetts,20.4,Percent
2023,WYCAS,Wind generating units capacity factor,MD,Maryland,28.9,Percent
2023,WYCAS,Wind generating units capacity factor,ME,Maine,25.9,Percent
2023,WYCAS,Wind generating units capacity factor,MI,Michigan,27.1,Percent
2023,WYCAS,Wind generating units capacity factor,MN,Minnesota,33.4,Percent
2023,WYCAS,Wind generating units capacity factor,MO,Missouri,32.6,Percent
2023,WYCAS,Wind generating units capacity factor,MS,Mississippi,0,Percent
2023,WYCAS,Wind generating units capacity factor,MT,Montana,34.9,Percent
2023,WYCAS,Wind generating units capacity factor,NC,North Carolina,28.5,Percent
2023,WYCAS,Wind generating units capacity factor,ND,North Dakota,38.3,Percent
2023,WYCAS,Wind generating units capacity factor,NE,Nebraska,38.4,Percent
2023,WYCAS,Wind generating units capacity factor,NH,New Hampshire,22.2,Percent
2023,WYCAS,Wind generating units capacity factor,NJ,New Jersey,27.7,Percent
2023,WYGBP,Wind generating units net summer capacity in all sectors,MN,Minnesota,4929,Thousand kilowatts
2023,WYGBP,Wind generating units net summer capacity in all sectors,MO,Missouri,2375,Thousand kilowatts
2023,WYGBP,Wind generating units net summer capacity in all sectors,MS,Mississippi,0,Thousand kilowatts
2023,WYGBP,Wind generating units net summer capacity in all sectors,MT,Montana,1582,Thousand kilowatts
2023,WYGBP,Wind generating units net summer capacity in all sectors,NC,North Carolina,208,Thousand kilowatts
2023,WYGBP,Wind generating units net summer capacity in all sectors,ND,North Dakota,4320,Thousand kilowatts
2023,WYGBP,Wind generating units net summer capacity in all sectors,NE,Nebraska,3518,Thousand kilowatts
2023,WYGBP,Wind generating units net summer capacity in all sectors,NH,New Hampshire,212,Thousand kilowatts
2023,WYGBP,Wind generating units net summer capacity in all sectors,NJ,New Jersey,8,Thousand kilowatts
2023,WYGBP,Wind generating units net summer capacity in all sectors,NM,New Mexico,4409,Thousand kilowatts
2023,WYGBP,Wind generating units net summer capacity in all sectors,NV,Nevada,150,Thousand kilowatts
2023,WYGBP,Wind generating units net summer capacity in all sectors,NY,New York,2746,Thousand kilowatts
2023,WYGBP,Wind generating units net summer capacity in all sectors,OH,Ohio,1102,Thousand kilowatts
2023,WYGBP,Wind generating units net summer capacity in all sectors,OK,Oklahoma,12245,Thousand kilowatts
2023,WYGBP,Wind generating units net summer capacity in all sectors,OR,Oregon,3977,Thousand kilowatts
2023,WYGBP,Wind generating units net summer capacity in all sectors,PA,Pennsylvania,1553,Thousand kilowatts
2023,WYCAS,Wind generating units capacity factor,AK,Alaska,21.6,Percent
2023,WYCAS,Wind generating units capacity factor,AL,Alabama,0,Percent
2023,WYCAS,Wind generating units capacity factor,AR,Arkansas,0,Percent
2023,WYCAS,Wind generating units capacity factor,AZ,Arizona,26,Percent
2023,WYCAS,Wind generating units capacity factor,CA,California,25.8,Percent
2023,WYCAS,Wind generating units capacity factor,CO,Colorado,35.7,Percent
2023,WYCAS,Wind generating units capacity factor,CT,Connecticut,22.6,Percent
2023,BDTXP,Biodiesel total end-use consumption,RI,Rhode Island,290,Thousand barrels
2023,BDXUP,Biodiesel product supplied portion to the end-use sectors,SC,South Carolina,419,Thousand barrels
2023,BDXUP,Biodiesel product supplied portion to the end-use sectors,SD,South Dakota,122,Thousand barrels
2023,BDXUP,Biodiesel product supplied portion to the end-use sectors,TN,Tennessee,582,Thousand barrels
2023,BDXUP,Biodiesel product supplied portion to the end-use sectors,TX,Texas,3206,Thousand barrels
2023,BDXUP,Biodiesel product supplied portion to the end-use sectors,US,United States,28810,Thousand barrels
2023,BDXUP,Biodiesel product supplied portion to the end-use sectors,UT,Utah,58,Thousand barrels
2023,WYCAS,Wind generating units capacity factor,DC,District of Columbia,0,Percent
2023,WYCAS,Wind generating units capacity factor,DE,Delaware,23.8,Percent
2023,WYCAS,Wind generating units capacity factor,FL,Florida,0,Percent
2023,WYCAS,Wind generating units capacity factor,GA,Georgia,0,Percent
2023,WYCAS,Wind generating units capacity factor,HI,Hawaii,31,Percent
2023,WYCAS,Wind generating units capacity factor,IA,Iowa,37.6,Percent
2023,WYCAS,Wind generating units capacity factor,ID,Idaho,27.3,Percent
2023,WYCAS,Wind generating units capacity factor,IL,Illinois,33.3,Percent
2023,WYCAS,Wind generating units capacity factor,IN,Indiana,29.8,Percent
2023,WYGBP,Wind generating units net summer capacity in all sectors,AK,Alaska,59,Thousand kilowatts
2023,WYGBP,Wind generating units net summer capacity in all sectors,AL,Alabama,0,Thousand kilowatts
2023,WYGBP,Wind generating units net summer capacity in all sectors,AR,Arkansas,0,Thousand kilowatts
2023,WYGBP,Wind generating units net summer capacity in all sectors,AZ,Arizona,856,Thousand kilowatts
2023,WYGBP,Wind generating units net summer capacity in all sectors,CA,California,6284,Thousand kilowatts
2023,WYGBP,Wind generating units net summer capacity in all sectors,CO,Colorado,5337,Thousand kilowatts
2023,EV2CR,Level 2 charging ports per location,CT,Connecticut,3.63,Number
2023,EVCHN,Total charging ports for electric vehicles,OH,Ohio,4020,Number
2023,EVCHN,Total charging ports for electric vehicles,OK,Oklahoma,1453,Number
2023,EVCHN,Total charging ports for electric vehicles,OR,Oregon,3582,Number
2023,EVCHN,Total charging ports for electric vehicles,PA,Pennsylvania,4907,Number
2023,BDXUP,Biodiesel product supplied portion to the end-use sectors,VA,Virginia,546,Thousand barrels
2023,BDXUP,Biodiesel product supplied portion to the end-use sectors,VT,Vermont,30,Thousand barrels
2023,BDXUP,Biodiesel product supplied portion to the end-use sectors,WA,Washington,218,Thousand barrels
2023,BDXUP,Biodiesel product supplied portion to the end-use sectors,WI,Wisconsin,437,Thousand barrels
2023,BDXUP,Biodiesel product supplied portion to the end-use sectors,WV,West Virginia,232,Thousand barrels
2023,BDXUP,Biodiesel product supplied portion to the end-use sectors,WY,Wyoming,39,Thousand barrels
2023,BDTXP,Biodiesel total end-use consumption,NH,New Hampshire,95,Thousand barrels
2023,BDTXP,Biodiesel total end-use consumption,NC,North Carolina,908,Thousand barrels
2023,BDCBB,Biodiesel refinery and blender net inputs portion to the commercial sector,MO,Missouri,0,Billion Btu
2023,BDCBB,Biodiesel refinery and blender net inputs portion to the commercial sector,MS,Mississippi,0,Billion Btu
2023,BDCBB,Biodiesel refinery and blender net inputs portion to the commercial sector,MT,Montana,0,Billion Btu
2023,BDCBB,Biodiesel refinery and blender net inputs portion to the commercial sector,NC,North Carolina,0,Billion Btu
2023,BDEIK,Factor for converting biodiesel consumed by the electric power sector from physical units to Btu,AL,Alabama,0,Million Btu per barrel
2023,BDCBB,Biodiesel refinery and blender net inputs portion to the commercial sector,ND,North Dakota,0,Billion Btu
2023,BDCBB,Biodiesel refinery and blender net inputs portion to the commercial sector,NE,Nebraska,0,Billion Btu
2023,BDEIB,Biodiesel consumed by the electric power sector,HI,Hawaii,874,Billion Btu
2023,BDEIB,Biodiesel consumed by the electric power sector,FL,Florida,0,Billion Btu
2023,BDEIP,Biodiesel consumed by the electric power sector,DE,Delaware,0,Thousand barrels
2023,ESACB,Electricity consumed by (sales to ultimate customers in) the transportation sector,PA,Pennsylvania,1482,Billion Btu
2023,ESACP,Electricity consumed by (sales to ultimate customers in) the transportation sector,AL,Alabama,0,Million kilowatthours
2023,ESACP,Electricity consumed by (sales to ultimate customers in) the transportation sector,AR,Arkansas,0,Million kilowatthours
2023,ESACP,Electricity consumed by (sales to ultimate customers in) the transportation sector,AZ,Arizona,10,Million kilowatthours
2023,ESACD,Electricity price in the transportation sector,AZ,Arizona,29.35,Dollars per million Btu
2023,ESACP,Electricity consumed by (sales to ultimate customers in) the transportation sector,KY,Kentucky,0,Million kilowatthours
2023,ESACP,Electricity consumed by (sales to ultimate customers in) the transportation sector,LA,Louisiana,10,Million kilowatthours
2023,BDCCP,Biodiesel consumed by the commercial sector,CA,California,0,Thousand barrels
2023,ESACP,Electricity consumed by (sales to ultimate customers in) the transportation sector,MA,Massachusetts,279,Million kilowatthours
2023,ESACP,Electricity consumed by (sales to ultimate customers in) the transportation sector,MD,Maryland,408,Million kilowatthours
2023,ESACB,Electricity consumed by (sales to ultimate customers in) the transportation sector,NH,New Hampshire,0,Billion Btu
2023,ESACD,Electricity price in the transportation sector,TX,Texas,21.39,Dollars per million Btu
2023,ESACD,Electricity price in the transportation sector,US,United States,37.43,Dollars per million Btu
2023,ESACD,Electricity price in the transportation sector,UT,Utah,36,Dollars per million Btu
2023,ESACD,Electricity price in the transportation sector,VA,Virginia,30.53,Dollars per million Btu
2023,EVNNP,Electric vehicle charging locations with both networked and non-networked ports,TX,Texas,43,Number
2023,EVNNP,Electric vehicle charging locations with both networked and non-networked ports,US,United States,546,Number
2023,EVNNP,Electric vehicle charging locations with both networked and non-networked ports,UT,Utah,9,Number
2023,EVNNP,Electric vehicle charging locations with both networked and non-networked ports,VA,Virginia,9,Number
2023,EVNNP,Electric vehicle charging locations with both networked and non-networked ports,VT,Vermont,5,Number
2023,EVNNP,Electric vehicle charging locations with both networked and non-networked ports,WA,Washington,17,Number
2023,EVNNP,Electric vehicle charging locations with both networked and non-networked ports,WI,Wisconsin,5,Number
2023,EVNNP,Electric vehicle charging locations with both networked and non-networked ports,WV,West Virginia,2,Number
2023,EVNNP,Electric vehicle charging locations with both networked and non-networked ports,WY,Wyoming,0,Number
2023,EVNOP,Electric vehicle charging locations with non-networked ports only,AK,Alaska,40,Number
2023,ESTXV,Electricity total end-use expenditures,RI,Rhode Island,1578.5,Million dollars
2023,ESTXV,Electricity total end-use expenditures,SC,South Carolina,8523.2,Million dollars
2023,EVCHP,Total electric vehicle charging locations,NE,Nebraska,264,Number
2023,EVCHP,Total electric vehicle charging locations,NH,New Hampshire,256,Number
2023,EVCHP,Total electric vehicle charging locations,NJ,New Jersey,1366,Number
2023,EVCHP,Total electric vehicle charging locations,NM,New Mexico,284,Number
2023,EVCHP,Total electric vehicle charging locations,NV,Nevada,614,Number
2023,EVCHP,Total electric vehicle charging locations,NY,New York,4323,Number
2023,EVCHP,Total electric vehicle charging locations,OH,Ohio,1626,Number
2023,EVCHP,Total electric vehicle charging locations,OK,Oklahoma,364,Number
2023,EVCHP,Total electric vehicle charging locations,OR,Oregon,1289,Number
2023,EVCHP,Total electric vehicle charging locations,PA,Pennsylvania,1777,Number
2023,EVCHP,Total electric vehicle charging locations,RI,Rhode Island,329,Number
2023,EVCHP,Total electric vehicle charging locations,SC,South Carolina,560,Number
2023,EVCHP,Total electric vehicle charging locations,SD,South Dakota,97,Number
2023,EVCHP,Total electric vehicle charging locations,TN,Tennessee,900,Number
2023,EVCHP,Total electric vehicle charging locations,TX,Texas,3373,Number
2023,EVCHP,Total electric vehicle charging locations,US,United States,67218,Number
2023,EVPPP,Electric vehicle charging locations with both public and private ports,HI,Hawaii,9,Number
2023,EVPPP,Electric vehicle charging locations with both public and private ports,IA,Iowa,7,Number
2023,EVPPP,Electric vehicle charging locations with both public and private ports,ID,Idaho,4,Number
2023,EVPPP,Electric vehicle charging locations with both public and private ports,IL,Illinois,36,Number
2023,EVPPP,Electric vehicle charging locations with both public and private ports,IN,Indiana,20,Number
2023,EVPPP,Electric vehicle charging locations with both public and private ports,KS,Kansas,16,Number
2023,EVPPP,Electric vehicle charging locations with both public and private ports,KY,Kentucky,6,Number
2023,EVPPP,Electric vehicle charging locations with both public and private ports,LA,Louisiana,7,Number
2023,EVPPP,Electric vehicle charging locations with both public and private ports,MA,Massachusetts,29,Number
2023,EVPPP,Electric vehicle charging locations with both public and private ports,MD,Maryland,26,Number
2023,EVPPP,Electric vehicle charging locations with both public and private ports,ME,Maine,10,Number
2023,BDCCP,Biodiesel consumed by the commercial sector,VT,Vermont,0,Thousand barrels
2023,BDTXP,Biodiesel total end-use consumption,MN,Minnesota,2912,Thousand barrels
2023,FFGBP,Fossil fuel total generating units net summer capacity in all sectors,VA,Virginia,15994,Thousand kilowatts
2023,FFGBP,Fossil fuel total generating units net summer capacity in all sectors,VT,Vermont,126,Thousand kilowatts
2023,FFGBP,Fossil fuel total generating units net summer capacity in all sectors,WA,Washington,4063,Thousand kilowatts
2023,FFGBP,Fossil fuel total generating units net summer capacity in all sectors,WI,Wisconsin,13172,Thousand kilowatts
2023,FFGBP,Fossil fuel total generating units net summer capacity in all sectors,WV,West Virginia,13758,Thousand kilowatts
2023,FFGBP,Fossil fuel total generating units net summer capacity in all sectors,WY,Wyoming,6673,Thousand kilowatts
2023,EVNOP,Electric vehicle charging locations with non-networked ports only,AL,Alabama,99,Number
2023,EVNOP,Electric vehicle charging locations with non-networked ports only,AR,Arkansas,83,Number
2023,EVNOP,Electric vehicle charging locations with non-networked ports only,AZ,Arizona,176,Number
2023,EVNOP,Electric vehicle charging locations with non-networked ports only,CA,California,1234,Number
2023,EVNOP,Electric vehicle charging locations with non-networked ports only,CO,Colorado,235,Number
2023,EVNOP,Electric vehicle charging locations with non-networked ports only,CT,Connecticut,246,Number
2023,EVNOP,Electric vehicle charging locations with non-networked ports only,DC,District of Columbia,38,Number
2023,EVNOP,Electric vehicle charging locations with non-networked ports only,DE,Delaware,41,Number
2023,EVNOP,Electric vehicle charging locations with non-networked ports only,FL,Florida,342,Number
2023,EVNOP,Electric vehicle charging locations with non-networked ports only,GA,Georgia,168,Number
2023,EVCHP,Total electric vehicle charging locations,UT,Utah,925,Number
2023,EVCHP,Total electric vehicle charging locations,VA,Virginia,1650,Number
2023,ESACP,Electricity consumed by (sales to ultimate customers in) the transportation sector,OR,Oregon,23,Million kilowatthours
2023,ESACP,Electricity consumed by (sales to ultimate customers in) the transportation sector,CA,California,725,Million kilowatthours
2023,ESACD,Electricity price in the transportation sector,VT,Vermont,0,Dollars per million Btu
2023,ESICD,Electricity price in the industrial sector,PA,Pennsylvania,22.71,Dollars per million Btu
2023,ESICD,Electricity price in the industrial sector,RI,Rhode Island,55.64,Dollars per million Btu
2023,ESICD,Electricity price in the industrial sector,SC,South Carolina,19.57,Dollars per million Btu
2023,ESICD,Electricity price in the industrial sector,SD,South Dakota,23.48,Dollars per million Btu
2023,ESICD,Electricity price in the industrial sector,ID,Idaho,21.01,Dollars per million Btu
2023,ESICD,Electricity price in the industrial sector,IL,Illinois,24.04,Dollars per million Btu
2023,ESICP,Electricity consumed by (sales to ultimate customers in) the industrial sector,NC,North Carolina,26144,Million kilowatthours
2023,ESICP,Electricity consumed by (sales to ultimate customers in) the industrial sector,ND,North Dakota,12280,Million kilowatthours
2023,ESICP,Electricity consumed by (sales to ultimate customers in) the industrial sector,NE,Nebraska,11640,Million kilowatthours
2023,ESICB,Electricity consumed by (sales to ultimate customers in) the industrial sector,NM,New Mexico,39790,Billion Btu
2023,ESICD,Electricity price in the industrial sector,VT,Vermont,33.03,Dollars per million Btu
2023,ESICD,Electricity price in the industrial sector,WA,Washington,18.6,Dollars per million Btu
2023,ESICD,Electricity price in the industrial sector,WI,Wisconsin,25.43,Dollars per million Btu
2023,ESICD,Electricity price in the industrial sector,WV,West Virginia,21.21,Dollars per million Btu
2023,ESICB,Electricity consumed by (sales to ultimate customers in) the industrial sector,WA,Washington,68774,Billion Btu
2023,ESICP,Electricity consumed by (sales to ultimate customers in) the industrial sector,IA,Iowa,27217,Million kilowatthours
2023,ESICP,Electricity consumed by (sales to ultimate customers in) the industrial sector,ID,Idaho,9039,Million kilowatthours
2023,ESICP,Electricity consumed by (sales to ultimate customers in) the industrial sector,IL,Illinois,41267,Million kilowatthours
2023,ESICD,Electricity price in the industrial sector,TN,Tennessee,18.25,Dollars per million Btu
2023,ESICP,Electricity consumed by (sales to ultimate customers in) the industrial sector,WV,West Virginia,14663,Million kilowatthours
2023,ESICP,Electricity consumed by (sales to ultimate customers in) the industrial sector,WY,Wyoming,8796,Million kilowatthours
2023,ESICV,Electricity expenditures in the industrial sector,AK,Alaska,242.5,Million dollars
2023,ESICV,Electricity expenditures in the industrial sector,AL,Alabama,2197.1,Million dollars
2023,ESICP,Electricity consumed by (sales to ultimate customers in) the industrial sector,NH,New Hampshire,1926,Million kilowatthours
2023,ESICV,Electricity expenditures in the industrial sector,US,United States,77912.9,Million dollars
2023,ESICV,Electricity expenditures in the industrial sector,UT,Utah,564,Million dollars
2023,ESICV,Electricity expenditures in the industrial sector,VA,Virginia,1353,Million dollars
2023,ESICD,Electricity price in the industrial sector,WY,Wyoming,20.68,Dollars per million Btu
2023,ESICV,Electricity expenditures in the industrial sector,DC,District of Columbia,19.2,Million dollars
2023,ESICV,Electricity expenditures in the industrial sector,DE,Delaware,131.4,Million dollars
2023,ESICV,Electricity expenditures in the industrial sector,FL,Florida,1672.8,Million dollars
2023,ESICV,Electricity expenditures in the industrial sector,GA,Georgia,2205.7,Million dollars
2023,ESICP,Electricity consumed by (sales to ultimate customers in) the industrial sector,IN,Indiana,41229,Million kilowatthours
2023,ESICV,Electricity expenditures in the industrial sector,MS,Mississippi,1020.2,Million dollars
2023,ESICV,Electricity expenditures in the industrial sector,MT,Montana,288.2,Million dollars
2023,ESICV,Electricity expenditures in the industrial sector,NC,North Carolina,1868.3,Million dollars
2023,ESICV,Electricity expenditures in the industrial sector,ND,North Dakota,888.6,Million dollars
2023,BDCCP,Biodiesel consumed by the commercial sector,WA,Washington,0,Thousand barrels
2023,BDCCP,Biodiesel consumed by the commercial sector,WI,Wisconsin,0,Thousand barrels
2023,BDXUP,Biodiesel product supplied portion to the end-use sectors,MS,Mississippi,374,Thousand barrels
2023,ESICV,Electricity expenditures in the industrial sector,NE,Nebraska,888.3,Million dollars
2023,ESISB,Electricity sales to the industrial sector excluding refinery use,TN,Tennessee,75173,Billion Btu
2023,ESISB,Electricity sales to the industrial sector excluding refinery use,TX,Texas,500864,Billion Btu
2023,ESISB,Electricity sales to the industrial sector excluding refinery use,US,United States,3296503,Billion Btu
2023,ESICV,Electricity expenditures in the industrial sector,VT,Vermont,144.7,Million dollars
2023,ESRCB,Electricity consumed by (sales to ultimate customers in) the residential sector,DC,District of Columbia,8092,Billion Btu
2023,ESRCB,Electricity consumed by (sales to ultimate customers in) the residential sector,DE,Delaware,16827,Billion Btu
2023,ESRCB,Electricity consumed by (sales to ultimate customers in) the residential sector,FL,Florida,463367,Billion Btu
2023,ESICV,Electricity expenditures in the industrial sector,HI,Hawaii,1197,Million dollars
2023,ESISB,Electricity sales to the industrial sector excluding refinery use,MO,Missouri,43719,Billion Btu
2023,ESISB,Electricity sales to the industrial sector excluding refinery use,MS,Mississippi,50025,Billion Btu
2023,ESISB,Electricity sales to the industrial sector excluding refinery use,MT,Montana,12608,Billion Btu
2023,ELNIB,Net imports of electricity into the United States,SD,South Dakota,0,Billion Btu
2023,ELNIB,Net imports of electricity into the United States,TN,Tennessee,0,Billion Btu
2023,ELNIB,Net imports of electricity into the United States,TX,Texas,-2223,Billion Btu
2023,ESISB,Electricity sales to the industrial sector excluding refinery use,UT,Utah,27535,Billion Btu
2023,ESICB,Electricity consumed by (sales to ultimate customers in) the industrial sector,WI,Wisconsin,78923,Billion Btu
2023,ESICB,Electricity consumed by (sales to ultimate customers in) the industrial sector,WV,West Virginia,50030,Billion Btu
2023,ESICD,Electricity price in the industrial sector,IN,Indiana,24.16,Dollars per million Btu
2023,ESICD,Electricity price in the industrial sector,KS,Kansas,22.38,Dollars per million Btu
2023,ESICD,Electricity price in the industrial sector,KY,Kentucky,19.21,Dollars per million Btu
2023,ESISB,Electricity sales to the industrial sector excluding refinery use,NC,North Carolina,89203,Billion Btu
2023,ESICB,Electricity consumed by (sales to ultimate customers in) the industrial sector,NV,Nevada,42195,Billion Btu
2023,ESICB,Electricity consumed by (sales to ultimate customers in) the industrial sector,NY,New York,51772,Billion Btu
2023,ESICB,Electricity consumed by (sales to ultimate customers in) the industrial sector,OH,Ohio,172463,Billion Btu
2023,ELNIB,Net imports of electricity into the United States,US,United States,64501,Billion Btu
2023,ESRCB,Electricity consumed by (sales to ultimate customers in) the residential sector,IL,Illinois,147807,Billion Btu
2023,ESRCB,Electricity consumed by (sales to ultimate customers in) the residential sector,IN,Indiana,108294,Billion Btu
2023,ESRCB,Electricity consumed by (sales to ultimate customers in) the residential sector,KS,Kansas,47138,Billion Btu
2023,ESICB,Electricity consumed by (sales to ultimate customers in) the industrial sector,WY,Wyoming,30013,Billion Btu
2023,ESICD,Electricity price in the industrial sector,AK,Alaska,54.81,Dollars per million Btu
2023,ESICP,Electricity consumed by (sales to ultimate customers in) the industrial sector,KS,Kansas,11509,Million kilowatthours
2023,ESICP,Electricity consumed by (sales to ultimate customers in) the industrial sector,KY,Kentucky,27367,Million kilowatthours
2023,ESICD,Electricity price in the industrial sector,LA,Louisiana,17.23,Dollars per million Btu
2023,ESICP,Electricity consumed by (sales to ultimate customers in) the industrial sector,NJ,New Jersey,6224,Million kilowatthours
2023,ESICP,Electricity consumed by (sales to ultimate customers in) the industrial sector,NM,New Mexico,11662,Million kilowatthours
2023,ESICP,Electricity consumed by (sales to ultimate customers in) the industrial sector,NV,Nevada,12367,Million kilowatthours
2023,ESICB,Electricity consumed by (sales to ultimate customers in) the industrial sector,OK,Oklahoma,75214,Billion Btu
2023,ESICP,Electricity consumed by (sales to ultimate customers in) the industrial sector,AK,Alaska,1371,Million kilowatthours
2023,ESICP,Electricity consumed by (sales to ultimate customers in) the industrial sector,AL,Alabama,31257,Million kilowatthours
2023,ESICP,Electricity consumed by (sales to ultimate customers in) the industrial sector,AR,Arkansas,18581,Million kilowatthours
2023,ESRCB,Electricity consumed by (sales to ultimate customers in) the residential sector,KY,Kentucky,83774,Billion Btu
2023,ESICD,Electricity price in the industrial sector,MO,Missouri,23.14,Dollars per million Btu
2023,ESICD,Electricity price in the industrial sector,MS,Mississippi,20.39,Dollars per million Btu
2023,ESICD,Electricity price in the industrial sector,MT,Montana,22.86,Dollars per million Btu
2023,ESICP,Electricity consumed by (sales to ultimate customers in) the industrial sector,LA,Louisiana,39874,Million kilowatthours
2023,ESICV,Electricity expenditures in the industrial sector,NH,New Hampshire,303.5,Million dollars
2023,ESICV,Electricity expenditures in the industrial sector,NJ,New Jersey,633.5,Million dollars
2023,ESICV,Electricity expenditures in the industrial sector,NM,New Mexico,655,Million dollars
2023,ESICV,Electricity expenditures in the industrial sector,NV,Nevada,1280.8,Million dollars
2023,ESICD,Electricity price in the industrial sector,MN,Minnesota,26.98,Dollars per million Btu
2023,ESICP,Electricity consumed by (sales to ultimate customers in) the industrial sector,OH,Ohio,50546,Million kilowatthours
2023,ESICP,Electricity consumed by (sales to ultimate customers in) the industrial sector,OK,Oklahoma,22044,Million kilowatthours
2023,ESICP,Electricity consumed by (sales to ultimate customers in) the industrial sector,OR,Oregon,14434,Million kilowatthours
2023,ESICP,Electricity consumed by (sales to ultimate customers in) the industrial sector,AZ,Arizona,14297,Million kilowatthours
2023,ESICV,Electricity expenditures in the industrial sector,IA,Iowa,1880.4,Million dollars
2023,ESICV,Electricity expenditures in the industrial sector,ID,Idaho,648.1,Million dollars
2023,ESICV,Electricity expenditures in the industrial sector,IL,Illinois,3105.7,Million dollars
2023,BDCCP,Biodiesel consumed by the commercial sector,WV,West Virginia,0,Thousand barrels
2023,EVCHN,Total charging ports for electric vehicles,RI,Rhode Island,901,Number
2023,EVCHN,Total charging ports for electric vehicles,SC,South Carolina,1617,Number
2023,EVCHN,Total charging ports for electric vehicles,SD,South Dakota,252,Number
2023,EVCHN,Total charging ports for electric vehicles,TN,Tennessee,2428,Number
2023,EVCHN,Total charging ports for electric vehicles,TX,Texas,10200,Number
2023,EVCHN,Total charging ports for electric vehicles,US,United States,205362,Number
2023,EVCHN,Total charging ports for electric vehicles,UT,Utah,2466,Number
2023,ESRCP,Electricity consumed by (sales to ultimate customers in) the residential sector,NM,New Mexico,7336,Million kilowatthours
2023,ESRCP,Electricity consumed by (sales to ultimate customers in) the residential sector,NV,Nevada,13509,Million kilowatthours
2023,ESRCV,Electricity expenditures in the residential sector,MA,Massachusetts,5733.9,Million dollars
2023,ESRCV,Electricity expenditures in the residential sector,MD,Maryland,4333.2,Million dollars
2023,ESRPP,Electricity consumed by (sales to ultimate customers in) the residential sector per capita,FL,Florida,5929,Kilowatthours
2023,ESRPP,Electricity consumed by (sales to ultimate customers in) the residential sector per capita,GA,Georgia,5279,Kilowatthours
2023,ESRPP,Electricity consumed by (sales to ultimate customers in) the residential sector per capita,HI,Hawaii,1868,Kilowatthours
2023,ESRCV,Electricity expenditures in the residential sector,GA,Georgia,7996.7,Million dollars
2023,ESRCV,Electricity expenditures in the residential sector,HI,Hawaii,1141.7,Million dollars
2023,ESRFB,Electricity consumed by refineries,WI,Wisconsin,307,Billion Btu
2023,ESRFB,Electricity consumed by refineries,WV,West Virginia,143,Billion Btu
2023,ESRFB,Electricity consumed by refineries,WY,Wyoming,1798,Billion Btu
2023,ESRCP,Electricity consumed by (sales to ultimate customers in) the residential sector,LA,Louisiana,31747,Million kilowatthours
2023,ESRCP,Electricity consumed by (sales to ultimate customers in) the residential sector,MA,Massachusetts,19366,Million kilowatthours
2023,ESRCV,Electricity expenditures in the residential sector,OH,Ohio,7646.8,Million dollars
2023,ESRCV,Electricity expenditures in the residential sector,OK,Oklahoma,2877.1,Million dollars
2023,ESRCV,Electricity expenditures in the residential sector,OR,Oregon,2603.1,Million dollars
2023,ESRCP,Electricity consumed by (sales to ultimate customers in) the residential sector,NY,New York,50113,Million kilowatthours
2023,ESRFB,Electricity consumed by refineries,AL,Alabama,1140,Billion Btu
2023,ESRFB,Electricity consumed by refineries,AR,Arkansas,771,Billion Btu
2023,ESRFB,Electricity consumed by refineries,AZ,Arizona,0,Billion Btu
2023,ESRPP,Electricity consumed by (sales to ultimate customers in) the residential sector per capita,IA,Iowa,4531,Kilowatthours
2023,ESRCB,Electricity consumed by (sales to ultimate customers in) the residential sector,OR,Oregon,69757,Billion Btu
2023,ESRCB,Electricity consumed by (sales to ultimate customers in) the residential sector,PA,Pennsylvania,178542,Billion Btu
2023,ESRCB,Electricity consumed by (sales to ultimate customers in) the residential sector,RI,Rhode Island,10219,Billion Btu
2023,ESRPP,Electricity consumed by (sales to ultimate customers in) the residential sector per capita,AK,Alaska,2784,Kilowatthours
2023,ESRCB,Electricity consumed by (sales to ultimate customers in) the residential sector,NH,New Hampshire,15883,Billion Btu
2023,ESRCB,Electricity consumed by (sales to ultimate customers in) the residential sector,NJ,New Jersey,96952,Billion Btu
2023,ESRCV,Electricity expenditures in the residential sector,PA,Pennsylvania,9472.2,Million dollars
2023,ESRPP,Electricity consumed by (sales to ultimate customers in) the residential sector per capita,MS,Mississippi,6301,Kilowatthours
2023,ESRPP,Electricity consumed by (sales to ultimate customers in) the residential sector per capita,MT,Montana,5088,Kilowatthours
2023,ESRPP,Electricity consumed by (sales to ultimate customers in) the residential sector per capita,NC,North Carolina,5398,Kilowatthours
2023,ESRFB,Electricity consumed by refineries,CA,California,6708,Billion Btu
2023,ESRFB,Electricity consumed by refineries,CO,Colorado,1061,Billion Btu
2023,ESRFB,Electricity consumed by refineries,MS,Mississippi,3361,Billion Btu
2023,ESRFB,Electricity consumed by refineries,MT,Montana,3381,Billion Btu
2023,ESRFB,Electricity consumed by refineries,NC,North Carolina,0,Billion Btu
2023,ESTXV,Electricity total end-use expenditures,WA,Washington,8471,Million dollars
2023,ESTXV,Electricity total end-use expenditures,WI,Wisconsin,8711.4,Million dollars
2023,EVDCN,DC fast charging ports for electric vehicles,NC,North Carolina,1011,Number
2023,EVDCN,DC fast charging ports for electric vehicles,ND,North Dakota,88,Number
2023,EVDCN,DC fast charging ports for electric vehicles,NE,Nebraska,155,Number
2023,EVDCN,DC fast charging ports for electric vehicles,NH,New Hampshire,182,Number
2023,EVDCN,DC fast charging ports for electric vehicles,NJ,New Jersey,1034,Number
2023,EVDCN,DC fast charging ports for electric vehicles,NM,New Mexico,255,Number
2023,EVDCN,DC fast charging ports for electric vehicles,NV,Nevada,651,Number
2023,EV2CN,Level 2 charging ports for electric vehicles,AL,Alabama,813,Number
2023,EV2CN,Level 2 charging ports for electric vehicles,AR,Arkansas,778,Number
2023,EV2CN,Level 2 charging ports for electric vehicles,AZ,Arizona,2868,Number
2023,EV2CN,Level 2 charging ports for electric vehicles,CA,California,45974,Number
2023,EV2CN,Level 2 charging ports for electric vehicles,CO,Colorado,4920,Number
2023,EV2CN,Level 2 charging ports for electric vehicles,CT,Connecticut,3438,Number
2023,EV2CN,Level 2 charging ports for electric vehicles,DC,District of Columbia,1232,Number
2023,ESACV,Electricity expenditures in the transportation sector,NM,New Mexico,0,Million dollars
2023,ESCCB,Electricity consumed by (sales to ultimate customers in) the commercial sector,TX,Texas,565682,Billion Btu
2023,ESCCB,Electricity consumed by (sales to ultimate customers in) the commercial sector,US,United States,4804467,Billion Btu
2023,ESACV,Electricity expenditures in the transportation sector,WY,Wyoming,0,Million dollars
2023,ESCCD,Electricity price in the commercial sector,DC,District of Columbia,49.65,Dollars per million Btu
2023,ESCCD,Electricity price in the commercial sector,DE,Delaware,34.67,Dollars per million Btu
2023,ESCCD,Electricity price in the commercial sector,FL,Florida,35.02,Dollars per million Btu
2023,ESCCD,Electricity price in the commercial sector,GA,Georgia,31.35,Dollars per million Btu
2023,ESCCV,Electricity expenditures in the commercial sector,KY,Kentucky,2196.1,Million dollars
2023,ESCCV,Electricity expenditures in the commercial sector,LA,Louisiana,2481.4,Million dollars
2023,ESCCB,Electricity consumed by (sales to ultimate customers in) the commercial sector,IA,Iowa,42994,Billion Btu
2023,ESCCB,Electricity consumed by (sales to ultimate customers in) the commercial sector,ID,Idaho,23345,Billion Btu
2023,ESCCB,Electricity consumed by (sales to ultimate customers in) the commercial sector,IL,Illinois,155506,Billion Btu
2023,ESCCD,Electricity price in the commercial sector,TX,Texas,25.86,Dollars per million Btu
2023,ESCCD,Electricity price in the commercial sector,US,United States,36.91,Dollars per million Btu
2023,ESCCV,Electricity expenditures in the commercial sector,AK,Alaska,543.1,Million dollars
2023,ESCCV,Electricity expenditures in the commercial sector,AL,Alabama,2924,Million dollars
2023,ESCCV,Electricity expenditures in the commercial sector,AR,Arkansas,1208.9,Million dollars
2023,ESCCV,Electricity expenditures in the commercial sector,AZ,Arizona,3844.8,Million dollars
2023,ESCCB,Electricity consumed by (sales to ultimate customers in) the commercial sector,UT,Utah,45509,Billion Btu
2023,ESCCP,Electricity consumed by (sales to ultimate customers in) the commercial sector,IL,Illinois,45576,Million kilowatthours
2023,ESCCP,Electricity consumed by (sales to ultimate customers in) the commercial sector,IN,Indiana,23016,Million kilowatthours
2023,ESCCD,Electricity price in the commercial sector,HI,Hawaii,114.38,Dollars per million Btu
2023,ESCCP,Electricity consumed by (sales to ultimate customers in) the commercial sector,NE,Nebraska,11261,Million kilowatthours
2023,ESCCP,Electricity consumed by (sales to ultimate customers in) the commercial sector,NH,New Hampshire,4051,Million kilowatthours
2023,ESCCP,Electricity consumed by (sales to ultimate customers in) the commercial sector,NJ,New Jersey,36083,Million kilowatthours
2023,ESCCD,Electricity price in the commercial sector,NE,Nebraska,25.67,Dollars per million Btu
2023,ESCCD,Electricity price in the commercial sector,NH,New Hampshire,59.8,Dollars per million Btu
2023,ESCCP,Electricity consumed by (sales to ultimate customers in) the commercial sector,UT,Utah,13338,Million kilowatthours
2023,ESCCP,Electricity consumed by (sales to ultimate customers in) the commercial sector,VA,Virginia,73807,Million kilowatthours
2023,ESCCV,Electricity expenditures in the commercial sector,CA,California,27006.8,Million dollars
2023,ESACV,Electricity expenditures in the transportation sector,CA,California,94.4,Million dollars
2023,ESACV,Electricity expenditures in the transportation sector,CO,Colorado,11.9,Million dollars
2023,ESACV,Electricity expenditures in the transportation sector,CT,Connecticut,38.5,Million dollars
2023,ESCCP,Electricity consumed by (sales to ultimate customers in) the commercial sector,KS,Kansas,15727,Million kilowatthours
2023,ESCCV,Electricity expenditures in the commercial sector,OR,Oregon,2290.6,Million dollars
2023,ESCCV,Electricity expenditures in the commercial sector,PA,Pennsylvania,4033,Million dollars
2023,ESCCV,Electricity expenditures in the commercial sector,RI,Rhode Island,645.4,Million dollars
2023,ESCCP,Electricity consumed by (sales to ultimate customers in) the commercial sector,NM,New Mexico,9349,Million kilowatthours
2023,ESCCV,Electricity expenditures in the commercial sector,WV,West Virginia,791.5,Million dollars
2023,ESCCV,Electricity expenditures in the commercial sector,WY,Wyoming,450.9,Million dollars
2023,ESICB,Electricity consumed by (sales to ultimate customers in) the industrial sector,AK,Alaska,4678,Billion Btu
2023,ESCCV,Electricity expenditures in the commercial sector,MI,Michigan,4894.8,Million dollars
2023,ESCCB,Electricity consumed by (sales to ultimate customers in) the commercial sector,KS,Kansas,53661,Billion Btu
2023,ESCCB,Electricity consumed by (sales to ultimate customers in) the commercial sector,KY,Kentucky,65863,Billion Btu
2023,ESACV,Electricity expenditures in the transportation sector,DC,District of Columbia,29.9,Million dollars
2023,ESCCB,Electricity consumed by (sales to ultimate customers in) the commercial sector,MN,Minnesota,77158,Billion Btu
2023,ESCCB,Electricity consumed by (sales to ultimate customers in) the commercial sector,MO,Missouri,99543,Billion Btu
2023,ESCCB,Electricity consumed by (sales to ultimate customers in) the commercial sector,MS,Mississippi,48556,Billion Btu
2023,ESCCV,Electricity expenditures in the commercial sector,SC,South Carolina,2618,Million dollars
2023,ESACV,Electricity expenditures in the transportation sector,NV,Nevada,.9,Million dollars
2023,ESACV,Electricity expenditures in the transportation sector,NY,New York,425.8,Million dollars
2023,ESACV,Electricity expenditures in the transportation sector,OH,Ohio,1.8,Million dollars
2023,ESICB,Electricity consumed by (sales to ultimate customers in) the industrial sector,AL,Alabama,106650,Billion Btu
2023,ESCCB,Electricity consumed by (sales to ultimate customers in) the commercial sector,AK,Alaska,8881,Billion Btu
2023,ESCCB,Electricity consumed by (sales to ultimate customers in) the commercial sector,AL,Alabama,75792,Billion Btu
2023,ESCCB,Electricity consumed by (sales to ultimate customers in) the commercial sector,AR,Arkansas,39900,Billion Btu
2023,ESCCB,Electricity consumed by (sales to ultimate customers in) the commercial sector,IN,Indiana,78532,Billion Btu
2023,ESCCD,Electricity price in the commercial sector,MT,Montana,35.48,Dollars per million Btu
2023,ESCCD,Electricity price in the commercial sector,NC,North Carolina,28.35,Dollars per million Btu
2023,ESCCD,Electricity price in the commercial sector,ND,North Dakota,21.62,Dollars per million Btu
2023,ESCCB,Electricity consumed by (sales to ultimate customers in) the commercial sector,MT,Montana,17275,Billion Btu
2023,ESCCD,Electricity price in the commercial sector,UT,Utah,24.93,Dollars per million Btu
2023,ESCCD,Electricity price in the commercial sector,VA,Virginia,26.23,Dollars per million Btu
2023,ESCCD,Electricity price in the commercial sector,VT,Vermont,52.75,Dollars per million Btu
2023,ESACV,Electricity expenditures in the transportation sector,OK,Oklahoma,0,Million dollars
2023,ESACV,Electricity expenditures in the transportation sector,OR,Oregon,2.6,Million dollars
2023,ESCCB,Electricity consumed by (sales to ultimate customers in) the commercial sector,VA,Virginia,251830,Billion Btu
2023,ESCCB,Electricity consumed by (sales to ultimate customers in) the commercial sector,VT,Vermont,6495,Billion Btu
2023,ESCCB,Electricity consumed by (sales to ultimate customers in) the commercial sector,WA,Washington,103621,Billion Btu
2023,ESCCB,Electricity consumed by (sales to ultimate customers in) the commercial sector,AZ,Arizona,111298,Billion Btu
2023,ESCCD,Electricity price in the commercial sector,IA,Iowa,30.27,Dollars per million Btu
2023,ESCCD,Electricity price in the commercial sector,ID,Idaho,25.73,Dollars per million Btu
2023,ESCCD,Electricity price in the commercial sector,IL,Illinois,32.95,Dollars per million Btu
2023,ESCCP,Electricity consumed by (sales to ultimate customers in) the commercial sector,CA,California,112936,Million kilowatthours
2023,ESCCP,Electricity consumed by (sales to ultimate customers in) the commercial sector,CO,Colorado,20698,Million kilowatthours
2023,ESCCV,Electricity expenditures in the commercial sector,NM,New Mexico,998.7,Million dollars
2023,ESCCV,Electricity expenditures in the commercial sector,NV,Nevada,1472.7,Million dollars
2023,ESCCV,Electricity expenditures in the commercial sector,NY,New York,12866.3,Million dollars
2023,TEEIE,Total energy CO2 emissions for the electric power sector,AK,Alaska,2.9,Million metric tons CO2
2023,CLICE,Coal CO2 emissions for the industrial sector,WA,Washington,.1,Million metric tons CO2
2023,BDTXP,Biodiesel total end-use consumption,VA,Virginia,868,Thousand barrels
2023,BDTXP,Biodiesel total end-use consumption,OK,Oklahoma,829,Thousand barrels
2023,CLRCE,Coal CO2 emissions for the residential sector (through 2008),DC,District of Columbia,0,Million metric tons CO2
2023,PMEIE,"Total petroleum, excluding biofuels, CO2 emissions for the electric power sector",ME,Maine,.1,Million metric tons CO2
2023,FFICE,Fossil fuel CO2 emissions for the industrial sector,VT,Vermont,.4,Million metric tons CO2
2023,BDTXP,Biodiesel total end-use consumption,OR,Oregon,1896,Thousand barrels
2023,BDTXP,Biodiesel total end-use consumption,TX,Texas,5095,Thousand barrels
2023,CLTCE,Coal CO2 emissions for all sectors,NV,Nevada,2.8,Million metric tons CO2  
2023,TECCE,Total energy CO2 emissions for the commercial sector,WY,Wyoming,1,Million metric tons CO2
2023,BDTXP,Biodiesel total end-use consumption,OH,Ohio,1259,Thousand barrels
2023,CLTCE,Coal CO2 emissions for all sectors,MD,Maryland,2.9,Million metric tons CO2  
2023,TERCE,Total energy CO2 emissions for the residential sector,WY,Wyoming,1,Million metric tons CO2
2023,FFRCE,Fossil fuel CO2 emissions for the residential sector,US,United States,313.3,Million metric tons CO2
2023,FFTCE,Fossil fuel CO2 emissions for all sectors,FL,Florida,229.5,Million metric tons CO2
2023,TECCE,Total energy CO2 emissions for the commercial sector,NE,Nebraska,2.2,Million metric tons CO2
2023,BDTXP,Biodiesel total end-use consumption,US,United States,45787,Thousand barrels
2023,BDTXP,Biodiesel total end-use consumption,ID,Idaho,68,Thousand barrels
2023,ESTXV,Electricity total end-use expenditures,UT,Utah,2973.8,Million dollars
2023,ESTXV,Electricity total end-use expenditures,VA,Virginia,14127.9,Million dollars
2023,ESTXV,Electricity total end-use expenditures,VT,Vermont,940.4,Million dollars
2023,ESTCV,Electricity total expenditures,WI,Wisconsin,8711.4,Million dollars
2023,ESTCV,Electricity total expenditures,WV,West Virginia,3287.6,Million dollars
2023,ESTXB,Electricity total end-use consumption (electricity sales to ultimate customers),CO,Colorado,189591,Billion Btu
2023,ESTXB,Electricity total end-use consumption (electricity sales to ultimate customers),CT,Connecticut,91050,Billion Btu
2023,ESTXV,Electricity total end-use expenditures,MS,Mississippi,5233.1,Million dollars
2023,ESTXV,Electricity total end-use expenditures,MT,Montana,1622.9,Million dollars
2023,ESTPP,Electricity total consumption (electricity sales to ultimate customers) per capita,LA,Louisiana,20787,Kilowatthours
2023,ESTPP,Electricity total consumption (electricity sales to ultimate customers) per capita,MA,Massachusetts,7077,Kilowatthours
2023,ESTXP,Electricity total end-use consumption (electricity sales to ultimate customers),NJ,New Jersey,71097,Million kilowatthours
2023,ESTXP,Electricity total end-use consumption (electricity sales to ultimate customers),NM,New Mexico,28347,Million kilowatthours
2023,ESTPP,Electricity total consumption (electricity sales to ultimate customers) per capita,NY,New York,7064,Kilowatthours
2023,ESTPP,Electricity total consumption (electricity sales to ultimate customers) per capita,OH,Ohio,12402,Kilowatthours
2023,ESTPP,Electricity total consumption (electricity sales to ultimate customers) per capita,CO,Colorado,9416,Kilowatthours
2023,ESTXB,Electricity total end-use consumption (electricity sales to ultimate customers),IA,Iowa,185614,Billion Btu
2023,ESTXB,Electricity total end-use consumption (electricity sales to ultimate customers),ID,Idaho,87600,Billion Btu
2023,ESTXB,Electricity total end-use consumption (electricity sales to ultimate customers),IL,Illinois,445533,Billion Btu
2023,ESTXB,Electricity total end-use consumption (electricity sales to ultimate customers),DC,District of Columbia,33710,Billion Btu
2023,ESTXB,Electricity total end-use consumption (electricity sales to ultimate customers),DE,Delaware,37811,Billion Btu
2023,ESTXD,"Electricity average price, all end-use sectors",MI,Michigan,40.17,Dollars per million Btu
2023,ESTXD,"Electricity average price, all end-use sectors",MN,Minnesota,35.99,Dollars per million Btu
2023,ESTPP,Electricity total consumption (electricity sales to ultimate customers) per capita,MD,Maryland,9174,Kilowatthours
2023,ESTPP,Electricity total consumption (electricity sales to ultimate customers) per capita,ME,Maine,8099,Kilowatthours
2023,ESTXB,Electricity total end-use consumption (electricity sales to ultimate customers),ND,North Dakota,96226,Billion Btu
2023,ESTXB,Electricity total end-use consumption (electricity sales to ultimate customers),NE,Nebraska,114545,Billion Btu
2023,ESTPP,Electricity total consumption (electricity sales to ultimate customers) per capita,OK,Oklahoma,16974,Kilowatthours
2023,ESTPP,Electricity total consumption (electricity sales to ultimate customers) per capita,OR,Oregon,13632,Kilowatthours
2023,ESTXB,Electricity total end-use consumption (electricity sales to ultimate customers),TX,Texas,1681503,Billion Btu
2023,ESTXB,Electricity total end-use consumption (electricity sales to ultimate customers),US,United States,13218952,Billion Btu
2023,ESTXD,"Electricity average price, all end-use sectors",CT,Connecticut,71.04,Dollars per million Btu
2023,ESTXD,"Electricity average price, all end-use sectors",DC,District of Columbia,48.36,Dollars per million Btu
2023,ESTXP,Electricity total end-use consumption (electricity sales to ultimate customers),ME,Maine,11336,Million kilowatthours
2023,ESTXP,Electricity total end-use consumption (electricity sales to ultimate customers),MI,Michigan,97589,Million kilowatthours
2023,ESTXB,Electricity total end-use consumption (electricity sales to ultimate customers),IN,Indiana,327536,Billion Btu
2023,ESTXD,"Electricity average price, all end-use sectors",NJ,New Jersey,44.87,Dollars per million Btu
2023,ESTXD,"Electricity average price, all end-use sectors",NM,New Mexico,27.87,Dollars per million Btu
2023,ESTXD,"Electricity average price, all end-use sectors",NV,Nevada,38.36,Dollars per million Btu
2023,ESTXB,Electricity total end-use consumption (electricity sales to ultimate customers),NH,New Hampshire,36274,Billion Btu
2023,ESTXB,Electricity total end-use consumption (electricity sales to ultimate customers),NJ,New Jersey,242583,Billion Btu
2023,ESTXD,"Electricity average price, all end-use sectors",WV,West Virginia,30.08,Dollars per million Btu
2023,ESTXD,"Electricity average price, all end-use sectors",WY,Wyoming,24.73,Dollars per million Btu
2023,ESTXB,Electricity total end-use consumption (electricity sales to ultimate customers),UT,Utah,113768,Billion Btu
2023,ESTXB,Electricity total end-use consumption (electricity sales to ultimate customers),VA,Virginia,451471,Billion Btu
2023,ESTXP,Electricity total end-use consumption (electricity sales to ultimate customers),IL,Illinois,130578,Million kilowatthours
2023,ESTXP,Electricity total end-use consumption (electricity sales to ultimate customers),IN,Indiana,95995,Million kilowatthours
2023,ESTXP,Electricity total end-use consumption (electricity sales to ultimate customers),MN,Minnesota,66216,Million kilowatthours
2023,ESTXP,Electricity total end-use consumption (electricity sales to ultimate customers),MO,Missouri,76976,Million kilowatthours
2023,ESTCV,Electricity total expenditures,NM,New Mexico,2669.5,Million dollars
2023,ESTCV,Electricity total expenditures,NV,Nevada,5006,Million dollars
2023,ESTCV,Electricity total expenditures,NY,New York,25482,Million dollars
2023,ESTXD,"Electricity average price, all end-use sectors",NY,New York,53.57,Dollars per million Btu
2023,ESTXD,"Electricity average price, all end-use sectors",OH,Ohio,32.5,Dollars per million Btu
2023,ESTXV,Electricity total end-use expenditures,LA,Louisiana,7959.7,Million dollars
2023,ESTXV,Electricity total end-use expenditures,MA,Massachusetts,11606.5,Million dollars
2023,ESTXV,Electricity total end-use expenditures,MD,Maryland,8179.1,Million dollars
2023,ESTXP,Electricity total end-use consumption (electricity sales to ultimate customers),AK,Alaska,6025,Million kilowatthours
2023,BDTXP,Biodiesel total end-use consumption,NM,New Mexico,324,Thousand barrels
2023,ELIMP,Electricity imported into the United States,NJ,New Jersey,0,Million kilowatthours
2023,ELEXV,Electricity exports expenditures,RI,Rhode Island,0,Million dollars
2023,ELEXV,Electricity exports expenditures,SC,South Carolina,0,Million dollars
2023,ELEXV,Electricity exports expenditures,SD,South Dakota,0,Million dollars
2023,ELEXV,Electricity exports expenditures,TN,Tennessee,0,Million dollars
2023,ELEXV,Electricity exports expenditures,TX,Texas,51.6,Million dollars
2023,ELGBP,Total (all fuels) electric generating units net summer capacity in all sectors,MI,Michigan,31120,Thousand kilowatts
2023,ELGBP,Total (all fuels) electric generating units net summer capacity in all sectors,MN,Minnesota,17842,Thousand kilowatts
2023,ELGBP,Total (all fuels) electric generating units net summer capacity in all sectors,MO,Missouri,21172,Thousand kilowatts
2023,ELGBP,Total (all fuels) electric generating units net summer capacity in all sectors,MS,Mississippi,14833,Thousand kilowatts
2023,ELGBP,Total (all fuels) electric generating units net summer capacity in all sectors,MT,Montana,6698,Thousand kilowatts
2023,ELGBP,Total (all fuels) electric generating units net summer capacity in all sectors,NC,North Carolina,35864,Thousand kilowatts
2023,ELGBP,Total (all fuels) electric generating units net summer capacity in all sectors,ND,North Dakota,9402,Thousand kilowatts
2023,ELGBP,Total (all fuels) electric generating units net summer capacity in all sectors,NE,Nebraska,10781,Thousand kilowatts
2023,ELGBP,Total (all fuels) electric generating units net summer capacity in all sectors,NH,New Hampshire,4467,Thousand kilowatts
2023,ELGBP,Total (all fuels) electric generating units net summer capacity in all sectors,NJ,New Jersey,16838,Thousand kilowatts
2023,ELGBP,Total (all fuels) electric generating units net summer capacity in all sectors,NM,New Mexico,10724,Thousand kilowatts
2023,ELGBP,Total (all fuels) electric generating units net summer capacity in all sectors,NV,Nevada,14536,Thousand kilowatts
2023,ELGBP,Total (all fuels) electric generating units net summer capacity in all sectors,NY,New York,40230,Thousand kilowatts
2023,ELGBP,Total (all fuels) electric generating units net summer capacity in all sectors,OH,Ohio,29104,Thousand kilowatts
2023,ELIMV,Electricity imports expenditures,CT,Connecticut,0,Million dollars
2023,ELEXV,Electricity exports expenditures,MA,Massachusetts,0,Million dollars
2023,ELEXV,Electricity exports expenditures,MD,Maryland,0,Million dollars
2023,ELEXV,Electricity exports expenditures,ME,Maine,11.4,Million dollars
2023,ELEXV,Electricity exports expenditures,MI,Michigan,247.8,Million dollars
2023,ELEXV,Electricity exports expenditures,MN,Minnesota,47,Million dollars
2023,PMRCE,"Total petroleum, excluding biofuels, CO2 emissions for the residential sector",MN,Minnesota,2,Million metric tons CO2
2023,TERCE,Total energy CO2 emissions for the residential sector,AZ,Arizona,2.8,Million metric tons CO2
2023,CDTPR,Per capita energy-related CO2 emissions,WY,Wyoming,92.9,Metric tons CO2
2023,ESTXP,Electricity total end-use consumption (electricity sales to ultimate customers),AL,Alabama,84880,Million kilowatthours
2023,ESTXV,Electricity total end-use expenditures,NM,New Mexico,2669.5,Million dollars
2023,ESTXV,Electricity total end-use expenditures,NV,Nevada,5006,Million dollars
2023,ESTXP,Electricity total end-use consumption (electricity sales to ultimate customers),KS,Kansas,41052,Million kilowatthours
2023,ESTXP,Electricity total end-use consumption (electricity sales to ultimate customers),NV,Nevada,38249,Million kilowatthours
2023,ESTXP,Electricity total end-use consumption (electricity sales to ultimate customers),NY,New York,139422,Million kilowatthours
2023,ESTCV,Electricity total expenditures,OH,Ohio,16063.2,Million dollars
2023,ESTCV,Electricity total expenditures,OK,Oklahoma,6316,Million dollars
2023,ESTPP,Electricity total consumption (electricity sales to ultimate customers) per capita,UT,Utah,9684,Kilowatthours
2023,ESTPP,Electricity total consumption (electricity sales to ultimate customers) per capita,VA,Virginia,15149,Kilowatthours
2023,ESTXV,Electricity total end-use expenditures,ME,Maine,2362.3,Million dollars
2023,ESTXV,Electricity total end-use expenditures,MI,Michigan,13315.2,Million dollars
2023,ESTPP,Electricity total consumption (electricity sales to ultimate customers) per capita,CT,Connecticut,7325,Kilowatthours
2023,ESTPP,Electricity total consumption (electricity sales to ultimate customers) per capita,DC,District of Columbia,14374,Kilowatthours
2023,ESTPP,Electricity total consumption (electricity sales to ultimate customers) per capita,DE,Delaware,10692,Kilowatthours
2023,ESTXV,Electricity total end-use expenditures,NY,New York,25482,Million dollars
2023,ESTXV,Electricity total end-use expenditures,OH,Ohio,16063.2,Million dollars
2023,ESTPP,Electricity total consumption (electricity sales to ultimate customers) per capita,MI,Michigan,9678,Kilowatthours
2023,ESTPP,Electricity total consumption (electricity sales to ultimate customers) per capita,MN,Minnesota,11510,Kilowatthours
2023,ESTXP,Electricity total end-use consumption (electricity sales to ultimate customers),MD,Maryland,57033,Million kilowatthours
2023,ESTXP,Electricity total end-use consumption (electricity sales to ultimate customers),OR,Oregon,57985,Million kilowatthours
2023,ESTXP,Electricity total end-use consumption (electricity sales to ultimate customers),PA,Pennsylvania,138711,Million kilowatthours
2023,ESTPP,Electricity total consumption (electricity sales to ultimate customers) per capita,VT,Vermont,8269,Kilowatthours
2023,ESTPP,Electricity total consumption (electricity sales to ultimate customers) per capita,WA,Washington,11397,Kilowatthours
2023,ESTXD,"Electricity average price, all end-use sectors",DE,Delaware,38.09,Dollars per million Btu
2023,ESTXD,"Electricity average price, all end-use sectors",FL,Florida,39.66,Dollars per million Btu
2023,ESTPP,Electricity total consumption (electricity sales to ultimate customers) per capita,FL,Florida,10956,Kilowatthours
2023,ESTXB,Electricity total end-use consumption (electricity sales to ultimate customers),KS,Kansas,140069,Billion Btu
2023,ESTXB,Electricity total end-use consumption (electricity sales to ultimate customers),KY,Kentucky,243013,Billion Btu
2023,ESTPP,Electricity total consumption (electricity sales to ultimate customers) per capita,MO,Missouri,12399,Kilowatthours
2023,ESTPP,Electricity total consumption (electricity sales to ultimate customers) per capita,MS,Mississippi,16452,Kilowatthours
2023,ESTXB,Electricity total end-use consumption (electricity sales to ultimate customers),NM,New Mexico,96722,Billion Btu
2023,ESTXB,Electricity total end-use consumption (electricity sales to ultimate customers),NV,Nevada,130507,Billion Btu
2023,ESTXP,Electricity total end-use consumption (electricity sales to ultimate customers),OH,Ohio,146641,Million kilowatthours
2023,ESTXP,Electricity total end-use consumption (electricity sales to ultimate customers),OK,Oklahoma,68979,Million kilowatthours
2023,ESTPP,Electricity total consumption (electricity sales to ultimate customers) per capita,PA,Pennsylvania,10656,Kilowatthours
2023,ESTPP,Electricity total consumption (electricity sales to ultimate customers) per capita,RI,Rhode Island,6616,Kilowatthours
2023,ESTXD,"Electricity average price, all end-use sectors",GA,Georgia,32.42,Dollars per million Btu
2023,ESTXD,"Electricity average price, all end-use sectors",HI,Hawaii,113.17,Dollars per million Btu
2023,ESTXP,Electricity total end-use consumption (electricity sales to ultimate customers),SC,South Carolina,81202,Million kilowatthours
2023,ESTXP,Electricity total end-use consumption (electricity sales to ultimate customers),SD,South Dakota,13506,Million kilowatthours
2023,ESTXP,Electricity total end-use consumption (electricity sales to ultimate customers),TN,Tennessee,99046,Million kilowatthours
2023,ESTXB,Electricity total end-use consumption (electricity sales to ultimate customers),LA,Louisiana,325418,Billion Btu
2023,ESTXB,Electricity total end-use consumption (electricity sales to ultimate customers),MA,Massachusetts,170641,Billion Btu
2023,ESTXD,"Electricity average price, all end-use sectors",OK,Oklahoma,27.47,Dollars per million Btu
2023,ESTXD,"Electricity average price, all end-use sectors",OR,Oregon,30.23,Dollars per million Btu
2023,ESTXB,Electricity total end-use consumption (electricity sales to ultimate customers),NY,New York,475708,Billion Btu
2023,ESTXP,Electricity total end-use consumption (electricity sales to ultimate customers),AR,Arkansas,48649,Million kilowatthours
2023,ESTXP,Electricity total end-use consumption (electricity sales to ultimate customers),AZ,Arizona,85919,Million kilowatthours
2023,ESTXB,Electricity total end-use consumption (electricity sales to ultimate customers),WI,Wisconsin,233940,Billion Btu
2023,ESTXB,Electricity total end-use consumption (electricity sales to ultimate customers),WV,West Virginia,109425,Billion Btu
2023,ESTXP,Electricity total end-use consumption (electricity sales to ultimate customers),KY,Kentucky,71223,Million kilowatthours
2023,ESTXP,Electricity total end-use consumption (electricity sales to ultimate customers),LA,Louisiana,95374,Million kilowatthours
2023,ESTXP,Electricity total end-use consumption (electricity sales to ultimate customers),MA,Massachusetts,50012,Million kilowatthours
2023,ELIMP,Electricity imported into the United States,NM,New Mexico,0,Million kilowatthours
2023,ELEXP,Electricity exported from the United States,TX,Texas,719,Million kilowatthours
2023,ELEXP,Electricity exported from the United States,US,United States,20013,Million kilowatthours
2023,ELEXP,Electricity exported from the United States,UT,Utah,0,Million kilowatthours
2023,ELEXP,Electricity exported from the United States,VA,Virginia,0,Million kilowatthours
2023,ELIMB,Electricity imported into the United States,SD,South Dakota,0,Billion Btu
2023,ELIMB,Electricity imported into the United States,TN,Tennessee,0,Billion Btu
2023,ELIMB,Electricity imported into the United States,TX,Texas,230,Billion Btu
2023,ELIMB,Electricity imported into the United States,US,United States,132786,Billion Btu
2023,ELIMB,Electricity imported into the United States,MS,Mississippi,0,Billion Btu
2023,ELIMB,Electricity imported into the United States,MT,Montana,514,Billion Btu
2023,ELIMB,Electricity imported into the United States,NC,North Carolina,0,Billion Btu
2023,ELIMB,Electricity imported into the United States,ND,North Dakota,3315,Billion Btu
2023,ELIMB,Electricity imported into the United States,AK,Alaska,0,Billion Btu
2023,ELIMB,Electricity imported into the United States,AL,Alabama,0,Billion Btu
2023,ELIMB,Electricity imported into the United States,AR,Arkansas,0,Billion Btu
2023,ELIMB,Electricity imported into the United States,AZ,Arizona,0,Billion Btu
2023,ELIMB,Electricity imported into the United States,UT,Utah,0,Billion Btu
2023,BMCAS,Biomass generating units capacity factor,KY,Kentucky,65.5,Percent
2023,BMCAS,Biomass generating units capacity factor,LA,Louisiana,71.6,Percent
2023,BMCAS,Biomass generating units capacity factor,MA,Massachusetts,77.7,Percent
2023,BMCAS,Biomass generating units capacity factor,MD,Maryland,52.4,Percent
2023,BMCAS,Biomass generating units capacity factor,ME,Maine,43.3,Percent
2023,BMCAS,Biomass generating units capacity factor,MI,Michigan,52.6,Percent
2023,BMCAS,Biomass generating units capacity factor,MN,Minnesota,55.6,Percent
2023,BMCAS,Biomass generating units capacity factor,MO,Missouri,37.8,Percent
2023,BMCAS,Biomass generating units capacity factor,MS,Mississippi,62.6,Percent
2023,BMCAS,Biomass generating units capacity factor,MT,Montana,63.6,Percent
2023,BMCAS,Biomass generating units capacity factor,NC,North Carolina,53.2,Percent
2023,BMCAS,Biomass generating units capacity factor,ND,North Dakota,0,Percent
2023,BMCAS,Biomass generating units capacity factor,NE,Nebraska,63.2,Percent
2023,BMCAS,Biomass generating units capacity factor,NH,New Hampshire,43.1,Percent
2023,BMCAS,Biomass generating units capacity factor,NJ,New Jersey,73.9,Percent
2023,BMCAS,Biomass generating units capacity factor,NM,New Mexico,35.7,Percent
2023,BMCAS,Biomass generating units capacity factor,NV,Nevada,62.5,Percent
2023,BMCAS,Biomass generating units capacity factor,NY,New York,64.8,Percent
2023,BMCAS,Biomass generating units capacity factor,OH,Ohio,52,Percent
2023,BMCAS,Biomass generating units capacity factor,OK,Oklahoma,61.7,Percent
2023,BMCAS,Biomass generating units capacity factor,OR,Oregon,41.1,Percent
2023,BMCAS,Biomass generating units capacity factor,PA,Pennsylvania,62.7,Percent
2023,BMCAS,Biomass generating units capacity factor,RI,Rhode Island,70.3,Percent
2023,BMCAS,Biomass generating units capacity factor,SC,South Carolina,45.6,Percent
2023,BMCAS,Biomass generating units capacity factor,SD,South Dakota,49.4,Percent
2023,BMCAS,Biomass generating units capacity factor,TN,Tennessee,36.7,Percent
2023,BMCAS,Biomass generating units capacity factor,TX,Texas,46.1,Percent
2023,BMCAS,Biomass generating units capacity factor,US,United States,55.8,Percent
2023,BMCAS,Biomass generating units capacity factor,UT,Utah,65.8,Percent
2023,BMCAS,Biomass generating units capacity factor,VA,Virginia,60,Percent
2023,BMCAS,Biomass generating units capacity factor,VT,Vermont,56.5,Percent
2023,BMCAS,Biomass generating units capacity factor,WA,Washington,52.1,Percent
2023,BMCAS,Biomass generating units capacity factor,WI,Wisconsin,37.8,Percent
2023,BMCAS,Biomass generating units capacity factor,WV,West Virginia,32.4,Percent
2023,BMCAS,Biomass generating units capacity factor,WY,Wyoming,0,Percent
2023,BMCAS,Biomass generating units capacity factor,AK,Alaska,63.5,Percent
2023,BMCAS,Biomass generating units capacity factor,AL,Alabama,67.7,Percent
2023,BMCAS,Biomass generating units capacity factor,AR,Arkansas,47.4,Percent
2023,BMCAS,Biomass generating units capacity factor,AZ,Arizona,79,Percent
2023,BMCAS,Biomass generating units capacity factor,CA,California,53.5,Percent
2023,BMCAS,Biomass generating units capacity factor,CO,Colorado,53.1,Percent
2023,BMCAS,Biomass generating units capacity factor,CT,Connecticut,83.6,Percent
2023,BMCAS,Biomass generating units capacity factor,DC,District of Columbia,55.4,Percent
2023,BMCAS,Biomass generating units capacity factor,DE,Delaware,53.3,Percent
2023,BMCAS,Biomass generating units capacity factor,FL,Florida,55,Percent
2023,BMCAS,Biomass generating units capacity factor,GA,Georgia,58.7,Percent
2023,BMCAS,Biomass generating units capacity factor,HI,Hawaii,29.3,Percent
2023,BMCAS,Biomass generating units capacity factor,IA,Iowa,59.3,Percent
2023,BMCAS,Biomass generating units capacity factor,ID,Idaho,67.4,Percent
2023,BMCAS,Biomass generating units capacity factor,IL,Illinois,50.3,Percent
2023,BMCAS,Biomass generating units capacity factor,IN,Indiana,45.2,Percent
2023,BMCAS,Biomass generating units capacity factor,KS,Kansas,83.2,Percent
2023,CLCAS,Coal generating units capacity factor,AK,Alaska,50.3,Percent
2023,CLCAS,Coal generating units capacity factor,AL,Alabama,47.9,Percent
2023,CLCAS,Coal generating units capacity factor,AR,Arkansas,40.7,Percent
2023,CLCAS,Coal generating units capacity factor,AZ,Arizona,48.9,Percent
2023,CLCAS,Coal generating units capacity factor,FL,Florida,34.8,Percent
2023,CLCAS,Coal generating units capacity factor,GA,Georgia,33.1,Percent
2023,CLCAS,Coal generating units capacity factor,HI,Hawaii,0,Percent
2023,CLCAS,Coal generating units capacity factor,IA,Iowa,38.3,Percent
2023,CLCAS,Coal generating units capacity factor,ID,Idaho,0,Percent
2023,CLCAS,Coal generating units capacity factor,IL,Illinois,45.4,Percent
2023,FFICE,Fossil fuel CO2 emissions for the industrial sector,OK,Oklahoma,23.9,Million metric tons CO2
2023,ESTXP,Electricity total end-use consumption (electricity sales to ultimate customers),TX,Texas,492820,Million kilowatthours
2023,ESTCV,Electricity total expenditures,OR,Oregon,5981.5,Million dollars
2023,ESTCV,Electricity total expenditures,PA,Pennsylvania,17401.3,Million dollars
2023,ESTCV,Electricity total expenditures,RI,Rhode Island,1578.5,Million dollars
2023,ESTXD,"Electricity average price, all end-use sectors",PA,Pennsylvania,36.89,Dollars per million Btu
2023,ESTXD,"Electricity average price, all end-use sectors",RI,Rhode Island,63.37,Dollars per million Btu
2023,ESTXD,"Electricity average price, all end-use sectors",SC,South Carolina,30.76,Dollars per million Btu
2023,ESTXV,Electricity total end-use expenditures,NC,North Carolina,14124.7,Million dollars
2023,ESTXV,Electricity total end-use expenditures,ND,North Dakota,2247,Million dollars
2023,ESTXV,Electricity total end-use expenditures,NE,Nebraska,3069.6,Million dollars
2023,ESTXP,Electricity total end-use consumption (electricity sales to ultimate customers),CA,California,239480,Million kilowatthours
2023,ESTXP,Electricity total end-use consumption (electricity sales to ultimate customers),CO,Colorado,55566,Million kilowatthours
2023,ESTXV,Electricity total end-use expenditures,IL,Illinois,15062.7,Million dollars
2023,ESTXV,Electricity total end-use expenditures,IN,Indiana,10908.4,Million dollars
2023,ESTXP,Electricity total end-use consumption (electricity sales to ultimate customers),RI,Rhode Island,7301,Million kilowatthours
2023,ESTPP,Electricity total consumption (electricity sales to ultimate customers) per capita,SD,South Dakota,14708,Kilowatthours
2023,ESTPP,Electricity total consumption (electricity sales to ultimate customers) per capita,TN,Tennessee,13856,Kilowatthours
2023,ESTPP,Electricity total consumption (electricity sales to ultimate customers) per capita,TX,Texas,16038,Kilowatthours
2023,ESTCV,Electricity total expenditures,SC,South Carolina,8523.2,Million dollars
2023,ESTCV,Electricity total expenditures,SD,South Dakota,1416.3,Million dollars
2023,ESTPP,Electricity total consumption (electricity sales to ultimate customers) per capita,WI,Wisconsin,11561,Kilowatthours
2023,ESTPP,Electricity total consumption (electricity sales to ultimate customers) per capita,WV,West Virginia,18114,Kilowatthours
2023,ESTXV,Electricity total end-use expenditures,NH,New Hampshire,2440.5,Million dollars
2023,ESTXV,Electricity total end-use expenditures,NJ,New Jersey,10761.9,Million dollars
2023,ESTPP,Electricity total consumption (electricity sales to ultimate customers) per capita,GA,Georgia,12837,Kilowatthours
2023,ESTPP,Electricity total consumption (electricity sales to ultimate customers) per capita,HI,Hawaii,6194,Kilowatthours
2023,ESTPP,Electricity total consumption (electricity sales to ultimate customers) per capita,IA,Iowa,16903,Kilowatthours
2023,ESTXV,Electricity total end-use expenditures,KS,Kansas,4348.5,Million dollars
2023,ESTXV,Electricity total end-use expenditures,KY,Kentucky,7035.6,Million dollars
2023,ESTPP,Electricity total consumption (electricity sales to ultimate customers) per capita,MT,Montana,13705,Kilowatthours
2023,ESTPP,Electricity total consumption (electricity sales to ultimate customers) per capita,NC,North Carolina,12231,Kilowatthours
2023,ESTPP,Electricity total consumption (electricity sales to ultimate customers) per capita,SC,South Carolina,15071,Kilowatthours
2023,ESTXB,Electricity total end-use consumption (electricity sales to ultimate customers),VT,Vermont,18302,Billion Btu
2023,ESTXB,Electricity total end-use consumption (electricity sales to ultimate customers),WA,Washington,305554,Billion Btu
2023,ESTPP,Electricity total consumption (electricity sales to ultimate customers) per capita,WY,Wyoming,28698,Kilowatthours
2023,ESTXB,Electricity total end-use consumption (electricity sales to ultimate customers),AK,Alaska,20556,Billion Btu
2023,CLCAS,Coal generating units capacity factor,IN,Indiana,36.1,Percent
2023,CLCAS,Coal generating units capacity factor,KS,Kansas,41.6,Percent
2023,CLCAS,Coal generating units capacity factor,KY,Kentucky,54.6,Percent
2023,CLCAS,Coal generating units capacity factor,LA,Louisiana,24.9,Percent
2023,CLCAS,Coal generating units capacity factor,MA,Massachusetts,0,Percent
2023,CLCAS,Coal generating units capacity factor,MD,Maryland,13.3,Percent
2023,CLCAS,Coal generating units capacity factor,CA,California,49,Percent
2023,CLCAS,Coal generating units capacity factor,CO,Colorado,56.9,Percent
2023,CLCAS,Coal generating units capacity factor,CT,Connecticut,0,Percent
2023,CLCAS,Coal generating units capacity factor,DC,District of Columbia,0,Percent
2023,CLCAS,Coal generating units capacity factor,DE,Delaware,.4,Percent
2023,CLCAS,Coal generating units capacity factor,ME,Maine,0,Percent
2023,CLCAS,Coal generating units capacity factor,MI,Michigan,47.6,Percent
2023,CLCAS,Coal generating units capacity factor,MN,Minnesota,38.7,Percent
2023,CLCAS,Coal generating units capacity factor,MO,Missouri,47.7,Percent
2023,CLCAS,Coal generating units capacity factor,MS,Mississippi,32.4,Percent
2023,CLCAS,Coal generating units capacity factor,MT,Montana,81.2,Percent
2023,CLCAS,Coal generating units capacity factor,NC,North Carolina,23.1,Percent
2023,CLCAS,Coal generating units capacity factor,ND,North Dakota,67.2,Percent
2023,CLCAS,Coal generating units capacity factor,NE,Nebraska,53.8,Percent
2023,CLCAS,Coal generating units capacity factor,NH,New Hampshire,3.4,Percent
2023,CLCAS,Coal generating units capacity factor,NJ,New Jersey,0,Percent
2023,CLCAS,Coal generating units capacity factor,NM,New Mexico,55.1,Percent
2023,CLCAS,Coal generating units capacity factor,NV,Nevada,31.9,Percent
2023,CLCAS,Coal generating units capacity factor,NY,New York,0,Percent
2023,CLCAS,Coal generating units capacity factor,OH,Ohio,49.9,Percent
2023,CLCAS,Coal generating units capacity factor,OK,Oklahoma,18.6,Percent
2023,CLCAS,Coal generating units capacity factor,OR,Oregon,0,Percent
2023,CLCAS,Coal generating units capacity factor,PA,Pennsylvania,22.2,Percent
2023,CLCAS,Coal generating units capacity factor,RI,Rhode Island,0,Percent
2023,CLCAS,Coal generating units capacity factor,SC,South Carolina,35.7,Percent
2023,CLCAS,Coal generating units capacity factor,SD,South Dakota,37.7,Percent
2023,CLCAS,Coal generating units capacity factor,TN,Tennessee,33.1,Percent
2023,CLCAS,Coal generating units capacity factor,TX,Texas,49.3,Percent
2023,CLCAS,Coal generating units capacity factor,US,United States,42.4,Percent
2023,CLCAS,Coal generating units capacity factor,UT,Utah,39.1,Percent
2023,CLCAS,Coal generating units capacity factor,VA,Virginia,9.9,Percent
2023,CLCAS,Coal generating units capacity factor,VT,Vermont,0,Percent
2023,CLCAS,Coal generating units capacity factor,WA,Washington,70.6,Percent
2023,CLCAS,Coal generating units capacity factor,WI,Wisconsin,46.2,Percent
2023,CLCAS,Coal generating units capacity factor,WV,West Virginia,41,Percent
2023,CLCAS,Coal generating units capacity factor,WY,Wyoming,58.4,Percent
2023,BTVHN,Battery electric vehicle (BEV) light-duty stocks,NV,Nevada,45.4,Thousands of registered vehicles
2023,BTVHN,Battery electric vehicle (BEV) light-duty stocks,NY,New York,125.7,Thousands of registered vehicles
2023,BTVHN,Battery electric vehicle (BEV) light-duty stocks,OH,Ohio,48.2,Thousands of registered vehicles
2023,BTVHN,Battery electric vehicle (BEV) light-duty stocks,OK,Oklahoma,21.8,Thousands of registered vehicles
2023,BTVHN,Battery electric vehicle (BEV) light-duty stocks,OR,Oregon,61.6,Thousands of registered vehicles
2023,BTVHN,Battery electric vehicle (BEV) light-duty stocks,PA,Pennsylvania,67.2,Thousands of registered vehicles
2023,BTVHN,Battery electric vehicle (BEV) light-duty stocks,RI,Rhode Island,6.1,Thousands of registered vehicles
2023,BTVHN,Battery electric vehicle (BEV) light-duty stocks,SC,South Carolina,20,Thousands of registered vehicles
2023,BTVHN,Battery electric vehicle (BEV) light-duty stocks,SD,South Dakota,1.6,Thousands of registered vehicles
2023,BTVHN,Battery electric vehicle (BEV) light-duty stocks,TN,Tennessee,31.8,Thousands of registered vehicles
2023,BTVHN,Battery electric vehicle (BEV) light-duty stocks,TX,Texas,220.3,Thousands of registered vehicles
2023,BTVHN,Battery electric vehicle (BEV) light-duty stocks,US,United States,3403.7,Thousands of registered vehicles
2023,BTVHN,Battery electric vehicle (BEV) light-duty stocks,UT,Utah,38.3,Thousands of registered vehicles
2023,BTVHN,Battery electric vehicle (BEV) light-duty stocks,VA,Virginia,81.3,Thousands of registered vehicles
2023,BTVHN,Battery electric vehicle (BEV) light-duty stocks,VT,Vermont,7.5,Thousands of registered vehicles
2023,BTVHN,Battery electric vehicle (BEV) light-duty stocks,WA,Washington,145.6,Thousands of registered vehicles
2023,BTVHN,Battery electric vehicle (BEV) light-duty stocks,WI,Wisconsin,23.8,Thousands of registered vehicles
2023,BTVHN,Battery electric vehicle (BEV) light-duty stocks,WV,West Virginia,2.7,Thousands of registered vehicles
2023,BTVHN,Battery electric vehicle (BEV) light-duty stocks,WY,Wyoming,1.1,Thousands of registered vehicles
2023,BTVHP,Electricity consumed for battery electric vehicle (BEV) use,AK,Alaska,5,Million kilowatthours
2023,BTVHP,Electricity consumed for battery electric vehicle (BEV) use,AL,Alabama,19,Million kilowatthours
2023,BTVHP,Electricity consumed for battery electric vehicle (BEV) use,AR,Arkansas,8,Million kilowatthours
2023,BTVHP,Electricity consumed for battery electric vehicle (BEV) use,AZ,Arizona,157,Million kilowatthours
2023,BTVHP,Electricity consumed for battery electric vehicle (BEV) use,CA,California,1908,Million kilowatthours
2023,BTVHP,Electricity consumed for battery electric vehicle (BEV) use,CO,Colorado,154,Million kilowatthours
2023,BTVHP,Electricity consumed for battery electric vehicle (BEV) use,CT,Connecticut,50,Million kilowatthours
2023,BTVHP,Electricity consumed for battery electric vehicle (BEV) use,DC,District of Columbia,13,Million kilowatthours
2023,BTVHP,Electricity consumed for battery electric vehicle (BEV) use,DE,Delaware,12,Million kilowatthours
2023,BTVHP,Electricity consumed for battery electric vehicle (BEV) use,FL,Florida,363,Million kilowatthours
2023,TEACE,Total energy CO2 emissions for the transportation sector,IA,Iowa,19.5,Million metric tons CO2
2023,BTCAS,Battery storage generating units usage factor,NY,New York,3,Percent
2023,BTCAS,Battery storage generating units usage factor,OH,Ohio,3.1,Percent
2023,BTCAS,Battery storage generating units usage factor,OK,Oklahoma,0,Percent
2023,ESICD,Electricity price in the industrial sector,NY,New York,20.13,Dollars per million Btu
2023,ESICD,Electricity price in the industrial sector,OH,Ohio,20.61,Dollars per million Btu
2023,ESICD,Electricity price in the industrial sector,OK,Oklahoma,18.35,Dollars per million Btu
2023,ESICP,Electricity consumed by (sales to ultimate customers in) the industrial sector,MT,Montana,4686,Million kilowatthours
2023,ESICV,Electricity expenditures in the industrial sector,RI,Rhode Island,119.4,Million dollars
2023,ESICV,Electricity expenditures in the industrial sector,SC,South Carolina,1677.1,Million dollars
2023,ESICV,Electricity expenditures in the industrial sector,SD,South Dakota,258.6,Million dollars
2023,ESICV,Electricity expenditures in the industrial sector,TN,Tennessee,1372.1,Million dollars
2023,ESICD,Electricity price in the industrial sector,VA,Virginia,26.13,Dollars per million Btu
2023,ESICV,Electricity expenditures in the industrial sector,AZ,Arizona,1159.1,Million dollars
2023,ESICV,Electricity expenditures in the industrial sector,CA,California,7647.9,Million dollars
2023,ESICV,Electricity expenditures in the industrial sector,CO,Colorado,1229.7,Million dollars
2023,ESICP,Electricity consumed by (sales to ultimate customers in) the industrial sector,HI,Hawaii,3435,Million kilowatthours
2023,ESICV,Electricity expenditures in the industrial sector,ME,Maine,295.2,Million dollars
2023,ESICV,Electricity expenditures in the industrial sector,MI,Michigan,2289.4,Million dollars
2023,ESICV,Electricity expenditures in the industrial sector,MN,Minnesota,1764.5,Million dollars
2023,ESICD,Electricity price in the industrial sector,OR,Oregon,22.04,Dollars per million Btu
2023,ESICP,Electricity consumed by (sales to ultimate customers in) the industrial sector,VA,Virginia,15176,Million kilowatthours
2023,ESICP,Electricity consumed by (sales to ultimate customers in) the industrial sector,VT,Vermont,1284,Million kilowatthours
2023,ESICP,Electricity consumed by (sales to ultimate customers in) the industrial sector,WA,Washington,20156,Million kilowatthours
2023,ESICV,Electricity expenditures in the industrial sector,TX,Texas,9685.2,Million dollars
2023,BTVHP,Electricity consumed for battery electric vehicle (BEV) use,GA,Georgia,127,Million kilowatthours
2023,BTVHP,Electricity consumed for battery electric vehicle (BEV) use,HI,Hawaii,38,Million kilowatthours
2023,BTVHP,Electricity consumed for battery electric vehicle (BEV) use,IA,Iowa,15,Million kilowatthours
2023,BTVHP,Electricity consumed for battery electric vehicle (BEV) use,ID,Idaho,14,Million kilowatthours
2023,BTVHP,Electricity consumed for battery electric vehicle (BEV) use,IL,Illinois,160,Million kilowatthours
2023,BTVHP,Electricity consumed for battery electric vehicle (BEV) use,IN,Indiana,41,Million kilowatthours
2023,BTVHP,Electricity consumed for battery electric vehicle (BEV) use,KS,Kansas,18,Million kilowatthours
2023,BTVHP,Electricity consumed for battery electric vehicle (BEV) use,KY,Kentucky,18,Million kilowatthours
2023,BTCAS,Battery storage generating units usage factor,AK,Alaska,.4,Percent
2023,BTCAS,Battery storage generating units usage factor,AL,Alabama,5.8,Percent
2023,BTCAS,Battery storage generating units usage factor,AR,Arkansas,.5,Percent
2023,BTCAS,Battery storage generating units usage factor,AZ,Arizona,5.5,Percent
2023,BTCAS,Battery storage generating units usage factor,CA,California,9.2,Percent
2023,BTCAS,Battery storage generating units usage factor,CO,Colorado,9.8,Percent
2023,BTCAS,Battery storage generating units usage factor,CT,Connecticut,1,Percent
2023,BTGBP,Battery storage units net summer capacity in all sectors,MA,Massachusetts,268,Thousand kilowatts
2023,BTGBP,Battery storage units net summer capacity in all sectors,MD,Maryland,8,Thousand kilowatts
2023,BTGBP,Battery storage units net summer capacity in all sectors,ME,Maine,62,Thousand kilowatts
2023,BTGBP,Battery storage units net summer capacity in all sectors,MI,Michigan,1,Thousand kilowatts
2023,BTGBP,Battery storage units net summer capacity in all sectors,MN,Minnesota,16,Thousand kilowatts
2023,BTGBP,Battery storage units net summer capacity in all sectors,MO,Missouri,1,Thousand kilowatts
2023,BTGBP,Battery storage units net summer capacity in all sectors,MS,Mississippi,2,Thousand kilowatts
2023,BTGBP,Battery storage units net summer capacity in all sectors,MT,Montana,0,Thousand kilowatts
2023,BTGBP,Battery storage units net summer capacity in all sectors,NC,North Carolina,58,Thousand kilowatts
2023,BTGBP,Battery storage units net summer capacity in all sectors,ND,North Dakota,0,Thousand kilowatts
2023,BTGBP,Battery storage units net summer capacity in all sectors,NE,Nebraska,5,Thousand kilowatts
2023,BTGBP,Battery storage units net summer capacity in all sectors,NH,New Hampshire,14,Thousand kilowatts
2023,BTGBP,Battery storage units net summer capacity in all sectors,NJ,New Jersey,70,Thousand kilowatts
2023,BTGBP,Battery storage units net summer capacity in all sectors,NM,New Mexico,239,Thousand kilowatts
2023,BTGBP,Battery storage units net summer capacity in all sectors,NV,Nevada,544,Thousand kilowatts
2023,BTGBP,Battery storage units net summer capacity in all sectors,NY,New York,206,Thousand kilowatts
2023,BTGBP,Battery storage units net summer capacity in all sectors,OH,Ohio,35,Thousand kilowatts
2023,BTCAS,Battery storage generating units usage factor,DC,District of Columbia,0,Percent
2023,BTCAS,Battery storage generating units usage factor,DE,Delaware,0,Percent
2023,BTCAS,Battery storage generating units usage factor,FL,Florida,1,Percent
2023,BTCAS,Battery storage generating units usage factor,GA,Georgia,7.1,Percent
2023,BTCAS,Battery storage generating units usage factor,HI,Hawaii,5.9,Percent
2023,BTCAS,Battery storage generating units usage factor,IA,Iowa,.2,Percent
2023,BTCAS,Battery storage generating units usage factor,ID,Idaho,0,Percent
2023,BTCAS,Battery storage generating units usage factor,IL,Illinois,3.9,Percent
2023,BTCAS,Battery storage generating units usage factor,IN,Indiana,.1,Percent
2023,BTCAS,Battery storage generating units usage factor,KS,Kansas,0,Percent
2023,BTCAS,Battery storage generating units usage factor,KY,Kentucky,0,Percent
2023,BTCAS,Battery storage generating units usage factor,LA,Louisiana,0,Percent
2023,BTCAS,Battery storage generating units usage factor,MA,Massachusetts,1.8,Percent
2023,BTCAS,Battery storage generating units usage factor,NM,New Mexico,11.8,Percent
2023,BTCAS,Battery storage generating units usage factor,NV,Nevada,13.1,Percent
2023,BDCCB,Biodiesel consumed by the commercial sector,MN,Minnesota,0,Billion Btu
2023,ESRCB,Electricity consumed by (sales to ultimate customers in) the residential sector,AZ,Arizona,133042,Billion Btu
2023,ESRCB,Electricity consumed by (sales to ultimate customers in) the residential sector,CA,California,282585,Billion Btu
2023,ESRCB,Electricity consumed by (sales to ultimate customers in) the residential sector,CO,Colorado,68238,Billion Btu
2023,ESICV,Electricity expenditures in the industrial sector,CT,Connecticut,404.8,Million dollars
2023,ESISB,Electricity sales to the industrial sector excluding refinery use,MA,Massachusetts,20783,Billion Btu
2023,ESISB,Electricity sales to the industrial sector excluding refinery use,MD,Maryland,11790,Billion Btu
2023,ESISB,Electricity sales to the industrial sector excluding refinery use,ME,Maine,8190,Billion Btu
2023,ESICV,Electricity expenditures in the industrial sector,MO,Missouri,1011.8,Million dollars
2023,ESISB,Electricity sales to the industrial sector excluding refinery use,OR,Oregon,49248,Billion Btu
2023,ESISB,Electricity sales to the industrial sector excluding refinery use,PA,Pennsylvania,169579,Billion Btu
2023,ESISB,Electricity sales to the industrial sector excluding refinery use,RI,Rhode Island,2146,Billion Btu
2023,ESISB,Electricity sales to the industrial sector excluding refinery use,SC,South Carolina,85675,Billion Btu
2023,ESICP,Electricity consumed by (sales to ultimate customers in) the industrial sector,WI,Wisconsin,23131,Million kilowatthours
2023,ESISB,Electricity sales to the industrial sector excluding refinery use,GA,Georgia,109414,Billion Btu
2023,ESISB,Electricity sales to the industrial sector excluding refinery use,HI,Hawaii,11577,Billion Btu
2023,ESISB,Electricity sales to the industrial sector excluding refinery use,IA,Iowa,92866,Billion Btu
2023,ESRCB,Electricity consumed by (sales to ultimate customers in) the residential sector,CT,Connecticut,42832,Billion Btu
2023,ESICD,Electricity price in the industrial sector,GA,Georgia,20.16,Dollars per million Btu
2023,ESICD,Electricity price in the industrial sector,HI,Hawaii,103.39,Dollars per million Btu
2023,ESICD,Electricity price in the industrial sector,IA,Iowa,20.25,Dollars per million Btu
2023,ESISB,Electricity sales to the industrial sector excluding refinery use,MI,Michigan,95782,Billion Btu
2023,ESISB,Electricity sales to the industrial sector excluding refinery use,MN,Minnesota,65407,Billion Btu
2023,ESICB,Electricity consumed by (sales to ultimate customers in) the industrial sector,NE,Nebraska,39716,Billion Btu
2023,ESICB,Electricity consumed by (sales to ultimate customers in) the industrial sector,NH,New Hampshire,6571,Billion Btu
2023,ESICB,Electricity consumed by (sales to ultimate customers in) the industrial sector,NJ,New Jersey,21236,Billion Btu
2023,ESISB,Electricity sales to the industrial sector excluding refinery use,SD,South Dakota,11012,Billion Btu
2023,ESICB,Electricity consumed by (sales to ultimate customers in) the industrial sector,UT,Utah,29422,Billion Btu
2023,ESICB,Electricity consumed by (sales to ultimate customers in) the industrial sector,VA,Virginia,51781,Billion Btu
2023,ESICB,Electricity consumed by (sales to ultimate customers in) the industrial sector,VT,Vermont,4381,Billion Btu
2023,ESISB,Electricity sales to the industrial sector excluding refinery use,ID,Idaho,30840,Billion Btu
2023,ESICB,Electricity consumed by (sales to ultimate customers in) the industrial sector,MI,Michigan,97294,Billion Btu
2023,ESICB,Electricity consumed by (sales to ultimate customers in) the industrial sector,MN,Minnesota,70153,Billion Btu
2023,ESICB,Electricity consumed by (sales to ultimate customers in) the industrial sector,MO,Missouri,43719,Billion Btu
2023,ESACV,Electricity expenditures in the transportation sector,KY,Kentucky,0,Million dollars
2023,ESCCB,Electricity consumed by (sales to ultimate customers in) the commercial sector,NJ,New Jersey,123114,Billion Btu
2023,ESCCB,Electricity consumed by (sales to ultimate customers in) the commercial sector,NM,New Mexico,31900,Billion Btu
2023,ESCCB,Electricity consumed by (sales to ultimate customers in) the commercial sector,NV,Nevada,42196,Billion Btu
2023,ESICB,Electricity consumed by (sales to ultimate customers in) the industrial sector,FL,Florida,60763,Billion Btu
2023,ESACV,Electricity expenditures in the transportation sector,TX,Texas,12.3,Million dollars
2023,ESACV,Electricity expenditures in the transportation sector,US,United States,876.5,Million dollars
2023,ESACV,Electricity expenditures in the transportation sector,UT,Utah,6.7,Million dollars
2023,ESCCV,Electricity expenditures in the commercial sector,ID,Idaho,600.7,Million dollars
2023,ESCCB,Electricity consumed by (sales to ultimate customers in) the commercial sector,DE,Delaware,14155,Billion Btu
2023,ESCCB,Electricity consumed by (sales to ultimate customers in) the commercial sector,FL,Florida,331836,Billion Btu
2023,ESCCB,Electricity consumed by (sales to ultimate customers in) the commercial sector,GA,Georgia,175393,Billion Btu
2023,ESACV,Electricity expenditures in the transportation sector,NC,North Carolina,1.1,Million dollars
2023,ESCCB,Electricity consumed by (sales to ultimate customers in) the commercial sector,RI,Rhode Island,12456,Billion Btu
2023,ESCCB,Electricity consumed by (sales to ultimate customers in) the commercial sector,SC,South Carolina,85961,Billion Btu
2023,ESCCB,Electricity consumed by (sales to ultimate customers in) the commercial sector,NY,New York,243692,Billion Btu
2023,ESCCP,Electricity consumed by (sales to ultimate customers in) the commercial sector,AR,Arkansas,11694,Million kilowatthours
2023,ESCCP,Electricity consumed by (sales to ultimate customers in) the commercial sector,AZ,Arizona,32620,Million kilowatthours
2023,ESACV,Electricity expenditures in the transportation sector,VA,Virginia,25,Million dollars
2023,ESACV,Electricity expenditures in the transportation sector,VT,Vermont,0,Million dollars
2023,ESCCD,Electricity price in the commercial sector,AZ,Arizona,34.54,Dollars per million Btu
2023,ESCCD,Electricity price in the commercial sector,CA,California,70.09,Dollars per million Btu
2023,ESCCD,Electricity price in the commercial sector,CO,Colorado,34.12,Dollars per million Btu
2023,ESCCB,Electricity consumed by (sales to ultimate customers in) the commercial sector,HI,Hawaii,9550,Billion Btu
2023,ESCCD,Electricity price in the commercial sector,ME,Maine,52.41,Dollars per million Btu
2023,BDCCB,Biodiesel consumed by the commercial sector,AR,Arkansas,0,Billion Btu
2023,BDCCB,Biodiesel consumed by the commercial sector,MO,Missouri,0,Billion Btu
2023,ESCCD,Electricity price in the commercial sector,MI,Michigan,39.27,Dollars per million Btu
2023,ESCCD,Electricity price in the commercial sector,MN,Minnesota,36.3,Dollars per million Btu
2023,ESCCD,Electricity price in the commercial sector,MO,Missouri,29.72,Dollars per million Btu
2023,ESCCD,Electricity price in the commercial sector,RI,Rhode Island,51.82,Dollars per million Btu
2023,ESCCP,Electricity consumed by (sales to ultimate customers in) the commercial sector,WA,Washington,30370,Million kilowatthours
2023,ESCCP,Electricity consumed by (sales to ultimate customers in) the commercial sector,WI,Wisconsin,23213,Million kilowatthours
2023,ESCCP,Electricity consumed by (sales to ultimate customers in) the commercial sector,WV,West Virginia,7174,Million kilowatthours
2023,ESCCB,Electricity consumed by (sales to ultimate customers in) the commercial sector,SD,South Dakota,17172,Billion Btu
2023,ESCCB,Electricity consumed by (sales to ultimate customers in) the commercial sector,TN,Tennessee,119742,Billion Btu
2023,ESCCP,Electricity consumed by (sales to ultimate customers in) the commercial sector,GA,Georgia,51405,Million kilowatthours
2023,ESCCP,Electricity consumed by (sales to ultimate customers in) the commercial sector,HI,Hawaii,2799,Million kilowatthours
2023,ESCCD,Electricity price in the commercial sector,CT,Connecticut,58.58,Dollars per million Btu
2023,ESCCP,Electricity consumed by (sales to ultimate customers in) the commercial sector,MS,Mississippi,14231,Million kilowatthours
2023,ESCCP,Electricity consumed by (sales to ultimate customers in) the commercial sector,MT,Montana,5063,Million kilowatthours
2023,ESCCP,Electricity consumed by (sales to ultimate customers in) the commercial sector,NC,North Carolina,48197,Million kilowatthours
2023,ESCCD,Electricity price in the commercial sector,MS,Mississippi,36.25,Dollars per million Btu
2023,ESCCP,Electricity consumed by (sales to ultimate customers in) the commercial sector,SD,South Dakota,5033,Million kilowatthours
2023,ESCCP,Electricity consumed by (sales to ultimate customers in) the commercial sector,TN,Tennessee,35094,Million kilowatthours
2023,ESCCP,Electricity consumed by (sales to ultimate customers in) the commercial sector,WY,Wyoming,5046,Million kilowatthours
2023,ESACP,Electricity consumed by (sales to ultimate customers in) the transportation sector,WY,Wyoming,0,Million kilowatthours
2023,ESACV,Electricity expenditures in the transportation sector,AK,Alaska,0,Million dollars
2023,ESACV,Electricity expenditures in the transportation sector,AL,Alabama,0,Million dollars
2023,ESCCP,Electricity consumed by (sales to ultimate customers in) the commercial sector,IA,Iowa,12601,Million kilowatthours
2023,ESCCP,Electricity consumed by (sales to ultimate customers in) the commercial sector,ID,Idaho,6842,Million kilowatthours
2023,ESICB,Electricity consumed by (sales to ultimate customers in) the industrial sector,AR,Arkansas,63398,Billion Btu
2023,ESICB,Electricity consumed by (sales to ultimate customers in) the industrial sector,AZ,Arizona,48780,Billion Btu
2023,ESICB,Electricity consumed by (sales to ultimate customers in) the industrial sector,CA,California,146711,Billion Btu
2023,ESCCP,Electricity consumed by (sales to ultimate customers in) the commercial sector,ND,North Dakota,10855,Million kilowatthours
2023,ESICB,Electricity consumed by (sales to ultimate customers in) the industrial sector,GA,Georgia,109414,Billion Btu
2023,ESICB,Electricity consumed by (sales to ultimate customers in) the industrial sector,HI,Hawaii,11721,Billion Btu
2023,ESICB,Electricity consumed by (sales to ultimate customers in) the industrial sector,IA,Iowa,92866,Billion Btu
2023,ESCCP,Electricity consumed by (sales to ultimate customers in) the commercial sector,TX,Texas,165792,Million kilowatthours
2023,ESCCP,Electricity consumed by (sales to ultimate customers in) the commercial sector,US,United States,1408109,Million kilowatthours
2023,ESCCV,Electricity expenditures in the commercial sector,IL,Illinois,5124.3,Million dollars
2023,ESCCV,Electricity expenditures in the commercial sector,IN,Indiana,2889.4,Million dollars
2023,ESCCV,Electricity expenditures in the commercial sector,KS,Kansas,1706.9,Million dollars
2023,ESACV,Electricity expenditures in the transportation sector,AR,Arkansas,0,Million dollars
2023,ESACV,Electricity expenditures in the transportation sector,AZ,Arizona,1,Million dollars
2023,ESCCB,Electricity consumed by (sales to ultimate customers in) the commercial sector,MD,Maryland,92335,Billion Btu
2023,ESCCB,Electricity consumed by (sales to ultimate customers in) the commercial sector,ME,Maine,13706,Billion Btu
2023,ESICB,Electricity consumed by (sales to ultimate customers in) the industrial sector,CO,Colorado,50425,Billion Btu
2023,ESACV,Electricity expenditures in the transportation sector,ND,North Dakota,0,Million dollars
2023,ESACV,Electricity expenditures in the transportation sector,NE,Nebraska,0,Million dollars
2023,ESACV,Electricity expenditures in the transportation sector,NH,New Hampshire,0,Million dollars
2023,ESACV,Electricity expenditures in the transportation sector,NJ,New Jersey,45.9,Million dollars
2023,ESICB,Electricity consumed by (sales to ultimate customers in) the industrial sector,ID,Idaho,30840,Billion Btu
2023,ESACV,Electricity expenditures in the transportation sector,WA,Washington,8.8,Million dollars
2023,ESACV,Electricity expenditures in the transportation sector,WI,Wisconsin,.2,Million dollars
2023,ESACV,Electricity expenditures in the transportation sector,WV,West Virginia,0,Million dollars
2023,ESCCP,Electricity consumed by (sales to ultimate customers in) the commercial sector,VT,Vermont,1904,Million kilowatthours
2023,ESCCV,Electricity expenditures in the commercial sector,MA,Massachusetts,4763.5,Million dollars
2023,ESCCV,Electricity expenditures in the commercial sector,MD,Maryland,3456.5,Million dollars
2023,ESCCV,Electricity expenditures in the commercial sector,ME,Maine,718.4,Million dollars
2023,ESCCB,Electricity consumed by (sales to ultimate customers in) the commercial sector,MI,Michigan,124655,Billion Btu
2023,ESCCD,Electricity price in the commercial sector,SC,South Carolina,30.46,Dollars per million Btu
2023,ESCCD,Electricity price in the commercial sector,SD,South Dakota,29.77,Dollars per million Btu
2023,ESCCD,Electricity price in the commercial sector,TN,Tennessee,34.57,Dollars per million Btu
2023,BDEIP,Biodiesel consumed by the electric power sector,CA,California,0,Thousand barrels
2023,CLCCE,Coal CO2 emissions for the commercial sector,MS,Mississippi,0,Million metric tons CO2
2023,BDEIB,Biodiesel consumed by the electric power sector,WV,West Virginia,0,Billion Btu
2023,ESRCD,Electricity price in the residential sector,LA,Louisiana,33.85,Dollars per million Btu
2023,ESRCD,Electricity price in the residential sector,MA,Massachusetts,86.78,Dollars per million Btu
2023,ESRCP,Electricity consumed by (sales to ultimate customers in) the residential sector,NJ,New Jersey,28415,Million kilowatthours
2023,BDTXP,Biodiesel total end-use consumption,LA,Louisiana,896,Thousand barrels
2023,BTVHN,Battery electric vehicle (BEV) light-duty stocks,AZ,Arizona,86,Thousands of registered vehicles
2023,BTVHN,Battery electric vehicle (BEV) light-duty stocks,CA,California,1202.8,Thousands of registered vehicles
2023,CLGBP,Coal generating units net summer capacity in all sectors,MA,Massachusetts,0,Thousand kilowatts
2023,CLGBP,Coal generating units net summer capacity in all sectors,MD,Maryland,1453,Thousand kilowatts
2023,CLGBP,Coal generating units net summer capacity in all sectors,ME,Maine,0,Thousand kilowatts
2023,CLGBP,Coal generating units net summer capacity in all sectors,MI,Michigan,5802,Thousand kilowatts
2023,CLGBP,Coal generating units net summer capacity in all sectors,MN,Minnesota,3142,Thousand kilowatts
2023,CLGBP,Coal generating units net summer capacity in all sectors,MO,Missouri,9714,Thousand kilowatts
2023,CLGBP,Coal generating units net summer capacity in all sectors,MS,Mississippi,1444,Thousand kilowatts
2023,CLGBP,Coal generating units net summer capacity in all sectors,MT,Montana,1627,Thousand kilowatts
2023,CLGBP,Coal generating units net summer capacity in all sectors,NC,North Carolina,4552,Thousand kilowatts
2023,CLGBP,Coal generating units net summer capacity in all sectors,ND,North Dakota,3833,Thousand kilowatts
2023,CLGBP,Coal generating units net summer capacity in all sectors,NE,Nebraska,3826,Thousand kilowatts
2023,CLGBP,Coal generating units net summer capacity in all sectors,NH,New Hampshire,534,Thousand kilowatts
2023,CLGBP,Coal generating units net summer capacity in all sectors,NJ,New Jersey,0,Thousand kilowatts
2023,BTCAS,Battery storage generating units usage factor,US,United States,6.6,Percent
2023,BTCAS,Battery storage generating units usage factor,UT,Utah,0,Percent
2023,BTCAS,Battery storage generating units usage factor,VA,Virginia,2,Percent
2023,BTCAS,Battery storage generating units usage factor,VT,Vermont,3.7,Percent
2023,BTCAS,Battery storage generating units usage factor,WA,Washington,2.2,Percent
2023,BTCAS,Battery storage generating units usage factor,WI,Wisconsin,0,Percent
2023,BTCAS,Battery storage generating units usage factor,WV,West Virginia,3.2,Percent
2023,BTCAS,Battery storage generating units usage factor,WY,Wyoming,0,Percent
2023,BTGBP,Battery storage units net summer capacity in all sectors,AK,Alaska,92,Thousand kilowatts
2023,CYCAS,Natural gas combined cycle generating units capacity factor,MD,Maryland,56,Percent
2023,CYCAS,Natural gas combined cycle generating units capacity factor,ME,Maine,32.8,Percent
2023,CYCAS,Natural gas combined cycle generating units capacity factor,MI,Michigan,58.9,Percent
2023,CYCAS,Natural gas combined cycle generating units capacity factor,MN,Minnesota,50.9,Percent
2023,CYCAS,Natural gas combined cycle generating units capacity factor,MO,Missouri,43.3,Percent
2023,CYCAS,Natural gas combined cycle generating units capacity factor,MS,Mississippi,67.8,Percent
2023,CYCAS,Natural gas combined cycle generating units capacity factor,MT,Montana,0,Percent
2023,CYCAS,Natural gas combined cycle generating units capacity factor,NC,North Carolina,74.5,Percent
2023,CYCAS,Natural gas combined cycle generating units capacity factor,ND,North Dakota,0,Percent
2023,CYCAS,Natural gas combined cycle generating units capacity factor,NE,Nebraska,20.1,Percent
2023,CYCAS,Natural gas combined cycle generating units capacity factor,NH,New Hampshire,38.8,Percent
2023,CYCAS,Natural gas combined cycle generating units capacity factor,NJ,New Jersey,42.1,Percent
2023,CYCAS,Natural gas combined cycle generating units capacity factor,NM,New Mexico,72.5,Percent
2023,CYCAS,Natural gas combined cycle generating units capacity factor,WV,West Virginia,0,Percent
2023,CYCAS,Natural gas combined cycle generating units capacity factor,AK,Alaska,65.4,Percent
2023,CYCAS,Natural gas combined cycle generating units capacity factor,WY,Wyoming,49.2,Percent
2023,ELIMB,Electricity imported into the United States,DE,Delaware,0,Billion Btu
2023,ELIMB,Electricity imported into the United States,FL,Florida,0,Billion Btu
2023,ELIMB,Electricity imported into the United States,GA,Georgia,0,Billion Btu
2023,ELIMB,Electricity imported into the United States,HI,Hawaii,0,Billion Btu
2023,ELGBP,Total (all fuels) electric generating units net summer capacity in all sectors,CO,Colorado,19541,Thousand kilowatts
2023,ELGBP,Total (all fuels) electric generating units net summer capacity in all sectors,CT,Connecticut,9936,Thousand kilowatts
2023,ELIMB,Electricity imported into the United States,WV,West Virginia,0,Billion Btu
2023,ELIMB,Electricity imported into the United States,WY,Wyoming,0,Billion Btu
2023,ELIMD,Electricity imports average price,AK,Alaska,0,Dollars per million Btu
2023,ELIMD,Electricity imports average price,AL,Alabama,0,Dollars per million Btu
2023,ELIMB,Electricity imported into the United States,KY,Kentucky,0,Billion Btu
2023,ELIMB,Electricity imported into the United States,LA,Louisiana,0,Billion Btu
2023,ELIMB,Electricity imported into the United States,MA,Massachusetts,0,Billion Btu
2023,ELIMB,Electricity imported into the United States,MD,Maryland,0,Billion Btu
2023,ELIMB,Electricity imported into the United States,NV,Nevada,0,Billion Btu
2023,ELIMB,Electricity imported into the United States,NY,New York,25924,Billion Btu
2023,ELIMB,Electricity imported into the United States,OH,Ohio,0,Billion Btu
2023,ELIMB,Electricity imported into the United States,OK,Oklahoma,0,Billion Btu
2023,ELIMD,Electricity imports average price,NC,North Carolina,0,Dollars per million Btu
2023,ELIMD,Electricity imports average price,ND,North Dakota,18.72,Dollars per million Btu
2023,ELIMD,Electricity imports average price,NE,Nebraska,0,Dollars per million Btu
2023,ELIMD,Electricity imports average price,NH,New Hampshire,0,Dollars per million Btu
2023,ELIMP,Electricity imported into the United States,MD,Maryland,0,Million kilowatthours
2023,ELIMP,Electricity imported into the United States,ME,Maine,2224,Million kilowatthours
2023,ELIMP,Electricity imported into the United States,MI,Michigan,4290,Million kilowatthours
2023,ELIMP,Electricity imported into the United States,MN,Minnesota,6613,Million kilowatthours
2023,ELIMD,Electricity imports average price,OR,Oregon,0,Dollars per million Btu
2023,ELIMD,Electricity imports average price,PA,Pennsylvania,0,Dollars per million Btu
2023,BDTXB,Biodiesel total end-use consumption,RI,Rhode Island,1556,Billion Btu
2023,BDTXP,Biodiesel total end-use consumption,MA,Massachusetts,349,Thousand barrels
2023,BTVHN,Battery electric vehicle (BEV) light-duty stocks,NJ,New Jersey,129,Thousands of registered vehicles
2023,BTVHN,Battery electric vehicle (BEV) light-duty stocks,NM,New Mexico,9.9,Thousands of registered vehicles
2023,CLGBP,Coal generating units net summer capacity in all sectors,NM,New Mexico,1540,Thousand kilowatts
2023,CLGBP,Coal generating units net summer capacity in all sectors,NV,Nevada,740,Thousand kilowatts
2023,CLGBP,Coal generating units net summer capacity in all sectors,NY,New York,0,Thousand kilowatts
2023,CLGBP,Coal generating units net summer capacity in all sectors,OH,Ohio,6608,Thousand kilowatts
2023,CLGBP,Coal generating units net summer capacity in all sectors,OK,Oklahoma,3273,Thousand kilowatts
2023,CLGBP,Coal generating units net summer capacity in all sectors,OR,Oregon,0,Thousand kilowatts
2023,CLGBP,Coal generating units net summer capacity in all sectors,PA,Pennsylvania,6009,Thousand kilowatts
2023,CLGBP,Coal generating units net summer capacity in all sectors,RI,Rhode Island,0,Thousand kilowatts
2023,CLGBP,Coal generating units net summer capacity in all sectors,SC,South Carolina,4749,Thousand kilowatts
2023,CLGBP,Coal generating units net summer capacity in all sectors,SD,South Dakota,475,Thousand kilowatts
2023,CLGBP,Coal generating units net summer capacity in all sectors,TN,Tennessee,4955,Thousand kilowatts
2023,CLGBP,Coal generating units net summer capacity in all sectors,TX,Texas,16623,Thousand kilowatts
2023,BTVHN,Battery electric vehicle (BEV) light-duty stocks,FL,Florida,244,Thousands of registered vehicles
2023,BTVHN,Battery electric vehicle (BEV) light-duty stocks,GA,Georgia,88.4,Thousands of registered vehicles
2023,BTVHN,Battery electric vehicle (BEV) light-duty stocks,HI,Hawaii,24.5,Thousands of registered vehicles
2023,BTVHN,Battery electric vehicle (BEV) light-duty stocks,IA,Iowa,8.6,Thousands of registered vehicles
2023,BTVHP,Electricity consumed for battery electric vehicle (BEV) use,US,United States,5444,Million kilowatthours
2023,BTVHP,Electricity consumed for battery electric vehicle (BEV) use,UT,Utah,66,Million kilowatthours
2023,BTVHP,Electricity consumed for battery electric vehicle (BEV) use,VA,Virginia,123,Million kilowatthours
2023,BTVHP,Electricity consumed for battery electric vehicle (BEV) use,VT,Vermont,12,Million kilowatthours
2023,BTVHP,Electricity consumed for battery electric vehicle (BEV) use,WA,Washington,239,Million kilowatthours
2023,BTVHP,Electricity consumed for battery electric vehicle (BEV) use,WI,Wisconsin,38,Million kilowatthours
2023,BTVHP,Electricity consumed for battery electric vehicle (BEV) use,WV,West Virginia,4,Million kilowatthours
2023,BTVHP,Electricity consumed for battery electric vehicle (BEV) use,WY,Wyoming,2,Million kilowatthours
2023,BTVHN,Battery electric vehicle (BEV) light-duty stocks,ME,Maine,7.1,Thousands of registered vehicles
2023,BTVHN,Battery electric vehicle (BEV) light-duty stocks,MI,Michigan,48.1,Thousands of registered vehicles
2023,BTVHN,Battery electric vehicle (BEV) light-duty stocks,MN,Minnesota,35.5,Thousands of registered vehicles
2023,BTVHN,Battery electric vehicle (BEV) light-duty stocks,MO,Missouri,25.7,Thousands of registered vehicles
2023,BTVHN,Battery electric vehicle (BEV) light-duty stocks,MS,Mississippi,3.4,Thousands of registered vehicles
2023,BTVHN,Battery electric vehicle (BEV) light-duty stocks,MT,Montana,4.4,Thousands of registered vehicles
2023,BTVHN,Battery electric vehicle (BEV) light-duty stocks,NC,North Carolina,67.2,Thousands of registered vehicles
2023,BTVHN,Battery electric vehicle (BEV) light-duty stocks,ND,North Dakota,1,Thousands of registered vehicles
2023,BTVHN,Battery electric vehicle (BEV) light-duty stocks,NE,Nebraska,6.6,Thousands of registered vehicles
2023,BTVHN,Battery electric vehicle (BEV) light-duty stocks,NH,New Hampshire,9.5,Thousands of registered vehicles
2023,ELIMD,Electricity imports average price,RI,Rhode Island,0,Dollars per million Btu
2023,ELIMD,Electricity imports average price,SC,South Carolina,0,Dollars per million Btu
2023,ELIMP,Electricity imported into the United States,AZ,Arizona,0,Million kilowatthours
2023,ELIMP,Electricity imported into the United States,CA,California,5674,Million kilowatthours
2023,ELIMP,Electricity imported into the United States,CO,Colorado,0,Million kilowatthours
2023,ELIMP,Electricity imported into the United States,CT,Connecticut,0,Million kilowatthours
2023,ELIMP,Electricity imported into the United States,DC,District of Columbia,0,Million kilowatthours
2023,ELIMV,Electricity imports expenditures,KY,Kentucky,0,Million dollars
2023,ELIMV,Electricity imports expenditures,LA,Louisiana,0,Million dollars
2023,ELIMV,Electricity imports expenditures,MA,Massachusetts,0,Million dollars
2023,CLGBP,Coal generating units net summer capacity in all sectors,US,United States,178442,Thousand kilowatts
2023,CLGBP,Coal generating units net summer capacity in all sectors,UT,Utah,4581,Thousand kilowatts
2023,CLGBP,Coal generating units net summer capacity in all sectors,VA,Virginia,1530,Thousand kilowatts
2023,CLGBP,Coal generating units net summer capacity in all sectors,VT,Vermont,0,Thousand kilowatts
2023,BTGBP,Battery storage units net summer capacity in all sectors,AR,Arkansas,22,Thousand kilowatts
2023,BTGBP,Battery storage units net summer capacity in all sectors,AZ,Arizona,931,Thousand kilowatts
2023,BTGBP,Battery storage units net summer capacity in all sectors,CA,California,7985,Thousand kilowatts
2023,BTGBP,Battery storage units net summer capacity in all sectors,CO,Colorado,241,Thousand kilowatts
2023,BTGBP,Battery storage units net summer capacity in all sectors,CT,Connecticut,2,Thousand kilowatts
2023,BTGBP,Battery storage units net summer capacity in all sectors,DC,District of Columbia,0,Thousand kilowatts
2023,BTGBP,Battery storage units net summer capacity in all sectors,DE,Delaware,0,Thousand kilowatts
2023,BTGBP,Battery storage units net summer capacity in all sectors,FL,Florida,561,Thousand kilowatts
2023,BTGBP,Battery storage units net summer capacity in all sectors,GA,Georgia,81,Thousand kilowatts
2023,BTGBP,Battery storage units net summer capacity in all sectors,HI,Hawaii,360,Thousand kilowatts
2023,CLGBP,Coal generating units net summer capacity in all sectors,AK,Alaska,168,Thousand kilowatts
2023,BDEIP,Biodiesel consumed by the electric power sector,CT,Connecticut,0,Thousand barrels
2023,BDEIB,Biodiesel consumed by the electric power sector,NV,Nevada,0,Billion Btu
2023,BDTXP,Biodiesel total end-use consumption,FL,Florida,1603,Thousand barrels
2023,BTGBP,Battery storage units net summer capacity in all sectors,IA,Iowa,9,Thousand kilowatts
2023,BTGBP,Battery storage units net summer capacity in all sectors,ID,Idaho,0,Thousand kilowatts
2023,BTGBP,Battery storage units net summer capacity in all sectors,IL,Illinois,96,Thousand kilowatts
2023,BTGBP,Battery storage units net summer capacity in all sectors,IN,Indiana,36,Thousand kilowatts
2023,BTGBP,Battery storage units net summer capacity in all sectors,KS,Kansas,0,Thousand kilowatts
2023,BTGBP,Battery storage units net summer capacity in all sectors,KY,Kentucky,0,Thousand kilowatts
2023,BTGBP,Battery storage units net summer capacity in all sectors,LA,Louisiana,0,Thousand kilowatts
2023,CLGBP,Coal generating units net summer capacity in all sectors,AL,Alabama,4728,Thousand kilowatts
2023,CLGBP,Coal generating units net summer capacity in all sectors,AR,Arkansas,4734,Thousand kilowatts
2023,BDTXB,Biodiesel total end-use consumption,SD,South Dakota,1039,Billion Btu
2023,BDTXP,Biodiesel total end-use consumption,CT,Connecticut,968,Thousand barrels
2023,BDEIK,Factor for converting biodiesel consumed by the electric power sector from physical units to Btu,TX,Texas,0,Million Btu per barrel
2023,BDEIK,Factor for converting biodiesel consumed by the electric power sector from physical units to Btu,LA,Louisiana,0,Million Btu per barrel
2023,BDEIB,Biodiesel consumed by the electric power sector,NY,New York,0,Billion Btu
2023,BDTXP,Biodiesel total end-use consumption,DE,Delaware,57,Thousand barrels
2023,BDTXP,Biodiesel total end-use consumption,MD,Maryland,370,Thousand barrels
2023,BDEIB,Biodiesel consumed by the electric power sector,OH,Ohio,0,Billion Btu
2023,BDEIK,Factor for converting biodiesel consumed by the electric power sector from physical units to Btu,SC,South Carolina,0,Million Btu per barrel
2023,BDTXK,Factor for converting biodiesel used by end-use sectors from physical units to Btu,US,United States,5.359,Million Btu per barrel
2023,BDTXB,Biodiesel total end-use consumption,WV,West Virginia,1979,Billion Btu
2023,BDEIB,Biodiesel consumed by the electric power sector,KS,Kansas,0,Billion Btu
2023,BDEIB,Biodiesel consumed by the electric power sector,KY,Kentucky,0,Billion Btu
2023,BDTXB,Biodiesel total end-use consumption,WY,Wyoming,334,Billion Btu
2023,BDEIK,Factor for converting biodiesel consumed by the electric power sector from physical units to Btu,SD,South Dakota,0,Million Btu per barrel
2023,BDEIK,Factor for converting biodiesel consumed by the electric power sector from physical units to Btu,TN,Tennessee,0,Million Btu per barrel
2023,BDEIP,Biodiesel consumed by the electric power sector,CO,Colorado,0,Thousand barrels
2023,ESICD,Electricity price in the industrial sector,AR,Arkansas,20.12,Dollars per million Btu
2023,ESICD,Electricity price in the industrial sector,AZ,Arizona,23.76,Dollars per million Btu
2023,ESRCB,Electricity consumed by (sales to ultimate customers in) the residential sector,ID,Idaho,33415,Billion Btu
2023,ESICD,Electricity price in the industrial sector,MA,Massachusetts,52.41,Dollars per million Btu
2023,ESICD,Electricity price in the industrial sector,MD,Maryland,29.15,Dollars per million Btu
2023,ESICD,Electricity price in the industrial sector,ME,Maine,36.04,Dollars per million Btu
2023,ESICD,Electricity price in the industrial sector,MI,Michigan,23.9,Dollars per million Btu
2023,ESISB,Electricity sales to the industrial sector excluding refinery use,NM,New Mexico,38852,Billion Btu
2023,ESICB,Electricity consumed by (sales to ultimate customers in) the industrial sector,OR,Oregon,49248,Billion Btu
2023,ESICB,Electricity consumed by (sales to ultimate customers in) the industrial sector,PA,Pennsylvania,171101,Billion Btu
2023,ESICB,Electricity consumed by (sales to ultimate customers in) the industrial sector,RI,Rhode Island,2146,Billion Btu
2023,ESISB,Electricity sales to the industrial sector excluding refinery use,CA,California,140003,Billion Btu
2023,ESICB,Electricity consumed by (sales to ultimate customers in) the industrial sector,IL,Illinois,140804,Billion Btu
2023,ESICB,Electricity consumed by (sales to ultimate customers in) the industrial sector,IN,Indiana,140672,Billion Btu
2023,ESICB,Electricity consumed by (sales to ultimate customers in) the industrial sector,KS,Kansas,39270,Billion Btu
2023,ESICD,Electricity price in the industrial sector,CA,California,54.63,Dollars per million Btu
2023,ESICP,Electricity consumed by (sales to ultimate customers in) the industrial sector,MA,Massachusetts,6091,Million kilowatthours
2023,ESICP,Electricity consumed by (sales to ultimate customers in) the industrial sector,MD,Maryland,3456,Million kilowatthours
2023,CLGBP,Coal generating units net summer capacity in all sectors,AZ,Arizona,2939,Thousand kilowatts
2023,CLGBP,Coal generating units net summer capacity in all sectors,CA,California,57,Thousand kilowatts
2023,CLGBP,Coal generating units net summer capacity in all sectors,CO,Colorado,3804,Thousand kilowatts
2023,CLGBP,Coal generating units net summer capacity in all sectors,CT,Connecticut,0,Thousand kilowatts
2023,CLGBP,Coal generating units net summer capacity in all sectors,DC,District of Columbia,0,Thousand kilowatts
2023,CLGBP,Coal generating units net summer capacity in all sectors,DE,Delaware,410,Thousand kilowatts
2023,CLGBP,Coal generating units net summer capacity in all sectors,FL,Florida,3990,Thousand kilowatts
2023,CLGBP,Coal generating units net summer capacity in all sectors,GA,Georgia,5780,Thousand kilowatts
2023,CLGBP,Coal generating units net summer capacity in all sectors,HI,Hawaii,0,Thousand kilowatts
2023,CLGBP,Coal generating units net summer capacity in all sectors,IA,Iowa,4861,Thousand kilowatts
2023,CLGBP,Coal generating units net summer capacity in all sectors,ID,Idaho,0,Thousand kilowatts
2023,CLGBP,Coal generating units net summer capacity in all sectors,IL,Illinois,6854,Thousand kilowatts
2023,CLGBP,Coal generating units net summer capacity in all sectors,IN,Indiana,12847,Thousand kilowatts
2023,CLGBP,Coal generating units net summer capacity in all sectors,WA,Washington,670,Thousand kilowatts
2023,CLGBP,Coal generating units net summer capacity in all sectors,WI,Wisconsin,5226,Thousand kilowatts
2023,CLGBP,Coal generating units net summer capacity in all sectors,WV,West Virginia,12542,Thousand kilowatts
2023,CLGBP,Coal generating units net summer capacity in all sectors,WY,Wyoming,6069,Thousand kilowatts
2023,CLGBP,Coal generating units net summer capacity in all sectors,KS,Kansas,4525,Thousand kilowatts
2023,CLGBP,Coal generating units net summer capacity in all sectors,KY,Kentucky,9162,Thousand kilowatts
2023,CLGBP,Coal generating units net summer capacity in all sectors,LA,Louisiana,2070,Thousand kilowatts
2023,BTCAS,Battery storage generating units usage factor,OR,Oregon,7.8,Percent
2023,BTCAS,Battery storage generating units usage factor,PA,Pennsylvania,13.1,Percent
2023,BTCAS,Battery storage generating units usage factor,RI,Rhode Island,3.7,Percent
2023,BTCAS,Battery storage generating units usage factor,SC,South Carolina,.4,Percent
2023,BTCAS,Battery storage generating units usage factor,SD,South Dakota,0,Percent
2023,BTCAS,Battery storage generating units usage factor,TN,Tennessee,0,Percent
2023,BTCAS,Battery storage generating units usage factor,TX,Texas,2.7,Percent
2023,BTGBP,Battery storage units net summer capacity in all sectors,OK,Oklahoma,10,Thousand kilowatts
2023,BTGBP,Battery storage units net summer capacity in all sectors,OR,Oregon,35,Thousand kilowatts
2023,BTGBP,Battery storage units net summer capacity in all sectors,PA,Pennsylvania,35,Thousand kilowatts
2023,BTGBP,Battery storage units net summer capacity in all sectors,RI,Rhode Island,3,Thousand kilowatts
2023,BTGBP,Battery storage units net summer capacity in all sectors,SC,South Carolina,22,Thousand kilowatts
2023,BTGBP,Battery storage units net summer capacity in all sectors,SD,South Dakota,1,Thousand kilowatts
2023,BTGBP,Battery storage units net summer capacity in all sectors,TN,Tennessee,0,Thousand kilowatts
2023,BTGBP,Battery storage units net summer capacity in all sectors,TX,Texas,3794,Thousand kilowatts
2023,BTGBP,Battery storage units net summer capacity in all sectors,US,United States,15995,Thousand kilowatts
2023,BTGBP,Battery storage units net summer capacity in all sectors,UT,Utah,1,Thousand kilowatts
2023,BTCAS,Battery storage generating units usage factor,MD,Maryland,12.7,Percent
2023,BTCAS,Battery storage generating units usage factor,ME,Maine,3.7,Percent
2023,BTCAS,Battery storage generating units usage factor,MI,Michigan,.6,Percent
2023,BTCAS,Battery storage generating units usage factor,MN,Minnesota,.2,Percent
2023,BTCAS,Battery storage generating units usage factor,MO,Missouri,0,Percent
2023,BTVHN,Battery electric vehicle (BEV) light-duty stocks,ID,Idaho,8.1,Thousands of registered vehicles
2023,BTVHN,Battery electric vehicle (BEV) light-duty stocks,IL,Illinois,95.3,Thousands of registered vehicles
2023,BTVHN,Battery electric vehicle (BEV) light-duty stocks,IN,Indiana,25,Thousands of registered vehicles
2023,ELIMV,Electricity imports expenditures,MD,Maryland,0,Million dollars
2023,ELIMV,Electricity imports expenditures,OK,Oklahoma,0,Million dollars
2023,ELIMV,Electricity imports expenditures,OR,Oregon,0,Million dollars
2023,ELIMV,Electricity imports expenditures,PA,Pennsylvania,0,Million dollars
2023,ESICP,Electricity consumed by (sales to ultimate customers in) the industrial sector,ME,Maine,2400,Million kilowatthours
2023,ESICP,Electricity consumed by (sales to ultimate customers in) the industrial sector,PA,Pennsylvania,50147,Million kilowatthours
2023,ESICB,Electricity consumed by (sales to ultimate customers in) the industrial sector,SC,South Carolina,85675,Billion Btu
2023,ESICP,Electricity consumed by (sales to ultimate customers in) the industrial sector,CA,California,42999,Million kilowatthours
2023,ESICP,Electricity consumed by (sales to ultimate customers in) the industrial sector,CO,Colorado,14779,Million kilowatthours
2023,ESICP,Electricity consumed by (sales to ultimate customers in) the industrial sector,CT,Connecticut,2579,Million kilowatthours
2023,ESICB,Electricity consumed by (sales to ultimate customers in) the industrial sector,KY,Kentucky,93376,Billion Btu
2023,ESICD,Electricity price in the industrial sector,NE,Nebraska,22.37,Dollars per million Btu
2023,ESICD,Electricity price in the industrial sector,NH,New Hampshire,46.2,Dollars per million Btu
2023,ESICD,Electricity price in the industrial sector,NJ,New Jersey,34.24,Dollars per million Btu
2023,ESICP,Electricity consumed by (sales to ultimate customers in) the industrial sector,MI,Michigan,28515,Million kilowatthours
2023,ESICV,Electricity expenditures in the industrial sector,OH,Ohio,3430.2,Million dollars
2023,ESICV,Electricity expenditures in the industrial sector,OK,Oklahoma,1280.6,Million dollars
2023,ESICV,Electricity expenditures in the industrial sector,OR,Oregon,1085.2,Million dollars
2023,ESISB,Electricity sales to the industrial sector excluding refinery use,AK,Alaska,4426,Billion Btu
2023,ESRCB,Electricity consumed by (sales to ultimate customers in) the residential sector,GA,Georgia,199303,Billion Btu
2023,ESRCB,Electricity consumed by (sales to ultimate customers in) the residential sector,HI,Hawaii,9189,Billion Btu
2023,ESRCB,Electricity consumed by (sales to ultimate customers in) the residential sector,IA,Iowa,49753,Billion Btu
2023,ESICP,Electricity consumed by (sales to ultimate customers in) the industrial sector,DC,District of Columbia,176,Million kilowatthours
2023,ESICV,Electricity expenditures in the industrial sector,KS,Kansas,792.7,Million dollars
2023,ESICV,Electricity expenditures in the industrial sector,KY,Kentucky,1733.2,Million dollars
2023,ESICV,Electricity expenditures in the industrial sector,LA,Louisiana,1810.7,Million dollars
2023,ESICV,Electricity expenditures in the industrial sector,MA,Massachusetts,1089.2,Million dollars
2023,ESICD,Electricity price in the industrial sector,NM,New Mexico,16.86,Dollars per million Btu
2023,ESICP,Electricity consumed by (sales to ultimate customers in) the industrial sector,TX,Texas,158249,Million kilowatthours
2023,ESICP,Electricity consumed by (sales to ultimate customers in) the industrial sector,US,United States,1009256,Million kilowatthours
2023,ESICP,Electricity consumed by (sales to ultimate customers in) the industrial sector,UT,Utah,8623,Million kilowatthours
2023,ESICV,Electricity expenditures in the industrial sector,PA,Pennsylvania,3851.7,Million dollars
2023,ESISB,Electricity sales to the industrial sector excluding refinery use,WY,Wyoming,28215,Billion Btu
2023,ESRCB,Electricity consumed by (sales to ultimate customers in) the residential sector,AK,Alaska,6997,Billion Btu
2023,ESRCB,Electricity consumed by (sales to ultimate customers in) the residential sector,AL,Alabama,107170,Billion Btu
2023,ESICV,Electricity expenditures in the industrial sector,AR,Arkansas,1260.3,Million dollars
2023,ESISB,Electricity sales to the industrial sector excluding refinery use,IL,Illinois,129193,Billion Btu
2023,ESISB,Electricity sales to the industrial sector excluding refinery use,IN,Indiana,135609,Billion Btu
2023,ESISB,Electricity sales to the industrial sector excluding refinery use,KS,Kansas,35424,Billion Btu
2023,ESISB,Electricity sales to the industrial sector excluding refinery use,KY,Kentucky,90237,Billion Btu
2023,ESICV,Electricity expenditures in the industrial sector,MD,Maryland,343.6,Million dollars
2023,ESISB,Electricity sales to the industrial sector excluding refinery use,NV,Nevada,42191,Billion Btu
2023,ESISB,Electricity sales to the industrial sector excluding refinery use,NY,New York,51772,Billion Btu
2023,ESISB,Electricity sales to the industrial sector excluding refinery use,OH,Ohio,166437,Billion Btu
2023,ESISB,Electricity sales to the industrial sector excluding refinery use,CO,Colorado,49364,Billion Btu
2023,ESISB,Electricity sales to the industrial sector excluding refinery use,CT,Connecticut,8801,Billion Btu
2023,ESISB,Electricity sales to the industrial sector excluding refinery use,DC,District of Columbia,602,Billion Btu
2023,ESISB,Electricity sales to the industrial sector excluding refinery use,DE,Delaware,5716,Billion Btu
2023,ESRCB,Electricity consumed by (sales to ultimate customers in) the residential sector,AR,Arkansas,62692,Billion Btu
2023,ESICD,Electricity price in the industrial sector,CO,Colorado,24.91,Dollars per million Btu
2023,ESICD,Electricity price in the industrial sector,CT,Connecticut,45.99,Dollars per million Btu
2023,ESICD,Electricity price in the industrial sector,DC,District of Columbia,31.81,Dollars per million Btu
2023,ESICD,Electricity price in the industrial sector,DE,Delaware,22.99,Dollars per million Btu
2023,ESISB,Electricity sales to the industrial sector excluding refinery use,LA,Louisiana,105070,Billion Btu
2023,ESICB,Electricity consumed by (sales to ultimate customers in) the industrial sector,MS,Mississippi,53386,Billion Btu
2023,ESICB,Electricity consumed by (sales to ultimate customers in) the industrial sector,MT,Montana,15989,Billion Btu
2023,ESICB,Electricity consumed by (sales to ultimate customers in) the industrial sector,NC,North Carolina,89203,Billion Btu
2023,ESISB,Electricity sales to the industrial sector excluding refinery use,OK,Oklahoma,69802,Billion Btu
2023,ESICB,Electricity consumed by (sales to ultimate customers in) the industrial sector,SD,South Dakota,11012,Billion Btu
2023,ESICB,Electricity consumed by (sales to ultimate customers in) the industrial sector,TN,Tennessee,77115,Billion Btu
2023,ESICB,Electricity consumed by (sales to ultimate customers in) the industrial sector,TX,Texas,539946,Billion Btu
2023,ELIMV,Electricity imports expenditures,RI,Rhode Island,0,Million dollars
2023,ELIMV,Electricity imports expenditures,SC,South Carolina,0,Million dollars
2023,ELIMD,Electricity imports average price,SD,South Dakota,0,Dollars per million Btu
2023,ELIMP,Electricity imported into the United States,WI,Wisconsin,0,Million kilowatthours
2023,ELIMP,Electricity imported into the United States,WV,West Virginia,0,Million kilowatthours
2023,ELIMP,Electricity imported into the United States,WY,Wyoming,0,Million kilowatthours
2023,ELIMV,Electricity imports expenditures,AK,Alaska,0,Million dollars
2023,ELIMV,Electricity imports expenditures,ME,Maine,142.1,Million dollars
2023,ELEXV,Electricity exports expenditures,NY,New York,130.7,Million dollars
2023,ELEXV,Electricity exports expenditures,OH,Ohio,0,Million dollars
2023,ELEXV,Electricity exports expenditures,OK,Oklahoma,0,Million dollars
2023,ELNIP,Net imports of electricity into the United States,MT,Montana,-650,Million kilowatthours
2023,ELNIP,Net imports of electricity into the United States,NC,North Carolina,0,Million kilowatthours
2023,ELNIP,Net imports of electricity into the United States,ND,North Dakota,6,Million kilowatthours
2023,ELNIB,Net imports of electricity into the United States,NC,North Carolina,0,Billion Btu
2023,ELNIP,Net imports of electricity into the United States,TX,Texas,-652,Million kilowatthours
2023,ELNIP,Net imports of electricity into the United States,US,United States,18904,Million kilowatthours
2023,ELNIP,Net imports of electricity into the United States,UT,Utah,0,Million kilowatthours
2023,ELNIP,Net imports of electricity into the United States,NE,Nebraska,0,Million kilowatthours
2023,ELNIP,Net imports of electricity into the United States,VA,Virginia,0,Million kilowatthours
2023,ELNIP,Net imports of electricity into the United States,IL,Illinois,0,Million kilowatthours
2023,ELNIP,Net imports of electricity into the United States,IN,Indiana,0,Million kilowatthours
2023,ELNIP,Net imports of electricity into the United States,KS,Kansas,0,Million kilowatthours
2023,ELNIP,Net imports of electricity into the United States,CO,Colorado,0,Million kilowatthours
2023,ELNIP,Net imports of electricity into the United States,CT,Connecticut,0,Million kilowatthours
2023,ELNIP,Net imports of electricity into the United States,DC,District of Columbia,0,Million kilowatthours
2023,ELNIB,Net imports of electricity into the United States,IA,Iowa,0,Billion Btu
2023,ELNIB,Net imports of electricity into the United States,ID,Idaho,0,Billion Btu
2023,ELNIB,Net imports of electricity into the United States,IL,Illinois,0,Billion Btu
2023,ELNIB,Net imports of electricity into the United States,ND,North Dakota,19,Billion Btu
2023,ELNIB,Net imports of electricity into the United States,NE,Nebraska,0,Billion Btu
2023,ELNIB,Net imports of electricity into the United States,NH,New Hampshire,0,Billion Btu
2023,ELNIB,Net imports of electricity into the United States,NJ,New Jersey,0,Billion Btu
2023,ELNIP,Net imports of electricity into the United States,KY,Kentucky,0,Million kilowatthours
2023,ELNIP,Net imports of electricity into the United States,DE,Delaware,0,Million kilowatthours
2023,ELNIP,Net imports of electricity into the United States,FL,Florida,0,Million kilowatthours
2023,ELNIB,Net imports of electricity into the United States,IN,Indiana,0,Billion Btu
2023,ELNIP,Net imports of electricity into the United States,NH,New Hampshire,0,Million kilowatthours
2023,ELNIP,Net imports of electricity into the United States,NJ,New Jersey,0,Million kilowatthours
2023,ELNIP,Net imports of electricity into the United States,NM,New Mexico,0,Million kilowatthours
2023,ELNIB,Net imports of electricity into the United States,NM,New Mexico,0,Billion Btu
2023,ELNIP,Net imports of electricity into the United States,VT,Vermont,10574,Million kilowatthours
2023,ELNIP,Net imports of electricity into the United States,WA,Washington,-9483,Million kilowatthours
2023,ELNIP,Net imports of electricity into the United States,WI,Wisconsin,0,Million kilowatthours
2023,ELNIP,Net imports of electricity into the United States,NV,Nevada,0,Million kilowatthours
2023,ELNIP,Net imports of electricity into the United States,WV,West Virginia,0,Million kilowatthours
2023,ESACB,Electricity consumed by (sales to ultimate customers in) the transportation sector,CT,Connecticut,610,Billion Btu
2023,ESACB,Electricity consumed by (sales to ultimate customers in) the transportation sector,DC,District of Columbia,1028,Billion Btu
2023,ESACB,Electricity consumed by (sales to ultimate customers in) the transportation sector,DE,Delaware,0,Billion Btu
2023,ESACB,Electricity consumed by (sales to ultimate customers in) the transportation sector,NJ,New Jersey,1281,Billion Btu
2023,ESACB,Electricity consumed by (sales to ultimate customers in) the transportation sector,NM,New Mexico,0,Billion Btu
2023,ESACB,Electricity consumed by (sales to ultimate customers in) the transportation sector,NV,Nevada,25,Billion Btu
2023,ESACB,Electricity consumed by (sales to ultimate customers in) the transportation sector,FL,Florida,243,Billion Btu
2023,ESACD,Electricity price in the transportation sector,MO,Missouri,28.63,Dollars per million Btu
2023,ESACD,Electricity price in the transportation sector,MS,Mississippi,0,Dollars per million Btu
2023,ESACD,Electricity price in the transportation sector,MT,Montana,0,Dollars per million Btu
2023,ESACB,Electricity consumed by (sales to ultimate customers in) the transportation sector,RI,Rhode Island,89,Billion Btu
2023,ESACB,Electricity consumed by (sales to ultimate customers in) the transportation sector,SC,South Carolina,0,Billion Btu
2023,ELIMP,Electricity imported into the United States,IA,Iowa,0,Million kilowatthours
2023,ELIMP,Electricity imported into the United States,ID,Idaho,0,Million kilowatthours
2023,ELIMP,Electricity imported into the United States,IL,Illinois,0,Million kilowatthours
2023,ELIMP,Electricity imported into the United States,IN,Indiana,0,Million kilowatthours
2023,ELIMV,Electricity imports expenditures,SD,South Dakota,0,Million dollars
2023,ELIMV,Electricity imports expenditures,TN,Tennessee,0,Million dollars
2023,ELIMV,Electricity imports expenditures,TX,Texas,4.3,Million dollars
2023,BDTXP,Biodiesel total end-use consumption,ME,Maine,158,Thousand barrels
2023,BDTXB,Biodiesel total end-use consumption,TN,Tennessee,4954,Billion Btu
2023,ESISB,Electricity sales to the industrial sector excluding refinery use,FL,Florida,60763,Billion Btu
2023,ESICB,Electricity consumed by (sales to ultimate customers in) the industrial sector,LA,Louisiana,136051,Billion Btu
2023,ESICB,Electricity consumed by (sales to ultimate customers in) the industrial sector,MA,Massachusetts,20783,Billion Btu
2023,ESICB,Electricity consumed by (sales to ultimate customers in) the industrial sector,MD,Maryland,11790,Billion Btu
2023,ESICD,Electricity price in the industrial sector,FL,Florida,27.53,Dollars per million Btu
2023,ESICP,Electricity consumed by (sales to ultimate customers in) the industrial sector,MN,Minnesota,20561,Million kilowatthours
2023,ESICP,Electricity consumed by (sales to ultimate customers in) the industrial sector,MO,Missouri,12813,Million kilowatthours
2023,ESICP,Electricity consumed by (sales to ultimate customers in) the industrial sector,MS,Mississippi,15647,Million kilowatthours
2023,ESICB,Electricity consumed by (sales to ultimate customers in) the industrial sector,ND,North Dakota,41901,Billion Btu
2023,ESICD,Electricity price in the industrial sector,TX,Texas,19.34,Dollars per million Btu
2023,ESICD,Electricity price in the industrial sector,US,United States,23.64,Dollars per million Btu
2023,ESICD,Electricity price in the industrial sector,UT,Utah,20.48,Dollars per million Btu
2023,ESICB,Electricity consumed by (sales to ultimate customers in) the industrial sector,US,United States,3443580,Billion Btu
2023,ESICP,Electricity consumed by (sales to ultimate customers in) the industrial sector,DE,Delaware,2001,Million kilowatthours
2023,ESICP,Electricity consumed by (sales to ultimate customers in) the industrial sector,FL,Florida,17809,Million kilowatthours
2023,ESICP,Electricity consumed by (sales to ultimate customers in) the industrial sector,GA,Georgia,32068,Million kilowatthours
2023,ESICB,Electricity consumed by (sales to ultimate customers in) the industrial sector,ME,Maine,8190,Billion Btu
2023,ESICD,Electricity price in the industrial sector,NV,Nevada,30.36,Dollars per million Btu
2023,EVCHP,Total electric vehicle charging locations,VT,Vermont,398,Number
2023,EVCHP,Total electric vehicle charging locations,WA,Washington,2347,Number
2023,EVCHP,Total electric vehicle charging locations,WI,Wisconsin,607,Number
2023,EVCHP,Total electric vehicle charging locations,WV,West Virginia,155,Number
2023,EVCHP,Total electric vehicle charging locations,WY,Wyoming,106,Number
2023,EVDCN,DC fast charging ports for electric vehicles,AK,Alaska,47,Number
2023,EVDCN,DC fast charging ports for electric vehicles,AL,Alabama,378,Number
2023,FFGBP,Fossil fuel total generating units net summer capacity in all sectors,AK,Alaska,2177,Thousand kilowatts
2023,FFGBP,Fossil fuel total generating units net summer capacity in all sectors,AL,Alabama,21134,Thousand kilowatts
2023,FFGBP,Fossil fuel total generating units net summer capacity in all sectors,AR,Arkansas,10875,Thousand kilowatts
2023,FFGBP,Fossil fuel total generating units net summer capacity in all sectors,AZ,Arizona,17549,Thousand kilowatts
2023,FFGBP,Fossil fuel total generating units net summer capacity in all sectors,CA,California,36855,Thousand kilowatts
2023,FFGBP,Fossil fuel total generating units net summer capacity in all sectors,CO,Colorado,10472,Thousand kilowatts
2023,EV2CR,Level 2 charging ports per location,LA,Louisiana,2.3,Number
2023,EV2CR,Level 2 charging ports per location,MA,Massachusetts,2.43,Number
2023,EV2CR,Level 2 charging ports per location,MD,Maryland,2.85,Number
2023,EV2CR,Level 2 charging ports per location,ME,Maine,2.19,Number
2023,EV2CR,Level 2 charging ports per location,MI,Michigan,2.33,Number
2023,EV2CR,Level 2 charging ports per location,MN,Minnesota,2.27,Number
2023,EV2CR,Level 2 charging ports per location,MO,Missouri,2.57,Number
2023,EV2CR,Level 2 charging ports per location,MS,Mississippi,2.6,Number
2023,EV2CR,Level 2 charging ports per location,MT,Montana,2.29,Number
2023,EV2CR,Level 2 charging ports per location,NC,North Carolina,2.47,Number
2023,EV2CR,Level 2 charging ports per location,ND,North Dakota,1.77,Number
2023,EV2CR,Level 2 charging ports per location,NE,Nebraska,2.09,Number
2023,EV2CR,Level 2 charging ports per location,NH,New Hampshire,2.14,Number
2023,EV2CR,Level 2 charging ports per location,NJ,New Jersey,2.7,Number
2023,EV2CR,Level 2 charging ports per location,NM,New Mexico,2.16,Number
2023,EV2CR,Level 2 charging ports per location,NV,Nevada,3.23,Number
2023,EV2CR,Level 2 charging ports per location,NY,New York,3.75,Number
2023,ESTXV,Electricity total end-use expenditures,WV,West Virginia,3287.6,Million dollars
2023,ESTXV,Electricity total end-use expenditures,WY,Wyoming,1372.3,Million dollars
2023,ESVHP,Electricity consumed for electric vehicle (EV) use,AK,Alaska,7,Million kilowatthours
2023,ESVHP,Electricity consumed for electric vehicle (EV) use,AL,Alabama,29,Million kilowatthours
2023,ESVHP,Electricity consumed for electric vehicle (EV) use,AR,Arkansas,13,Million kilowatthours
2023,ESVHP,Electricity consumed for electric vehicle (EV) use,AZ,Arizona,201,Million kilowatthours
2023,ESVHP,Electricity consumed for electric vehicle (EV) use,CA,California,2578,Million kilowatthours
2023,ESVHP,Electricity consumed for electric vehicle (EV) use,CO,Colorado,215,Million kilowatthours
2023,ESVHP,Electricity consumed for electric vehicle (EV) use,CT,Connecticut,79,Million kilowatthours
2023,ESVHP,Electricity consumed for electric vehicle (EV) use,DC,District of Columbia,19,Million kilowatthours
2023,ESVHP,Electricity consumed for electric vehicle (EV) use,DE,Delaware,18,Million kilowatthours
2023,ESVHP,Electricity consumed for electric vehicle (EV) use,FL,Florida,459,Million kilowatthours
2023,ESVHP,Electricity consumed for electric vehicle (EV) use,GA,Georgia,163,Million kilowatthours
2023,ELIMV,Electricity imports expenditures,US,United States,2486.3,Million dollars
2023,ELIMV,Electricity imports expenditures,UT,Utah,0,Million dollars
2023,ELIMD,Electricity imports average price,VA,Virginia,0,Dollars per million Btu
2023,ELIMD,Electricity imports average price,VT,Vermont,18.72,Dollars per million Btu
2023,ELIMD,Electricity imports average price,WA,Washington,18.72,Dollars per million Btu
2023,ELIMD,Electricity imports average price,WI,Wisconsin,0,Dollars per million Btu
2023,ELIMD,Electricity imports average price,WV,West Virginia,0,Dollars per million Btu
2023,ELIMD,Electricity imports average price,KY,Kentucky,0,Dollars per million Btu
2023,ELIMD,Electricity imports average price,LA,Louisiana,0,Dollars per million Btu
2023,ELIMD,Electricity imports average price,MA,Massachusetts,0,Dollars per million Btu
2023,ELIMD,Electricity imports average price,MD,Maryland,0,Dollars per million Btu
2023,ELIMD,Electricity imports average price,ME,Maine,18.72,Dollars per million Btu
2023,ELIMV,Electricity imports expenditures,MT,Montana,9.6,Million dollars
2023,ELIMV,Electricity imports expenditures,NC,North Carolina,0,Million dollars
2023,ELIMV,Electricity imports expenditures,ND,North Dakota,62.1,Million dollars
2023,ELIMV,Electricity imports expenditures,NE,Nebraska,0,Million dollars
2023,ELIMV,Electricity imports expenditures,NH,New Hampshire,0,Million dollars
2023,ELIMD,Electricity imports average price,NJ,New Jersey,0,Dollars per million Btu
2023,ELIMP,Electricity imported into the United States,SD,South Dakota,0,Million kilowatthours
2023,ELIMP,Electricity imported into the United States,TN,Tennessee,0,Million kilowatthours
2023,ELIMP,Electricity imported into the United States,TX,Texas,67,Million kilowatthours
2023,ELIMP,Electricity imported into the United States,US,United States,38917,Million kilowatthours
2023,ELIMV,Electricity imports expenditures,DC,District of Columbia,0,Million dollars
2023,ELIMV,Electricity imports expenditures,DE,Delaware,0,Million dollars
2023,ELIMV,Electricity imports expenditures,FL,Florida,0,Million dollars
2023,ELIMV,Electricity imports expenditures,GA,Georgia,0,Million dollars
2023,ELIMP,Electricity imported into the United States,NV,Nevada,0,Million kilowatthours
2023,ELIMP,Electricity imported into the United States,NY,New York,7598,Million kilowatthours
2023,ELIMP,Electricity imported into the United States,OH,Ohio,0,Million kilowatthours
2023,ELEXV,Electricity exports expenditures,US,United States,1436.1,Million dollars
2023,ELEXV,Electricity exports expenditures,UT,Utah,0,Million dollars
2023,ELEXV,Electricity exports expenditures,VA,Virginia,0,Million dollars
2023,ELEXV,Electricity exports expenditures,VT,Vermont,.8,Million dollars
2023,ELEXV,Electricity exports expenditures,CA,California,86,Million dollars
2023,ELEXV,Electricity exports expenditures,CO,Colorado,0,Million dollars
2023,ELEXV,Electricity exports expenditures,CT,Connecticut,0,Million dollars
2023,ELEXV,Electricity exports expenditures,DC,District of Columbia,0,Million dollars
2023,ELEXV,Electricity exports expenditures,DE,Delaware,0,Million dollars
2023,ELIMV,Electricity imports expenditures,HI,Hawaii,0,Million dollars
2023,ELEXV,Electricity exports expenditures,MO,Missouri,0,Million dollars
2023,ELEXV,Electricity exports expenditures,MS,Mississippi,0,Million dollars
2023,ELEXV,Electricity exports expenditures,MT,Montana,57.5,Million dollars
2023,ELEXV,Electricity exports expenditures,NC,North Carolina,0,Million dollars
2023,ELEXV,Electricity exports expenditures,ND,North Dakota,69.3,Million dollars
2023,ELIMP,Electricity imported into the United States,OK,Oklahoma,0,Million kilowatthours
2023,ELEXP,Electricity exported from the United States,VT,Vermont,11,Million kilowatthours
2023,ELEXP,Electricity exported from the United States,WA,Washington,10226,Million kilowatthours
2023,ELEXP,Electricity exported from the United States,WI,Wisconsin,0,Million kilowatthours
2023,ELEXP,Electricity exported from the United States,WV,West Virginia,0,Million kilowatthours
2023,ELEXV,Electricity exports expenditures,WA,Washington,733.8,Million dollars
2023,ELIMB,Electricity imported into the United States,VA,Virginia,0,Billion Btu
2023,ELIMB,Electricity imported into the United States,VT,Vermont,36115,Billion Btu
2023,ELIMB,Electricity imported into the United States,WA,Washington,2536,Billion Btu
2023,ELIMB,Electricity imported into the United States,IA,Iowa,0,Billion Btu
2023,ELIMB,Electricity imported into the United States,ID,Idaho,0,Billion Btu
2023,ELIMB,Electricity imported into the United States,IL,Illinois,0,Billion Btu
2023,ELIMB,Electricity imported into the United States,IN,Indiana,0,Billion Btu
2023,ELIMB,Electricity imported into the United States,NE,Nebraska,0,Billion Btu
2023,ELIMB,Electricity imported into the United States,NH,New Hampshire,0,Billion Btu
2023,ELIMB,Electricity imported into the United States,NJ,New Jersey,0,Billion Btu
2023,ELIMB,Electricity imported into the United States,NM,New Mexico,0,Billion Btu
2023,ELIMB,Electricity imported into the United States,CA,California,19360,Billion Btu
2023,ELIMB,Electricity imported into the United States,CO,Colorado,0,Billion Btu
2023,ELIMB,Electricity imported into the United States,CT,Connecticut,0,Billion Btu
2023,ELIMB,Electricity imported into the United States,DC,District of Columbia,0,Billion Btu
2023,ELIMB,Electricity imported into the United States,WI,Wisconsin,0,Billion Btu
2023,ELIMP,Electricity imported into the United States,KS,Kansas,0,Million kilowatthours
2023,ELIMP,Electricity imported into the United States,KY,Kentucky,0,Million kilowatthours
2023,ELIMP,Electricity imported into the United States,LA,Louisiana,0,Million kilowatthours
2023,ELIMP,Electricity imported into the United States,MA,Massachusetts,0,Million kilowatthours
2023,ELIMB,Electricity imported into the United States,KS,Kansas,0,Billion Btu
2023,ELIMD,Electricity imports average price,NM,New Mexico,0,Dollars per million Btu
2023,ELIMD,Electricity imports average price,NV,Nevada,0,Dollars per million Btu
2023,ELIMD,Electricity imports average price,NY,New York,18.72,Dollars per million Btu
2023,ELIMD,Electricity imports average price,OH,Ohio,0,Dollars per million Btu
2023,BDTXB,Biodiesel total end-use consumption,TX,Texas,27304,Billion Btu
2023,BDTXP,Biodiesel total end-use consumption,AK,Alaska,0,Thousand barrels
2023,EV1CN,Level 1 charging ports for electric vehicles,LA,Louisiana,34,Number
2023,EV1CN,Level 1 charging ports for electric vehicles,MA,Massachusetts,89,Number
2023,EV1CN,Level 1 charging ports for electric vehicles,MD,Maryland,39,Number
2023,EV1CN,Level 1 charging ports for electric vehicles,ME,Maine,22,Number
2023,EV1CN,Level 1 charging ports for electric vehicles,MI,Michigan,13,Number
2023,EV1CN,Level 1 charging ports for electric vehicles,MN,Minnesota,73,Number
2023,EV1CN,Level 1 charging ports for electric vehicles,MO,Missouri,15,Number
2023,EV1CN,Level 1 charging ports for electric vehicles,MS,Mississippi,126,Number
2023,EV1CN,Level 1 charging ports for electric vehicles,MT,Montana,3,Number
2023,EV1CN,Level 1 charging ports for electric vehicles,NC,North Carolina,37,Number
2023,EV1CN,Level 1 charging ports for electric vehicles,ND,North Dakota,0,Number
2023,EV1CN,Level 1 charging ports for electric vehicles,NE,Nebraska,1,Number
2023,EV1CN,Level 1 charging ports for electric vehicles,NH,New Hampshire,5,Number
2023,EV1CN,Level 1 charging ports for electric vehicles,NJ,New Jersey,16,Number
2023,EV1CN,Level 1 charging ports for electric vehicles,NM,New Mexico,10,Number
2023,EV1CN,Level 1 charging ports for electric vehicles,NV,Nevada,16,Number
2023,ESTXV,Electricity total end-use expenditures,SD,South Dakota,1416.3,Million dollars
2023,ESTXV,Electricity total end-use expenditures,TN,Tennessee,10553.1,Million dollars
2023,ESTXV,Electricity total end-use expenditures,TX,Texas,48715.4,Million dollars
2023,EV2CR,Level 2 charging ports per location,OH,Ohio,2.3,Number
2023,EV2CR,Level 2 charging ports per location,OK,Oklahoma,2.59,Number
2023,EV2CR,Level 2 charging ports per location,OR,Oregon,2.45,Number
2023,EV2CR,Level 2 charging ports per location,PA,Pennsylvania,2.48,Number
2023,EV2CR,Level 2 charging ports per location,RI,Rhode Island,2.47,Number
2023,EV2CR,Level 2 charging ports per location,SC,South Carolina,2.4,Number
2023,EV2CR,Level 2 charging ports per location,SD,South Dakota,2.17,Number
2023,EV2CR,Level 2 charging ports per location,TN,Tennessee,2.4,Number
2023,ELIMD,Electricity imports average price,WY,Wyoming,0,Dollars per million Btu
2023,ELIMP,Electricity imported into the United States,AK,Alaska,0,Million kilowatthours
2023,ELIMP,Electricity imported into the United States,AL,Alabama,0,Million kilowatthours
2023,ELIMP,Electricity imported into the United States,AR,Arkansas,0,Million kilowatthours
2023,ELIMD,Electricity imports average price,MI,Michigan,18.72,Dollars per million Btu
2023,ELIMD,Electricity imports average price,MN,Minnesota,18.72,Dollars per million Btu
2023,ELIMD,Electricity imports average price,MO,Missouri,0,Dollars per million Btu
2023,ELIMD,Electricity imports average price,MS,Mississippi,0,Dollars per million Btu
2023,ELIMV,Electricity imports expenditures,NJ,New Jersey,0,Million dollars
2023,ELIMV,Electricity imports expenditures,NM,New Mexico,0,Million dollars
2023,ELIMV,Electricity imports expenditures,NV,Nevada,0,Million dollars
2023,ELIMV,Electricity imports expenditures,NY,New York,485.4,Million dollars
2023,ELIMV,Electricity imports expenditures,OH,Ohio,0,Million dollars
2023,ELIMD,Electricity imports average price,OK,Oklahoma,0,Dollars per million Btu
2023,ELIMP,Electricity imported into the United States,UT,Utah,0,Million kilowatthours
2023,ELIMP,Electricity imported into the United States,VA,Virginia,0,Million kilowatthours
2023,ELIMP,Electricity imported into the United States,VT,Vermont,10585,Million kilowatthours
2023,ELIMP,Electricity imported into the United States,WA,Washington,743,Million kilowatthours
2023,ELIMV,Electricity imports expenditures,IA,Iowa,0,Million dollars
2023,ELIMV,Electricity imports expenditures,ID,Idaho,0,Million dollars
2023,ELIMV,Electricity imports expenditures,IL,Illinois,0,Million dollars
2023,ELIMV,Electricity imports expenditures,IN,Indiana,0,Million dollars
2023,ELIMD,Electricity imports average price,MT,Montana,18.72,Dollars per million Btu
2023,ELIMP,Electricity imported into the United States,OR,Oregon,0,Million kilowatthours
2023,ELIMP,Electricity imported into the United States,PA,Pennsylvania,0,Million kilowatthours
2023,ELIMP,Electricity imported into the United States,RI,Rhode Island,0,Million kilowatthours
2023,ELIMP,Electricity imported into the United States,SC,South Carolina,0,Million kilowatthours
2023,ELEXV,Electricity exports expenditures,WI,Wisconsin,0,Million dollars
2023,ELEXV,Electricity exports expenditures,WV,West Virginia,0,Million dollars
2023,ELEXV,Electricity exports expenditures,WY,Wyoming,0,Million dollars
2023,ELGBP,Total (all fuels) electric generating units net summer capacity in all sectors,AK,Alaska,2821,Thousand kilowatts
2023,ELGBP,Total (all fuels) electric generating units net summer capacity in all sectors,AL,Alabama,31097,Thousand kilowatts
2023,ELGBP,Total (all fuels) electric generating units net summer capacity in all sectors,AR,Arkansas,15062,Thousand kilowatts
2023,ELGBP,Total (all fuels) electric generating units net summer capacity in all sectors,AZ,Arizona,29885,Thousand kilowatts
2023,ELGBP,Total (all fuels) electric generating units net summer capacity in all sectors,CA,California,90375,Thousand kilowatts
2023,ELEXV,Electricity exports expenditures,FL,Florida,0,Million dollars
2023,ELEXV,Electricity exports expenditures,GA,Georgia,0,Million dollars
2023,ELEXV,Electricity exports expenditures,HI,Hawaii,0,Million dollars
2023,ELVHS,Electric vehicle (EV) share of total light-duty vehicles,OH,Ohio,.7,Percent
2023,ELVHS,Electric vehicle (EV) share of total light-duty vehicles,OK,Oklahoma,1.3,Percent
2023,ELVHS,Electric vehicle (EV) share of total light-duty vehicles,OR,Oregon,2.5,Percent
2023,BDTXP,Biodiesel total end-use consumption,GA,Georgia,1061,Thousand barrels
2023,BDXUB,Biodiesel product supplied portion to the end-use sectors,NH,New Hampshire,319,Billion Btu
2023,BDXUB,Biodiesel product supplied portion to the end-use sectors,NJ,New Jersey,2134,Billion Btu
2023,BDXUB,Biodiesel product supplied portion to the end-use sectors,NM,New Mexico,1093,Billion Btu
2023,BDXUB,Biodiesel product supplied portion to the end-use sectors,NV,Nevada,34,Billion Btu
2023,BDXUB,Biodiesel product supplied portion to the end-use sectors,NY,New York,8460,Billion Btu
2023,BDXUB,Biodiesel product supplied portion to the end-use sectors,OH,Ohio,4244,Billion Btu
2023,BDXUB,Biodiesel product supplied portion to the end-use sectors,OK,Oklahoma,2796,Billion Btu
2023,BDXUB,Biodiesel product supplied portion to the end-use sectors,OR,Oregon,6392,Billion Btu
2023,BDXUB,Biodiesel product supplied portion to the end-use sectors,PA,Pennsylvania,4098,Billion Btu
2023,BDXUB,Biodiesel product supplied portion to the end-use sectors,RI,Rhode Island,979,Billion Btu
2023,BDXUB,Biodiesel product supplied portion to the end-use sectors,SC,South Carolina,2247,Billion Btu
2023,BDXUB,Biodiesel product supplied portion to the end-use sectors,SD,South Dakota,654,Billion Btu
2023,BDXUB,Biodiesel product supplied portion to the end-use sectors,TN,Tennessee,3117,Billion Btu
2023,BDXUB,Biodiesel product supplied portion to the end-use sectors,TX,Texas,17180,Billion Btu
2023,BTVHN,Battery electric vehicle (BEV) light-duty stocks,CO,Colorado,86.2,Thousands of registered vehicles
2023,BTVHN,Battery electric vehicle (BEV) light-duty stocks,CT,Connecticut,30.2,Thousands of registered vehicles
2023,BTVHN,Battery electric vehicle (BEV) light-duty stocks,DC,District of Columbia,7.8,Thousands of registered vehicles
2023,BTVHN,Battery electric vehicle (BEV) light-duty stocks,DE,Delaware,8,Thousands of registered vehicles
2023,BTVHN,Battery electric vehicle (BEV) light-duty stocks,KS,Kansas,10.8,Thousands of registered vehicles
2023,BTVHN,Battery electric vehicle (BEV) light-duty stocks,KY,Kentucky,11.1,Thousands of registered vehicles
2023,BTVHN,Battery electric vehicle (BEV) light-duty stocks,LA,Louisiana,7.8,Thousands of registered vehicles
2023,BTVHN,Battery electric vehicle (BEV) light-duty stocks,MA,Massachusetts,70.6,Thousands of registered vehicles
2023,BTVHN,Battery electric vehicle (BEV) light-duty stocks,MD,Maryland,69,Thousands of registered vehicles
2023,BTGBP,Battery storage units net summer capacity in all sectors,AL,Alabama,1,Thousand kilowatts
2023,CYCAS,Natural gas combined cycle generating units capacity factor,AL,Alabama,63.7,Percent
2023,CYCAS,Natural gas combined cycle generating units capacity factor,AR,Arkansas,63.5,Percent
2023,CYCAS,Natural gas combined cycle generating units capacity factor,AZ,Arizona,53.4,Percent
2023,CYCAS,Natural gas combined cycle generating units capacity factor,CA,California,45.5,Percent
2023,CYCAS,Natural gas combined cycle generating units capacity factor,CO,Colorado,49.5,Percent
2023,CYCAS,Natural gas combined cycle generating units capacity factor,CT,Connecticut,68.2,Percent
2023,CYCAS,Natural gas combined cycle generating units capacity factor,DC,District of Columbia,0,Percent
2023,CYCAS,Natural gas combined cycle generating units capacity factor,DE,Delaware,21.7,Percent
2023,CYCAS,Natural gas combined cycle generating units capacity factor,FL,Florida,59,Percent
2023,CYCAS,Natural gas combined cycle generating units capacity factor,GA,Georgia,76.2,Percent
2023,CYCAS,Natural gas combined cycle generating units capacity factor,HI,Hawaii,0,Percent
2023,CYCAS,Natural gas combined cycle generating units capacity factor,IA,Iowa,57.4,Percent
2023,CYCAS,Natural gas combined cycle generating units capacity factor,ID,Idaho,64.2,Percent
2023,CYCAS,Natural gas combined cycle generating units capacity factor,IL,Illinois,49.8,Percent
2023,CYCAS,Natural gas combined cycle generating units capacity factor,IN,Indiana,76.3,Percent
2023,CYCAS,Natural gas combined cycle generating units capacity factor,KS,Kansas,53,Percent
2023,CYCAS,Natural gas combined cycle generating units capacity factor,KY,Kentucky,74.8,Percent
2023,CYCAS,Natural gas combined cycle generating units capacity factor,LA,Louisiana,66.6,Percent
2023,CYCAS,Natural gas combined cycle generating units capacity factor,MA,Massachusetts,26.3,Percent
2023,CYCAS,Natural gas combined cycle generating units capacity factor,NV,Nevada,46.3,Percent
2023,CYCAS,Natural gas combined cycle generating units capacity factor,NY,New York,53.7,Percent
2023,CYCAS,Natural gas combined cycle generating units capacity factor,OH,Ohio,78.8,Percent
2023,CYCAS,Natural gas combined cycle generating units capacity factor,OK,Oklahoma,54.7,Percent
2023,CYCAS,Natural gas combined cycle generating units capacity factor,OR,Oregon,73.2,Percent
2023,CYCAS,Natural gas combined cycle generating units capacity factor,PA,Pennsylvania,76.9,Percent
2023,CYCAS,Natural gas combined cycle generating units capacity factor,RI,Rhode Island,61.7,Percent
2023,CYCAS,Natural gas combined cycle generating units capacity factor,SC,South Carolina,66.5,Percent
2023,CYCAS,Natural gas combined cycle generating units capacity factor,SD,South Dakota,41.1,Percent
2023,CYCAS,Natural gas combined cycle generating units capacity factor,TN,Tennessee,60.3,Percent
2023,CYCAS,Natural gas combined cycle generating units capacity factor,TX,Texas,58.5,Percent
2023,CYCAS,Natural gas combined cycle generating units capacity factor,US,United States,59.7,Percent
2023,CYCAS,Natural gas combined cycle generating units capacity factor,UT,Utah,63.4,Percent
2023,CYCAS,Natural gas combined cycle generating units capacity factor,VA,Virginia,59.7,Percent
2023,CYCAS,Natural gas combined cycle generating units capacity factor,VT,Vermont,0,Percent
2023,CYCAS,Natural gas combined cycle generating units capacity factor,WA,Washington,73.6,Percent
2023,CYCAS,Natural gas combined cycle generating units capacity factor,WI,Wisconsin,72.3,Percent
2023,BTCAS,Battery storage generating units usage factor,MS,Mississippi,0,Percent
2023,BTCAS,Battery storage generating units usage factor,MT,Montana,0,Percent
2023,BTCAS,Battery storage generating units usage factor,NC,North Carolina,.7,Percent
2023,BTCAS,Battery storage generating units usage factor,ND,North Dakota,0,Percent
2023,BTCAS,Battery storage generating units usage factor,NE,Nebraska,.7,Percent
2023,BTCAS,Battery storage generating units usage factor,NH,New Hampshire,0,Percent
2023,BTCAS,Battery storage generating units usage factor,NJ,New Jersey,15.4,Percent
2023,BTGBP,Battery storage units net summer capacity in all sectors,VA,Virginia,71,Thousand kilowatts
2023,BTGBP,Battery storage units net summer capacity in all sectors,VT,Vermont,21,Thousand kilowatts
2023,BTGBP,Battery storage units net summer capacity in all sectors,WA,Washington,6,Thousand kilowatts
2023,BTGBP,Battery storage units net summer capacity in all sectors,WI,Wisconsin,6,Thousand kilowatts
2023,BTGBP,Battery storage units net summer capacity in all sectors,WV,West Virginia,48,Thousand kilowatts
2023,BTGBP,Battery storage units net summer capacity in all sectors,WY,Wyoming,0,Thousand kilowatts
2023,BTVHN,Battery electric vehicle (BEV) light-duty stocks,AK,Alaska,2.6,Thousands of registered vehicles
2023,BTVHN,Battery electric vehicle (BEV) light-duty stocks,AL,Alabama,12.4,Thousands of registered vehicles
2023,BTVHP,Electricity consumed for battery electric vehicle (BEV) use,LA,Louisiana,12,Million kilowatthours
2023,BTVHP,Electricity consumed for battery electric vehicle (BEV) use,MA,Massachusetts,117,Million kilowatthours
2023,BTVHP,Electricity consumed for battery electric vehicle (BEV) use,MD,Maryland,105,Million kilowatthours
2023,BTVHP,Electricity consumed for battery electric vehicle (BEV) use,ME,Maine,12,Million kilowatthours
2023,BTVHP,Electricity consumed for battery electric vehicle (BEV) use,MI,Michigan,90,Million kilowatthours
2023,BTVHP,Electricity consumed for battery electric vehicle (BEV) use,MN,Minnesota,64,Million kilowatthours
2023,BTVHP,Electricity consumed for battery electric vehicle (BEV) use,MO,Missouri,44,Million kilowatthours
2023,BTVHP,Electricity consumed for battery electric vehicle (BEV) use,MS,Mississippi,5,Million kilowatthours
2023,BTVHP,Electricity consumed for battery electric vehicle (BEV) use,MT,Montana,10,Million kilowatthours
2023,BTVHP,Electricity consumed for battery electric vehicle (BEV) use,NC,North Carolina,104,Million kilowatthours
2023,BTVHP,Electricity consumed for battery electric vehicle (BEV) use,ND,North Dakota,2,Million kilowatthours
2023,BTVHP,Electricity consumed for battery electric vehicle (BEV) use,NE,Nebraska,12,Million kilowatthours
2023,BTVHP,Electricity consumed for battery electric vehicle (BEV) use,NH,New Hampshire,16,Million kilowatthours
2023,BTVHP,Electricity consumed for battery electric vehicle (BEV) use,NJ,New Jersey,200,Million kilowatthours
2023,BTVHP,Electricity consumed for battery electric vehicle (BEV) use,NM,New Mexico,17,Million kilowatthours
2023,BTVHP,Electricity consumed for battery electric vehicle (BEV) use,NV,Nevada,77,Million kilowatthours
2023,BTVHP,Electricity consumed for battery electric vehicle (BEV) use,NY,New York,205,Million kilowatthours
2023,BTVHP,Electricity consumed for battery electric vehicle (BEV) use,OH,Ohio,81,Million kilowatthours
2023,BTVHP,Electricity consumed for battery electric vehicle (BEV) use,OK,Oklahoma,38,Million kilowatthours
2023,BTVHP,Electricity consumed for battery electric vehicle (BEV) use,OR,Oregon,103,Million kilowatthours
2023,BTVHP,Electricity consumed for battery electric vehicle (BEV) use,PA,Pennsylvania,111,Million kilowatthours
2023,BTVHP,Electricity consumed for battery electric vehicle (BEV) use,RI,Rhode Island,10,Million kilowatthours
2023,BTVHP,Electricity consumed for battery electric vehicle (BEV) use,SC,South Carolina,29,Million kilowatthours
2023,BTVHP,Electricity consumed for battery electric vehicle (BEV) use,SD,South Dakota,3,Million kilowatthours
2023,BTVHP,Electricity consumed for battery electric vehicle (BEV) use,TN,Tennessee,50,Million kilowatthours
2023,BTVHP,Electricity consumed for battery electric vehicle (BEV) use,TX,Texas,326,Million kilowatthours
2023,BTVHN,Battery electric vehicle (BEV) light-duty stocks,AR,Arkansas,6.8,Thousands of registered vehicles
2023,TEICE,Total energy CO2 emissions for the industrial sector,KY,Kentucky,15,Million metric tons CO2
2023,TEEIE,Total energy CO2 emissions for the electric power sector,ND,North Dakota,26.1,Million metric tons CO2
2023,CLEIE,Coal CO2 emissions for the electric power sector,KY,Kentucky,44.5,Million metric tons CO2
2023,PMEIE,"Total petroleum, excluding biofuels, CO2 emissions for the electric power sector",KS,Kansas,.1,Million metric tons CO2
2023,CDEGR,Carbon intensity of the economy (CO2 emissions divided by real GDP),FL,Florida,177.5,Metric tons CO2 per million chained (2017) dollars
2023,FFTCE,Fossil fuel CO2 emissions for all sectors,UT,Utah,55,Million metric tons CO2
2023,CLTCE,Coal CO2 emissions for all sectors,WI,Wisconsin,21.1,Million metric tons CO2  
2023,FFACE,Fossil fuel CO2 emissions for the transportation sector,NH,New Hampshire,6.9,Million metric tons CO2
2023,FFICE,Fossil fuel CO2 emissions for the industrial sector,NJ,New Jersey,9.3,Million metric tons CO2
2023,CLACE,Coal CO2 emissions for the transportation sector (through 1977),TN,Tennessee,0,Million metric tons CO2
2023,TETCE,Total energy CO2 emissions for all sectors,DC,District of Columbia,2.5,Million metric tons CO2
2023,CDTPR,Per capita energy-related CO2 emissions,OK,Oklahoma,21.4,Metric tons CO2
2023,PMEIE,"Total petroleum, excluding biofuels, CO2 emissions for the electric power sector",AZ,Arizona,0,Million metric tons CO2
2023,TEEIE,Total energy CO2 emissions for the electric power sector,MD,Maryland,8.3,Million metric tons CO2
2023,CLCCE,Coal CO2 emissions for the commercial sector,FL,Florida,0,Million metric tons CO2
2023,NNCCE,"Natural gas, excluding supplemental gaseous fuels, CO2 emissions for the commercial sector",MN,Minnesota,6,Million metric tons CO2
2023,CLCCE,Coal CO2 emissions for the commercial sector,OK,Oklahoma,0,Million metric tons CO2
2023,PMTCE,"Total petroleum, excluding biofuels, CO2 emissions for all sectors",AL,Alabama,39,Million metric tons CO2  
2023,TEACE,Total energy CO2 emissions for the transportation sector,AZ,Arizona,37.7,Million metric tons CO2
2023,CLACE,Coal CO2 emissions for the transportation sector (through 1977),DC,District of Columbia,0,Million metric tons CO2
2023,NNRCE,"Natural gas, excluding supplemental gaseous fuels, CO2 emissions for the residential sector",AZ,Arizona,2.5,Million metric tons CO2
2023,NNACE,"Natural gas, excluding supplemental gaseous fuels, CO2 emissions for the transportation sector",MA,Massachusetts,.4,Million metric tons CO2
2023,NNEIE,"Natural gas, excluding supplemental gaseous fuels, CO2 emissions for the electric power sector",NC,North Carolina,21.9,Million metric tons CO2
2023,FFEIE,Fossil fuel CO2 emissions for the electric power sector,NH,New Hampshire,1.9,Million metric tons CO2
2023,PMCCE,"Total petroleum, excluding biofuels, CO2 emissions for the commercial sector",WV,West Virginia,.4,Million metric tons CO2
2023,NNCCE,"Natural gas, excluding supplemental gaseous fuels, CO2 emissions for the commercial sector",SD,South Dakota,.7,Million metric tons CO2
2023,PMEIE,"Total petroleum, excluding biofuels, CO2 emissions for the electric power sector",IN,Indiana,.1,Million metric tons CO2
2023,TEICE,Total energy CO2 emissions for the industrial sector,DC,District of Columbia,0,Million metric tons CO2
2023,TEACE,Total energy CO2 emissions for the transportation sector,GA,Georgia,62.4,Million metric tons CO2
2023,CDEGR,Carbon intensity of the economy (CO2 emissions divided by real GDP),NY,New York,92,Metric tons CO2 per million chained (2017) dollars
2023,CDTPR,Per capita energy-related CO2 emissions,IN,Indiana,22.4,Metric tons CO2
2023,CLACE,Coal CO2 emissions for the transportation sector (through 1977),US,United States,0,Million metric tons CO2
2023,CDTPR,Per capita energy-related CO2 emissions,SC,South Carolina,12.8,Metric tons CO2
2023,FFACE,Fossil fuel CO2 emissions for the transportation sector,CT,Connecticut,14.4,Million metric tons CO2
2023,FFICE,Fossil fuel CO2 emissions for the industrial sector,CO,Colorado,11.8,Million metric tons CO2
2023,FFACE,Fossil fuel CO2 emissions for the transportation sector,MN,Minnesota,29.4,Million metric tons CO2
2023,CLEIE,Coal CO2 emissions for the electric power sector,NJ,New Jersey,0,Million metric tons CO2
2023,CLEIE,Coal CO2 emissions for the electric power sector,ME,Maine,.1,Million metric tons CO2
2023,TEACE,Total energy CO2 emissions for the transportation sector,TN,Tennessee,45,Million metric tons CO2
2023,PMCCE,"Total petroleum, excluding biofuels, CO2 emissions for the commercial sector",NM,New Mexico,.4,Million metric tons CO2
2023,PMEIE,"Total petroleum, excluding biofuels, CO2 emissions for the electric power sector",AR,Arkansas,0,Million metric tons CO2
2023,FFCCE,Fossil fuel CO2 emissions for the commercial sector,WA,Washington,4.8,Million metric tons CO2
2023,TEEIE,Total energy CO2 emissions for the electric power sector,KY,Kentucky,50.7,Million metric tons CO2
2023,CDEGR,Carbon intensity of the economy (CO2 emissions divided by real GDP),MI,Michigan,254.6,Metric tons CO2 per million chained (2017) dollars
2023,FFICE,Fossil fuel CO2 emissions for the industrial sector,LA,Louisiana,106.8,Million metric tons CO2
2023,EMLCB,Energy losses and co-products from the production of fuel ethanol,MN,Minnesota,70680,Billion Btu
2023,EMLCB,Energy losses and co-products from the production of fuel ethanol,MO,Missouri,14808,Billion Btu
2023,EMLCB,Energy losses and co-products from the production of fuel ethanol,MT,Montana,0,Billion Btu
2023,BFTCB,Biofuels total consumption,CT,Connecticut,17723,Billion Btu
2023,BFLCB,Energy losses and co-products from the production of biofuels,IA,Iowa,219987,Billion Btu
2023,BFLCB,Energy losses and co-products from the production of biofuels,DC,District of Columbia,0,Billion Btu
2023,BFLCB,Energy losses and co-products from the production of biofuels,DE,Delaware,0,Billion Btu
2023,BFTCB,Biofuels total consumption,DE,Delaware,4726,Billion Btu
2023,BFTCB,Biofuels total consumption,FL,Florida,86664,Billion Btu
2023,BFTCB,Biofuels total consumption,IL,Illinois,134432,Billion Btu
2023,BFTCB,Biofuels total consumption,IN,Indiana,97228,Billion Btu
2023,BFLCB,Energy losses and co-products from the production of biofuels,SC,South Carolina,0,Billion Btu
2023,BFLCB,Energy losses and co-products from the production of biofuels,NJ,New Jersey,0,Billion Btu
2023,BFTCB,Biofuels total consumption,CA,California,498024,Billion Btu
2023,BFLCB,Energy losses and co-products from the production of biofuels,VA,Virginia,2,Billion Btu
2023,BFLCB,Energy losses and co-products from the production of biofuels,VT,Vermont,0,Billion Btu
2023,BFLCB,Energy losses and co-products from the production of biofuels,HI,Hawaii,11,Billion Btu
2023,BFTCB,Biofuels total consumption,OR,Oregon,46801,Billion Btu
2023,BFTCB,Biofuels total consumption,MA,Massachusetts,23869,Billion Btu
2023,BFTCB,Biofuels total consumption,WA,Washington,35596,Billion Btu
2023,BFTCB,Biofuels total consumption,MD,Maryland,23633,Billion Btu
2023,BFTCB,Biofuels total consumption,MN,Minnesota,112042,Billion Btu
2023,BFTCB,Biofuels total consumption,KS,Kansas,40586,Billion Btu
2023,BFTCB,Biofuels total consumption,WI,Wisconsin,56104,Billion Btu
2023,BFTCB,Biofuels total consumption,PA,Pennsylvania,50156,Billion Btu
2023,BFTCB,Biofuels total consumption,RI,Rhode Island,4716,Billion Btu
2023,BFTCB,Biofuels total consumption,KY,Kentucky,24384,Billion Btu
2023,BFTCB,Biofuels total consumption,LA,Louisiana,23033,Billion Btu
2023,BFTCB,Biofuels total consumption,ME,Maine,6728,Billion Btu
2023,BFTCB,Biofuels total consumption,MI,Michigan,57667,Billion Btu
2023,BFTCB,Biofuels total consumption,WV,West Virginia,8813,Billion Btu
2023,BFTCB,Biofuels total consumption,WY,Wyoming,2765,Billion Btu
2023,BFTCB,Biofuels total consumption,OK,Oklahoma,19904,Billion Btu
2023,EMACB,"Fuel ethanol, excluding denaturant, consumed by the transportation sector   ",IN,Indiana,24643,Billion Btu
2023,EMACB,"Fuel ethanol, excluding denaturant, consumed by the transportation sector   ",KS,Kansas,9871,Billion Btu
2023,EMTCB,"Fuel ethanol, excluding denaturant, total consumption",AL,Alabama,26583,Billion Btu
2023,ENACP,"Fuel ethanol, including denaturant, consumed by the transportation sector",HI,Hawaii,1001,Thousand barrels
2023,EMACB,"Fuel ethanol, excluding denaturant, consumed by the transportation sector   ",MA,Massachusetts,21124,Billion Btu
2023,EMTCB,"Fuel ethanol, excluding denaturant, total consumption",NY,New York,45129,Billion Btu
2023,EMTCB,"Fuel ethanol, excluding denaturant, total consumption",OH,Ohio,39677,Billion Btu
2023,EMLCB,Energy losses and co-products from the production of fuel ethanol,RI,Rhode Island,0,Billion Btu
2023,EMTCB,"Fuel ethanol, excluding denaturant, total consumption",WI,Wisconsin,22990,Billion Btu
2023,EMACB,"Fuel ethanol, excluding denaturant, consumed by the transportation sector   ",MD,Maryland,20746,Billion Btu
2023,EMTCB,"Fuel ethanol, excluding denaturant, total consumption",KS,Kansas,10384,Billion Btu
2023,EMTCB,"Fuel ethanol, excluding denaturant, total consumption",KY,Kentucky,18526,Billion Btu
2023,EMTCB,"Fuel ethanol, excluding denaturant, total consumption",LA,Louisiana,18230,Billion Btu
2023,EMTCB,"Fuel ethanol, excluding denaturant, total consumption",MA,Massachusetts,21996,Billion Btu
2023,EMTCB,"Fuel ethanol, excluding denaturant, total consumption",AR,Arkansas,12885,Billion Btu
2023,EMTCB,"Fuel ethanol, excluding denaturant, total consumption",AZ,Arizona,26405,Billion Btu
2023,ENICP,"Fuel ethanol, including denaturant, consumed by the industrial sector",RI,Rhode Island,14,Thousand barrels
2023,EMTCB,"Fuel ethanol, excluding denaturant, total consumption",NM,New Mexico,8502,Billion Btu
2023,EMTCB,"Fuel ethanol, excluding denaturant, total consumption",NV,Nevada,10326,Billion Btu
2023,EMACB,"Fuel ethanol, excluding denaturant, consumed by the transportation sector   ",AL,Alabama,25872,Billion Btu
2023,EMACB,"Fuel ethanol, excluding denaturant, consumed by the transportation sector   ",AZ,Arizona,24943,Billion Btu
2023,EMACB,"Fuel ethanol, excluding denaturant, consumed by the transportation sector   ",CA,California,110609,Billion Btu
2023,EMACB,"Fuel ethanol, excluding denaturant, consumed by the transportation sector   ",FL,Florida,74325,Billion Btu
2023,EMACB,"Fuel ethanol, excluding denaturant, consumed by the transportation sector   ",GA,Georgia,40631,Billion Btu
2023,EMACB,"Fuel ethanol, excluding denaturant, consumed by the transportation sector   ",HI,Hawaii,3483,Billion Btu
2023,EMACB,"Fuel ethanol, excluding denaturant, consumed by the transportation sector   ",IA,Iowa,14181,Billion Btu
2023,EMACB,"Fuel ethanol, excluding denaturant, consumed by the transportation sector   ",AR,Arkansas,12407,Billion Btu
2023,EMACB,"Fuel ethanol, excluding denaturant, consumed by the transportation sector   ",CO,Colorado,17101,Billion Btu
2023,EMACB,"Fuel ethanol, excluding denaturant, consumed by the transportation sector   ",CT,Connecticut,11975,Billion Btu
2023,EMACB,"Fuel ethanol, excluding denaturant, consumed by the transportation sector   ",DC,District of Columbia,854,Billion Btu
2023,EMACB,"Fuel ethanol, excluding denaturant, consumed by the transportation sector   ",DE,Delaware,4270,Billion Btu
2023,EMACB,"Fuel ethanol, excluding denaturant, consumed by the transportation sector   ",KY,Kentucky,18029,Billion Btu
2023,EMACB,"Fuel ethanol, excluding denaturant, consumed by the transportation sector   ",LA,Louisiana,17635,Billion Btu
2023,BFTCB,Biofuels total consumption,ND,North Dakota,33824,Billion Btu
2023,BFTCB,Biofuels total consumption,NE,Nebraska,113983,Billion Btu
2023,EMACB,"Fuel ethanol, excluding denaturant, consumed by the transportation sector   ",IL,Illinois,34299,Billion Btu
2023,EMACB,"Fuel ethanol, excluding denaturant, consumed by the transportation sector   ",AK,Alaska,0,Billion Btu
2023,EMTCB,"Fuel ethanol, excluding denaturant, total consumption",WV,West Virginia,6833,Billion Btu
2023,EMTCB,"Fuel ethanol, excluding denaturant, total consumption",WY,Wyoming,2431,Billion Btu
2023,BFTCB,Biofuels total consumption,TX,Texas,175381,Billion Btu
2023,BFTCB,Biofuels total consumption,NH,New Hampshire,6520,Billion Btu
